<?xml version="1.0" encoding="UTF-8"?>
<gpx version="1.1" creator="HPGT flysteder" xmlns="http://www.topografix.com/GPX/1/1">
 <trk>
  <name>Lundenesgalten – parkering til start</name>
  <trkseg>
   <trkpt lat="68.880912" lon="16.551769"><ele>46.2</ele></trkpt>
   <trkpt lat="68.880894" lon="16.551765"><ele>46.4</ele></trkpt>
   <trkpt lat="68.880878" lon="16.551770"><ele>46.2</ele></trkpt>
   <trkpt lat="68.880875" lon="16.551783"><ele>46.2</ele></trkpt>
   <trkpt lat="68.880876" lon="16.551778"><ele>46.2</ele></trkpt>
   <trkpt lat="68.880873" lon="16.551760"><ele>46.2</ele></trkpt>
   <trkpt lat="68.880869" lon="16.551757"><ele>46.4</ele></trkpt>
   <trkpt lat="68.880871" lon="16.551761"><ele>46.6</ele></trkpt>
   <trkpt lat="68.880868" lon="16.551763"><ele>46.6</ele></trkpt>
   <trkpt lat="68.880865" lon="16.551766"><ele>46.4</ele></trkpt>
   <trkpt lat="68.880865" lon="16.551762"><ele>46.4</ele></trkpt>
   <trkpt lat="68.880865" lon="16.551762"><ele>46.2</ele></trkpt>
   <trkpt lat="68.880865" lon="16.551762"><ele>46.2</ele></trkpt>
   <trkpt lat="68.880865" lon="16.551762"><ele>46.2</ele></trkpt>
   <trkpt lat="68.880865" lon="16.551762"><ele>46.2</ele></trkpt>
   <trkpt lat="68.880864" lon="16.551761"><ele>46.2</ele></trkpt>
   <trkpt lat="68.880859" lon="16.551758"><ele>46.2</ele></trkpt>
   <trkpt lat="68.880859" lon="16.551724"><ele>46.6</ele></trkpt>
   <trkpt lat="68.880859" lon="16.551702"><ele>46.2</ele></trkpt>
   <trkpt lat="68.880858" lon="16.551696"><ele>46.4</ele></trkpt>
   <trkpt lat="68.880856" lon="16.551692"><ele>46.2</ele></trkpt>
   <trkpt lat="68.880856" lon="16.551690"><ele>46.2</ele></trkpt>
   <trkpt lat="68.880856" lon="16.551690"><ele>46.2</ele></trkpt>
   <trkpt lat="68.880854" lon="16.551690"><ele>46.2</ele></trkpt>
   <trkpt lat="68.880851" lon="16.551690"><ele>46.2</ele></trkpt>
   <trkpt lat="68.880845" lon="16.551690"><ele>46.2</ele></trkpt>
   <trkpt lat="68.880839" lon="16.551690"><ele>46.2</ele></trkpt>
   <trkpt lat="68.880834" lon="16.551688"><ele>46.2</ele></trkpt>
   <trkpt lat="68.880792" lon="16.551599"><ele>46.2</ele></trkpt>
   <trkpt lat="68.880750" lon="16.551447"><ele>46.0</ele></trkpt>
   <trkpt lat="68.880742" lon="16.551379"><ele>45.6</ele></trkpt>
   <trkpt lat="68.880728" lon="16.551194"><ele>45.2</ele></trkpt>
   <trkpt lat="68.880722" lon="16.551140"><ele>45.2</ele></trkpt>
   <trkpt lat="68.880726" lon="16.551045"><ele>45.0</ele></trkpt>
   <trkpt lat="68.880727" lon="16.550981"><ele>45.0</ele></trkpt>
   <trkpt lat="68.880721" lon="16.550881"><ele>44.8</ele></trkpt>
   <trkpt lat="68.880713" lon="16.550798"><ele>44.4</ele></trkpt>
   <trkpt lat="68.880705" lon="16.550742"><ele>44.2</ele></trkpt>
   <trkpt lat="68.880702" lon="16.550677"><ele>44.0</ele></trkpt>
   <trkpt lat="68.880682" lon="16.550480"><ele>43.8</ele></trkpt>
   <trkpt lat="68.880667" lon="16.550430"><ele>43.8</ele></trkpt>
   <trkpt lat="68.880629" lon="16.550302"><ele>43.4</ele></trkpt>
   <trkpt lat="68.880597" lon="16.550173"><ele>43.0</ele></trkpt>
   <trkpt lat="68.880599" lon="16.550110"><ele>43.8</ele></trkpt>
   <trkpt lat="68.880605" lon="16.550081"><ele>43.6</ele></trkpt>
   <trkpt lat="68.880635" lon="16.549978"><ele>43.2</ele></trkpt>
   <trkpt lat="68.880667" lon="16.549944"><ele>43.0</ele></trkpt>
   <trkpt lat="68.880732" lon="16.549919"><ele>42.4</ele></trkpt>
   <trkpt lat="68.880803" lon="16.549875"><ele>42.0</ele></trkpt>
   <trkpt lat="68.880879" lon="16.549851"><ele>41.6</ele></trkpt>
   <trkpt lat="68.880905" lon="16.549860"><ele>41.4</ele></trkpt>
   <trkpt lat="68.880963" lon="16.549858"><ele>41.4</ele></trkpt>
   <trkpt lat="68.881037" lon="16.549839"><ele>41.6</ele></trkpt>
   <trkpt lat="68.881110" lon="16.549868"><ele>41.8</ele></trkpt>
   <trkpt lat="68.881133" lon="16.549873"><ele>42.0</ele></trkpt>
   <trkpt lat="68.881204" lon="16.549882"><ele>42.4</ele></trkpt>
   <trkpt lat="68.881236" lon="16.549915"><ele>43.2</ele></trkpt>
   <trkpt lat="68.881236" lon="16.549914"><ele>43.2</ele></trkpt>
   <trkpt lat="68.881254" lon="16.549919"><ele>43.6</ele></trkpt>
   <trkpt lat="68.881293" lon="16.549942"><ele>43.6</ele></trkpt>
   <trkpt lat="68.881353" lon="16.549953"><ele>44.0</ele></trkpt>
   <trkpt lat="68.881417" lon="16.549976"><ele>44.2</ele></trkpt>
   <trkpt lat="68.881488" lon="16.549989"><ele>44.8</ele></trkpt>
   <trkpt lat="68.881534" lon="16.550005"><ele>45.2</ele></trkpt>
   <trkpt lat="68.881557" lon="16.550011"><ele>45.4</ele></trkpt>
   <trkpt lat="68.881610" lon="16.550029"><ele>46.4</ele></trkpt>
   <trkpt lat="68.881668" lon="16.550027"><ele>47.0</ele></trkpt>
   <trkpt lat="68.881701" lon="16.550020"><ele>47.4</ele></trkpt>
   <trkpt lat="68.881729" lon="16.550020"><ele>48.2</ele></trkpt>
   <trkpt lat="68.881739" lon="16.550021"><ele>48.4</ele></trkpt>
   <trkpt lat="68.881753" lon="16.550007"><ele>48.6</ele></trkpt>
   <trkpt lat="68.881756" lon="16.550008"><ele>48.6</ele></trkpt>
   <trkpt lat="68.881772" lon="16.550019"><ele>48.6</ele></trkpt>
   <trkpt lat="68.881781" lon="16.550023"><ele>48.4</ele></trkpt>
   <trkpt lat="68.881833" lon="16.550038"><ele>48.6</ele></trkpt>
   <trkpt lat="68.881878" lon="16.550041"><ele>48.8</ele></trkpt>
   <trkpt lat="68.881929" lon="16.550074"><ele>49.4</ele></trkpt>
   <trkpt lat="68.882002" lon="16.550109"><ele>50.0</ele></trkpt>
   <trkpt lat="68.882041" lon="16.550115"><ele>50.4</ele></trkpt>
   <trkpt lat="68.882115" lon="16.550139"><ele>51.0</ele></trkpt>
   <trkpt lat="68.882167" lon="16.550162"><ele>51.4</ele></trkpt>
   <trkpt lat="68.882178" lon="16.550172"><ele>51.4</ele></trkpt>
   <trkpt lat="68.882199" lon="16.550193"><ele>51.6</ele></trkpt>
   <trkpt lat="68.882272" lon="16.550215"><ele>52.2</ele></trkpt>
   <trkpt lat="68.882293" lon="16.550241"><ele>52.4</ele></trkpt>
   <trkpt lat="68.882305" lon="16.550250"><ele>52.6</ele></trkpt>
   <trkpt lat="68.882374" lon="16.550323"><ele>53.2</ele></trkpt>
   <trkpt lat="68.882411" lon="16.550356"><ele>53.6</ele></trkpt>
   <trkpt lat="68.882442" lon="16.550383"><ele>54.0</ele></trkpt>
   <trkpt lat="68.882483" lon="16.550432"><ele>54.6</ele></trkpt>
   <trkpt lat="68.882544" lon="16.550515"><ele>55.2</ele></trkpt>
   <trkpt lat="68.882575" lon="16.550568"><ele>55.6</ele></trkpt>
   <trkpt lat="68.882633" lon="16.550681"><ele>56.4</ele></trkpt>
   <trkpt lat="68.882652" lon="16.550726"><ele>56.6</ele></trkpt>
   <trkpt lat="68.882672" lon="16.550765"><ele>56.8</ele></trkpt>
   <trkpt lat="68.882735" lon="16.550893"><ele>57.4</ele></trkpt>
   <trkpt lat="68.882773" lon="16.550978"><ele>57.8</ele></trkpt>
   <trkpt lat="68.882783" lon="16.550998"><ele>57.8</ele></trkpt>
   <trkpt lat="68.882827" lon="16.551084"><ele>58.2</ele></trkpt>
   <trkpt lat="68.882877" lon="16.551196"><ele>58.6</ele></trkpt>
   <trkpt lat="68.882907" lon="16.551263"><ele>58.8</ele></trkpt>
   <trkpt lat="68.882936" lon="16.551332"><ele>59.0</ele></trkpt>
   <trkpt lat="68.882974" lon="16.551413"><ele>59.4</ele></trkpt>
   <trkpt lat="68.883011" lon="16.551496"><ele>59.6</ele></trkpt>
   <trkpt lat="68.883032" lon="16.551542"><ele>59.8</ele></trkpt>
   <trkpt lat="68.883052" lon="16.551587"><ele>60.0</ele></trkpt>
   <trkpt lat="68.883109" lon="16.551698"><ele>60.6</ele></trkpt>
   <trkpt lat="68.883152" lon="16.551786"><ele>60.8</ele></trkpt>
   <trkpt lat="68.883180" lon="16.551846"><ele>61.2</ele></trkpt>
   <trkpt lat="68.883236" lon="16.551960"><ele>61.6</ele></trkpt>
   <trkpt lat="68.883268" lon="16.552006"><ele>61.8</ele></trkpt>
   <trkpt lat="68.883275" lon="16.552021"><ele>62.0</ele></trkpt>
   <trkpt lat="68.883323" lon="16.552143"><ele>62.4</ele></trkpt>
   <trkpt lat="68.883376" lon="16.552235"><ele>62.8</ele></trkpt>
   <trkpt lat="68.883406" lon="16.552295"><ele>63.0</ele></trkpt>
   <trkpt lat="68.883466" lon="16.552440"><ele>63.4</ele></trkpt>
   <trkpt lat="68.883501" lon="16.552513"><ele>63.6</ele></trkpt>
   <trkpt lat="68.883555" lon="16.552648"><ele>63.8</ele></trkpt>
   <trkpt lat="68.883564" lon="16.552671"><ele>64.0</ele></trkpt>
   <trkpt lat="68.883584" lon="16.552720"><ele>64.2</ele></trkpt>
   <trkpt lat="68.883606" lon="16.552764"><ele>64.2</ele></trkpt>
   <trkpt lat="68.883606" lon="16.552764"><ele>64.2</ele></trkpt>
   <trkpt lat="68.883673" lon="16.552925"><ele>64.6</ele></trkpt>
   <trkpt lat="68.883692" lon="16.552983"><ele>64.8</ele></trkpt>
   <trkpt lat="68.883694" lon="16.552986"><ele>65.2</ele></trkpt>
   <trkpt lat="68.883738" lon="16.553097"><ele>65.4</ele></trkpt>
   <trkpt lat="68.883746" lon="16.553112"><ele>65.4</ele></trkpt>
   <trkpt lat="68.883771" lon="16.553177"><ele>65.6</ele></trkpt>
   <trkpt lat="68.883827" lon="16.553291"><ele>66.0</ele></trkpt>
   <trkpt lat="68.883836" lon="16.553313"><ele>66.2</ele></trkpt>
   <trkpt lat="68.883845" lon="16.553336"><ele>66.2</ele></trkpt>
   <trkpt lat="68.883905" lon="16.553467"><ele>66.6</ele></trkpt>
   <trkpt lat="68.883940" lon="16.553548"><ele>67.0</ele></trkpt>
   <trkpt lat="68.883976" lon="16.553626"><ele>67.2</ele></trkpt>
   <trkpt lat="68.884027" lon="16.553752"><ele>67.8</ele></trkpt>
   <trkpt lat="68.884061" lon="16.553843"><ele>68.0</ele></trkpt>
   <trkpt lat="68.884090" lon="16.553904"><ele>68.2</ele></trkpt>
   <trkpt lat="68.884145" lon="16.554030"><ele>68.8</ele></trkpt>
   <trkpt lat="68.884192" lon="16.554165"><ele>69.2</ele></trkpt>
   <trkpt lat="68.884198" lon="16.554175"><ele>69.2</ele></trkpt>
   <trkpt lat="68.884206" lon="16.554180"><ele>69.2</ele></trkpt>
   <trkpt lat="68.884261" lon="16.554281"><ele>69.6</ele></trkpt>
   <trkpt lat="68.884319" lon="16.554416"><ele>69.8</ele></trkpt>
   <trkpt lat="68.884371" lon="16.554531"><ele>70.4</ele></trkpt>
   <trkpt lat="68.884409" lon="16.554621"><ele>70.6</ele></trkpt>
   <trkpt lat="68.884467" lon="16.554763"><ele>71.0</ele></trkpt>
   <trkpt lat="68.884485" lon="16.554809"><ele>71.0</ele></trkpt>
   <trkpt lat="68.884513" lon="16.554864"><ele>71.4</ele></trkpt>
   <trkpt lat="68.884573" lon="16.554995"><ele>71.8</ele></trkpt>
   <trkpt lat="68.884638" lon="16.555150"><ele>72.4</ele></trkpt>
   <trkpt lat="68.884655" lon="16.555200"><ele>72.4</ele></trkpt>
   <trkpt lat="68.884712" lon="16.555323"><ele>73.2</ele></trkpt>
   <trkpt lat="68.884733" lon="16.555367"><ele>73.4</ele></trkpt>
   <trkpt lat="68.884753" lon="16.555415"><ele>73.8</ele></trkpt>
   <trkpt lat="68.884811" lon="16.555528"><ele>74.6</ele></trkpt>
   <trkpt lat="68.884859" lon="16.555641"><ele>75.4</ele></trkpt>
   <trkpt lat="68.884878" lon="16.555686"><ele>75.6</ele></trkpt>
   <trkpt lat="68.884938" lon="16.555814"><ele>76.4</ele></trkpt>
   <trkpt lat="68.884955" lon="16.555849"><ele>76.8</ele></trkpt>
   <trkpt lat="68.885007" lon="16.555967"><ele>77.4</ele></trkpt>
   <trkpt lat="68.885037" lon="16.556026"><ele>77.8</ele></trkpt>
   <trkpt lat="68.885073" lon="16.556115"><ele>78.0</ele></trkpt>
   <trkpt lat="68.885130" lon="16.556251"><ele>78.8</ele></trkpt>
   <trkpt lat="68.885168" lon="16.556341"><ele>79.4</ele></trkpt>
   <trkpt lat="68.885214" lon="16.556463"><ele>79.8</ele></trkpt>
   <trkpt lat="68.885266" lon="16.556575"><ele>80.8</ele></trkpt>
   <trkpt lat="68.885275" lon="16.556592"><ele>81.0</ele></trkpt>
   <trkpt lat="68.885325" lon="16.556695"><ele>81.6</ele></trkpt>
   <trkpt lat="68.885351" lon="16.556748"><ele>82.0</ele></trkpt>
   <trkpt lat="68.885400" lon="16.556859"><ele>82.6</ele></trkpt>
   <trkpt lat="68.885437" lon="16.556936"><ele>83.0</ele></trkpt>
   <trkpt lat="68.885490" lon="16.557072"><ele>83.6</ele></trkpt>
   <trkpt lat="68.885523" lon="16.557154"><ele>84.0</ele></trkpt>
   <trkpt lat="68.885584" lon="16.557267"><ele>84.8</ele></trkpt>
   <trkpt lat="68.885605" lon="16.557296"><ele>85.2</ele></trkpt>
   <trkpt lat="68.885628" lon="16.557327"><ele>85.4</ele></trkpt>
   <trkpt lat="68.885686" lon="16.557378"><ele>86.2</ele></trkpt>
   <trkpt lat="68.885746" lon="16.557390"><ele>87.0</ele></trkpt>
   <trkpt lat="68.885757" lon="16.557394"><ele>87.2</ele></trkpt>
   <trkpt lat="68.885821" lon="16.557401"><ele>88.2</ele></trkpt>
   <trkpt lat="68.885832" lon="16.557408"><ele>88.4</ele></trkpt>
   <trkpt lat="68.885853" lon="16.557418"><ele>88.6</ele></trkpt>
   <trkpt lat="68.885904" lon="16.557411"><ele>89.4</ele></trkpt>
   <trkpt lat="68.885974" lon="16.557414"><ele>90.4</ele></trkpt>
   <trkpt lat="68.885984" lon="16.557411"><ele>90.6</ele></trkpt>
   <trkpt lat="68.886060" lon="16.557391"><ele>91.6</ele></trkpt>
   <trkpt lat="68.886096" lon="16.557397"><ele>91.8</ele></trkpt>
   <trkpt lat="68.886118" lon="16.557374"><ele>92.4</ele></trkpt>
   <trkpt lat="68.886118" lon="16.557377"><ele>92.6</ele></trkpt>
   <trkpt lat="68.886125" lon="16.557369"><ele>92.6</ele></trkpt>
   <trkpt lat="68.886122" lon="16.557375"><ele>92.6</ele></trkpt>
   <trkpt lat="68.886122" lon="16.557370"><ele>92.6</ele></trkpt>
   <trkpt lat="68.886116" lon="16.557319"><ele>92.6</ele></trkpt>
   <trkpt lat="68.886116" lon="16.557319"><ele>92.6</ele></trkpt>
   <trkpt lat="68.886120" lon="16.557319"><ele>92.2</ele></trkpt>
   <trkpt lat="68.886120" lon="16.557319"><ele>91.6</ele></trkpt>
   <trkpt lat="68.886121" lon="16.557326"><ele>91.4</ele></trkpt>
   <trkpt lat="68.886122" lon="16.557327"><ele>91.6</ele></trkpt>
   <trkpt lat="68.886133" lon="16.557344"><ele>91.4</ele></trkpt>
   <trkpt lat="68.886141" lon="16.557354"><ele>91.4</ele></trkpt>
   <trkpt lat="68.886143" lon="16.557362"><ele>91.4</ele></trkpt>
   <trkpt lat="68.886144" lon="16.557386"><ele>91.4</ele></trkpt>
   <trkpt lat="68.886143" lon="16.557394"><ele>91.6</ele></trkpt>
   <trkpt lat="68.886140" lon="16.557412"><ele>91.8</ele></trkpt>
   <trkpt lat="68.886135" lon="16.557412"><ele>92.2</ele></trkpt>
   <trkpt lat="68.886132" lon="16.557399"><ele>92.4</ele></trkpt>
   <trkpt lat="68.886143" lon="16.557416"><ele>92.4</ele></trkpt>
   <trkpt lat="68.886152" lon="16.557423"><ele>92.4</ele></trkpt>
   <trkpt lat="68.886168" lon="16.557427"><ele>92.6</ele></trkpt>
   <trkpt lat="68.886210" lon="16.557442"><ele>92.8</ele></trkpt>
   <trkpt lat="68.886234" lon="16.557445"><ele>93.0</ele></trkpt>
   <trkpt lat="68.886305" lon="16.557461"><ele>93.6</ele></trkpt>
   <trkpt lat="68.886315" lon="16.557465"><ele>93.6</ele></trkpt>
   <trkpt lat="68.886378" lon="16.557524"><ele>94.0</ele></trkpt>
   <trkpt lat="68.886437" lon="16.557635"><ele>93.8</ele></trkpt>
   <trkpt lat="68.886481" lon="16.557704"><ele>93.8</ele></trkpt>
   <trkpt lat="68.886523" lon="16.557849"><ele>94.2</ele></trkpt>
   <trkpt lat="68.886532" lon="16.557875"><ele>94.4</ele></trkpt>
   <trkpt lat="68.886553" lon="16.557951"><ele>94.6</ele></trkpt>
   <trkpt lat="68.886590" lon="16.558136"><ele>95.6</ele></trkpt>
   <trkpt lat="68.886590" lon="16.558136"><ele>95.6</ele></trkpt>
   <trkpt lat="68.886608" lon="16.558204"><ele>95.8</ele></trkpt>
   <trkpt lat="68.886632" lon="16.558323"><ele>96.6</ele></trkpt>
   <trkpt lat="68.886637" lon="16.558348"><ele>97.0</ele></trkpt>
   <trkpt lat="68.886639" lon="16.558371"><ele>97.2</ele></trkpt>
   <trkpt lat="68.886650" lon="16.558435"><ele>97.6</ele></trkpt>
   <trkpt lat="68.886650" lon="16.558435"><ele>97.8</ele></trkpt>
   <trkpt lat="68.886664" lon="16.558491"><ele>98.2</ele></trkpt>
   <trkpt lat="68.886671" lon="16.558614"><ele>99.0</ele></trkpt>
   <trkpt lat="68.886677" lon="16.558731"><ele>100.0</ele></trkpt>
   <trkpt lat="68.886697" lon="16.558902"><ele>101.2</ele></trkpt>
   <trkpt lat="68.886726" lon="16.559003"><ele>102.0</ele></trkpt>
   <trkpt lat="68.886742" lon="16.559041"><ele>102.4</ele></trkpt>
   <trkpt lat="68.886790" lon="16.559121"><ele>103.2</ele></trkpt>
   <trkpt lat="68.886790" lon="16.559121"><ele>103.4</ele></trkpt>
   <trkpt lat="68.886802" lon="16.559158"><ele>103.4</ele></trkpt>
   <trkpt lat="68.886856" lon="16.559240"><ele>104.2</ele></trkpt>
   <trkpt lat="68.886872" lon="16.559279"><ele>104.4</ele></trkpt>
   <trkpt lat="68.886880" lon="16.559297"><ele>104.6</ele></trkpt>
   <trkpt lat="68.886938" lon="16.559390"><ele>105.6</ele></trkpt>
   <trkpt lat="68.886968" lon="16.559473"><ele>106.4</ele></trkpt>
   <trkpt lat="68.886993" lon="16.559501"><ele>106.8</ele></trkpt>
   <trkpt lat="68.887013" lon="16.559636"><ele>107.8</ele></trkpt>
   <trkpt lat="68.887025" lon="16.559702"><ele>108.4</ele></trkpt>
   <trkpt lat="68.887046" lon="16.559752"><ele>108.8</ele></trkpt>
   <trkpt lat="68.887062" lon="16.559865"><ele>109.8</ele></trkpt>
   <trkpt lat="68.887077" lon="16.559892"><ele>110.0</ele></trkpt>
   <trkpt lat="68.887114" lon="16.559965"><ele>111.2</ele></trkpt>
   <trkpt lat="68.887155" lon="16.560049"><ele>112.2</ele></trkpt>
   <trkpt lat="68.887168" lon="16.560083"><ele>112.4</ele></trkpt>
   <trkpt lat="68.887182" lon="16.560116"><ele>112.8</ele></trkpt>
   <trkpt lat="68.887218" lon="16.560154"><ele>113.4</ele></trkpt>
   <trkpt lat="68.887249" lon="16.560178"><ele>113.8</ele></trkpt>
   <trkpt lat="68.887283" lon="16.560220"><ele>114.6</ele></trkpt>
   <trkpt lat="68.887324" lon="16.560304"><ele>115.6</ele></trkpt>
   <trkpt lat="68.887351" lon="16.560328"><ele>116.2</ele></trkpt>
   <trkpt lat="68.887372" lon="16.560370"><ele>116.8</ele></trkpt>
   <trkpt lat="68.887377" lon="16.560377"><ele>117.0</ele></trkpt>
   <trkpt lat="68.887404" lon="16.560438"><ele>117.8</ele></trkpt>
   <trkpt lat="68.887414" lon="16.560449"><ele>117.8</ele></trkpt>
   <trkpt lat="68.887431" lon="16.560478"><ele>118.2</ele></trkpt>
   <trkpt lat="68.887468" lon="16.560512"><ele>119.0</ele></trkpt>
   <trkpt lat="68.887498" lon="16.560544"><ele>119.4</ele></trkpt>
   <trkpt lat="68.887514" lon="16.560564"><ele>119.8</ele></trkpt>
   <trkpt lat="68.887521" lon="16.560580"><ele>120.0</ele></trkpt>
   <trkpt lat="68.887557" lon="16.560659"><ele>120.8</ele></trkpt>
   <trkpt lat="68.887570" lon="16.560710"><ele>121.2</ele></trkpt>
   <trkpt lat="68.887613" lon="16.560812"><ele>122.0</ele></trkpt>
   <trkpt lat="68.887620" lon="16.560824"><ele>122.0</ele></trkpt>
   <trkpt lat="68.887627" lon="16.560839"><ele>122.2</ele></trkpt>
   <trkpt lat="68.887645" lon="16.560878"><ele>122.6</ele></trkpt>
   <trkpt lat="68.887667" lon="16.560940"><ele>123.4</ele></trkpt>
   <trkpt lat="68.887694" lon="16.561033"><ele>124.2</ele></trkpt>
   <trkpt lat="68.887710" lon="16.561081"><ele>124.4</ele></trkpt>
   <trkpt lat="68.887745" lon="16.561189"><ele>125.4</ele></trkpt>
   <trkpt lat="68.887753" lon="16.561211"><ele>125.6</ele></trkpt>
   <trkpt lat="68.887762" lon="16.561235"><ele>125.8</ele></trkpt>
   <trkpt lat="68.887808" lon="16.561361"><ele>126.8</ele></trkpt>
   <trkpt lat="68.887815" lon="16.561387"><ele>127.0</ele></trkpt>
   <trkpt lat="68.887846" lon="16.561463"><ele>127.8</ele></trkpt>
   <trkpt lat="68.887853" lon="16.561481"><ele>128.0</ele></trkpt>
   <trkpt lat="68.887877" lon="16.561567"><ele>128.8</ele></trkpt>
   <trkpt lat="68.887884" lon="16.561587"><ele>129.0</ele></trkpt>
   <trkpt lat="68.887925" lon="16.561711"><ele>130.2</ele></trkpt>
   <trkpt lat="68.887951" lon="16.561770"><ele>131.0</ele></trkpt>
   <trkpt lat="68.887962" lon="16.561784"><ele>131.2</ele></trkpt>
   <trkpt lat="68.888025" lon="16.561871"><ele>132.4</ele></trkpt>
   <trkpt lat="68.888058" lon="16.561896"><ele>133.0</ele></trkpt>
   <trkpt lat="68.888083" lon="16.561920"><ele>133.6</ele></trkpt>
   <trkpt lat="68.888138" lon="16.561967"><ele>134.6</ele></trkpt>
   <trkpt lat="68.888165" lon="16.561993"><ele>135.2</ele></trkpt>
   <trkpt lat="68.888178" lon="16.562023"><ele>135.6</ele></trkpt>
   <trkpt lat="68.888207" lon="16.562085"><ele>136.6</ele></trkpt>
   <trkpt lat="68.888253" lon="16.562150"><ele>137.8</ele></trkpt>
   <trkpt lat="68.888301" lon="16.562226"><ele>138.8</ele></trkpt>
   <trkpt lat="68.888347" lon="16.562302"><ele>139.6</ele></trkpt>
   <trkpt lat="68.888366" lon="16.562332"><ele>140.0</ele></trkpt>
   <trkpt lat="68.888435" lon="16.562395"><ele>140.8</ele></trkpt>
   <trkpt lat="68.888455" lon="16.562417"><ele>141.0</ele></trkpt>
   <trkpt lat="68.888490" lon="16.562444"><ele>141.6</ele></trkpt>
   <trkpt lat="68.888521" lon="16.562453"><ele>142.0</ele></trkpt>
   <trkpt lat="68.888580" lon="16.562492"><ele>142.6</ele></trkpt>
   <trkpt lat="68.888614" lon="16.562497"><ele>142.8</ele></trkpt>
   <trkpt lat="68.888631" lon="16.562500"><ele>143.2</ele></trkpt>
   <trkpt lat="68.888652" lon="16.562500"><ele>143.4</ele></trkpt>
   <trkpt lat="68.888689" lon="16.562517"><ele>144.2</ele></trkpt>
   <trkpt lat="68.888689" lon="16.562512"><ele>144.4</ele></trkpt>
   <trkpt lat="68.888683" lon="16.562518"><ele>144.4</ele></trkpt>
   <trkpt lat="68.888668" lon="16.562492"><ele>144.4</ele></trkpt>
   <trkpt lat="68.888677" lon="16.562483"><ele>144.4</ele></trkpt>
   <trkpt lat="68.888694" lon="16.562520"><ele>144.4</ele></trkpt>
   <trkpt lat="68.888694" lon="16.562520"><ele>144.2</ele></trkpt>
   <trkpt lat="68.888694" lon="16.562520"><ele>144.2</ele></trkpt>
   <trkpt lat="68.888694" lon="16.562520"><ele>143.8</ele></trkpt>
   <trkpt lat="68.888698" lon="16.562549"><ele>143.8</ele></trkpt>
   <trkpt lat="68.888705" lon="16.562549"><ele>143.8</ele></trkpt>
   <trkpt lat="68.888712" lon="16.562549"><ele>143.6</ele></trkpt>
   <trkpt lat="68.888716" lon="16.562526"><ele>143.6</ele></trkpt>
   <trkpt lat="68.888719" lon="16.562507"><ele>143.4</ele></trkpt>
   <trkpt lat="68.888720" lon="16.562503"><ele>143.4</ele></trkpt>
   <trkpt lat="68.888721" lon="16.562503"><ele>143.4</ele></trkpt>
   <trkpt lat="68.888722" lon="16.562501"><ele>143.4</ele></trkpt>
   <trkpt lat="68.888723" lon="16.562500"><ele>143.4</ele></trkpt>
   <trkpt lat="68.888724" lon="16.562498"><ele>143.4</ele></trkpt>
   <trkpt lat="68.888724" lon="16.562498"><ele>143.4</ele></trkpt>
   <trkpt lat="68.888726" lon="16.562497"><ele>143.8</ele></trkpt>
   <trkpt lat="68.888725" lon="16.562493"><ele>143.6</ele></trkpt>
   <trkpt lat="68.888724" lon="16.562490"><ele>144.0</ele></trkpt>
   <trkpt lat="68.888722" lon="16.562488"><ele>144.0</ele></trkpt>
   <trkpt lat="68.888720" lon="16.562486"><ele>144.0</ele></trkpt>
   <trkpt lat="68.888710" lon="16.562486"><ele>144.0</ele></trkpt>
   <trkpt lat="68.888705" lon="16.562490"><ele>144.0</ele></trkpt>
   <trkpt lat="68.888705" lon="16.562492"><ele>144.0</ele></trkpt>
   <trkpt lat="68.888704" lon="16.562492"><ele>144.0</ele></trkpt>
   <trkpt lat="68.888705" lon="16.562508"><ele>144.0</ele></trkpt>
   <trkpt lat="68.888707" lon="16.562515"><ele>144.0</ele></trkpt>
   <trkpt lat="68.888712" lon="16.562540"><ele>144.0</ele></trkpt>
   <trkpt lat="68.888715" lon="16.562564"><ele>144.0</ele></trkpt>
   <trkpt lat="68.888716" lon="16.562575"><ele>144.0</ele></trkpt>
   <trkpt lat="68.888715" lon="16.562585"><ele>144.0</ele></trkpt>
   <trkpt lat="68.888714" lon="16.562595"><ele>144.0</ele></trkpt>
   <trkpt lat="68.888750" lon="16.562581"><ele>144.0</ele></trkpt>
   <trkpt lat="68.888784" lon="16.562567"><ele>144.0</ele></trkpt>
   <trkpt lat="68.888874" lon="16.562579"><ele>144.4</ele></trkpt>
   <trkpt lat="68.888883" lon="16.562583"><ele>144.8</ele></trkpt>
   <trkpt lat="68.888898" lon="16.562609"><ele>145.2</ele></trkpt>
   <trkpt lat="68.888907" lon="16.562626"><ele>145.4</ele></trkpt>
   <trkpt lat="68.888957" lon="16.562647"><ele>146.2</ele></trkpt>
   <trkpt lat="68.888969" lon="16.562646"><ele>146.4</ele></trkpt>
   <trkpt lat="68.889030" lon="16.562661"><ele>147.0</ele></trkpt>
   <trkpt lat="68.889065" lon="16.562671"><ele>147.4</ele></trkpt>
   <trkpt lat="68.889082" lon="16.562681"><ele>147.8</ele></trkpt>
   <trkpt lat="68.889103" lon="16.562700"><ele>148.0</ele></trkpt>
   <trkpt lat="68.889148" lon="16.562729"><ele>148.6</ele></trkpt>
   <trkpt lat="68.889212" lon="16.562788"><ele>149.2</ele></trkpt>
   <trkpt lat="68.889239" lon="16.562809"><ele>149.8</ele></trkpt>
   <trkpt lat="68.889306" lon="16.562942"><ele>150.8</ele></trkpt>
   <trkpt lat="68.889357" lon="16.563054"><ele>151.8</ele></trkpt>
   <trkpt lat="68.889396" lon="16.563094"><ele>152.2</ele></trkpt>
   <trkpt lat="68.889464" lon="16.563164"><ele>152.8</ele></trkpt>
   <trkpt lat="68.889497" lon="16.563198"><ele>153.0</ele></trkpt>
   <trkpt lat="68.889565" lon="16.563271"><ele>153.6</ele></trkpt>
   <trkpt lat="68.889582" lon="16.563307"><ele>153.8</ele></trkpt>
   <trkpt lat="68.889591" lon="16.563318"><ele>154.0</ele></trkpt>
   <trkpt lat="68.889669" lon="16.563322"><ele>154.6</ele></trkpt>
   <trkpt lat="68.889726" lon="16.563317"><ele>154.8</ele></trkpt>
   <trkpt lat="68.889753" lon="16.563309"><ele>155.2</ele></trkpt>
   <trkpt lat="68.889763" lon="16.563305"><ele>155.2</ele></trkpt>
   <trkpt lat="68.889779" lon="16.563308"><ele>155.6</ele></trkpt>
   <trkpt lat="68.889813" lon="16.563306"><ele>156.2</ele></trkpt>
   <trkpt lat="68.889860" lon="16.563282"><ele>156.8</ele></trkpt>
   <trkpt lat="68.889885" lon="16.563272"><ele>157.2</ele></trkpt>
   <trkpt lat="68.889918" lon="16.563260"><ele>157.6</ele></trkpt>
   <trkpt lat="68.889952" lon="16.563278"><ele>158.0</ele></trkpt>
   <trkpt lat="68.889981" lon="16.563322"><ele>158.2</ele></trkpt>
   <trkpt lat="68.890014" lon="16.563386"><ele>158.0</ele></trkpt>
   <trkpt lat="68.890054" lon="16.563454"><ele>157.8</ele></trkpt>
   <trkpt lat="68.890129" lon="16.563580"><ele>157.6</ele></trkpt>
   <trkpt lat="68.890152" lon="16.563610"><ele>157.6</ele></trkpt>
   <trkpt lat="68.890218" lon="16.563734"><ele>157.8</ele></trkpt>
   <trkpt lat="68.890251" lon="16.563779"><ele>158.0</ele></trkpt>
   <trkpt lat="68.890274" lon="16.563814"><ele>158.0</ele></trkpt>
   <trkpt lat="68.890305" lon="16.563863"><ele>158.2</ele></trkpt>
   <trkpt lat="68.890336" lon="16.563918"><ele>158.2</ele></trkpt>
   <trkpt lat="68.890405" lon="16.564032"><ele>158.6</ele></trkpt>
   <trkpt lat="68.890448" lon="16.564103"><ele>158.8</ele></trkpt>
   <trkpt lat="68.890513" lon="16.564202"><ele>159.2</ele></trkpt>
   <trkpt lat="68.890532" lon="16.564242"><ele>159.4</ele></trkpt>
   <trkpt lat="68.890572" lon="16.564305"><ele>159.6</ele></trkpt>
   <trkpt lat="68.890642" lon="16.564406"><ele>160.0</ele></trkpt>
   <trkpt lat="68.890688" lon="16.564464"><ele>160.2</ele></trkpt>
   <trkpt lat="68.890710" lon="16.564486"><ele>160.4</ele></trkpt>
   <trkpt lat="68.890786" lon="16.564549"><ele>160.8</ele></trkpt>
   <trkpt lat="68.890846" lon="16.564579"><ele>161.4</ele></trkpt>
   <trkpt lat="68.890858" lon="16.564584"><ele>161.4</ele></trkpt>
   <trkpt lat="68.890906" lon="16.564597"><ele>161.8</ele></trkpt>
   <trkpt lat="68.890959" lon="16.564609"><ele>162.2</ele></trkpt>
   <trkpt lat="68.890999" lon="16.564613"><ele>162.4</ele></trkpt>
   <trkpt lat="68.891034" lon="16.564623"><ele>162.8</ele></trkpt>
   <trkpt lat="68.891107" lon="16.564645"><ele>163.4</ele></trkpt>
   <trkpt lat="68.891119" lon="16.564645"><ele>163.6</ele></trkpt>
   <trkpt lat="68.891198" lon="16.564650"><ele>164.0</ele></trkpt>
   <trkpt lat="68.891225" lon="16.564656"><ele>164.0</ele></trkpt>
   <trkpt lat="68.891300" lon="16.564670"><ele>164.4</ele></trkpt>
   <trkpt lat="68.891312" lon="16.564670"><ele>164.6</ele></trkpt>
   <trkpt lat="68.891351" lon="16.564676"><ele>165.0</ele></trkpt>
   <trkpt lat="68.891427" lon="16.564686"><ele>165.6</ele></trkpt>
   <trkpt lat="68.891442" lon="16.564686"><ele>165.6</ele></trkpt>
   <trkpt lat="68.891517" lon="16.564660"><ele>166.2</ele></trkpt>
   <trkpt lat="68.891555" lon="16.564658"><ele>166.2</ele></trkpt>
   <trkpt lat="68.891618" lon="16.564650"><ele>166.8</ele></trkpt>
   <trkpt lat="68.891704" lon="16.564621"><ele>167.6</ele></trkpt>
   <trkpt lat="68.891715" lon="16.564613"><ele>167.8</ele></trkpt>
   <trkpt lat="68.891728" lon="16.564604"><ele>168.0</ele></trkpt>
   <trkpt lat="68.891795" lon="16.564563"><ele>168.6</ele></trkpt>
   <trkpt lat="68.891867" lon="16.564499"><ele>168.6</ele></trkpt>
   <trkpt lat="68.891914" lon="16.564442"><ele>168.4</ele></trkpt>
   <trkpt lat="68.891986" lon="16.564375"><ele>168.6</ele></trkpt>
   <trkpt lat="68.892017" lon="16.564338"><ele>168.6</ele></trkpt>
   <trkpt lat="68.892068" lon="16.564277"><ele>168.6</ele></trkpt>
   <trkpt lat="68.892112" lon="16.564202"><ele>168.8</ele></trkpt>
   <trkpt lat="68.892146" lon="16.564155"><ele>168.8</ele></trkpt>
   <trkpt lat="68.892155" lon="16.564137"><ele>168.8</ele></trkpt>
   <trkpt lat="68.892221" lon="16.564040"><ele>168.8</ele></trkpt>
   <trkpt lat="68.892276" lon="16.563948"><ele>168.6</ele></trkpt>
   <trkpt lat="68.892314" lon="16.563907"><ele>168.8</ele></trkpt>
   <trkpt lat="68.892349" lon="16.563868"><ele>168.8</ele></trkpt>
   <trkpt lat="68.892411" lon="16.563763"><ele>169.2</ele></trkpt>
   <trkpt lat="68.892421" lon="16.563743"><ele>169.2</ele></trkpt>
   <trkpt lat="68.892489" lon="16.563636"><ele>169.6</ele></trkpt>
   <trkpt lat="68.892541" lon="16.563544"><ele>169.8</ele></trkpt>
   <trkpt lat="68.892565" lon="16.563497"><ele>170.0</ele></trkpt>
   <trkpt lat="68.892620" lon="16.563358"><ele>170.2</ele></trkpt>
   <trkpt lat="68.892666" lon="16.563240"><ele>170.6</ele></trkpt>
   <trkpt lat="68.892708" lon="16.563109"><ele>170.8</ele></trkpt>
   <trkpt lat="68.892758" lon="16.562962"><ele>171.4</ele></trkpt>
   <trkpt lat="68.892803" lon="16.562809"><ele>171.8</ele></trkpt>
   <trkpt lat="68.892812" lon="16.562782"><ele>172.0</ele></trkpt>
   <trkpt lat="68.892853" lon="16.562614"><ele>172.2</ele></trkpt>
   <trkpt lat="68.892893" lon="16.562444"><ele>172.8</ele></trkpt>
   <trkpt lat="68.892904" lon="16.562383"><ele>172.8</ele></trkpt>
   <trkpt lat="68.892911" lon="16.562355"><ele>173.0</ele></trkpt>
   <trkpt lat="68.892947" lon="16.562191"><ele>173.2</ele></trkpt>
   <trkpt lat="68.892993" lon="16.561993"><ele>173.2</ele></trkpt>
   <trkpt lat="68.893005" lon="16.561945"><ele>172.8</ele></trkpt>
   <trkpt lat="68.893064" lon="16.561805"><ele>172.2</ele></trkpt>
   <trkpt lat="68.893107" lon="16.561704"><ele>171.8</ele></trkpt>
   <trkpt lat="68.893158" lon="16.561624"><ele>172.0</ele></trkpt>
   <trkpt lat="68.893184" lon="16.561576"><ele>172.4</ele></trkpt>
   <trkpt lat="68.893241" lon="16.561443"><ele>173.0</ele></trkpt>
   <trkpt lat="68.893292" lon="16.561339"><ele>173.4</ele></trkpt>
   <trkpt lat="68.893339" lon="16.561249"><ele>174.0</ele></trkpt>
   <trkpt lat="68.893379" lon="16.561126"><ele>174.4</ele></trkpt>
   <trkpt lat="68.893405" lon="16.561072"><ele>174.8</ele></trkpt>
   <trkpt lat="68.893405" lon="16.561072"><ele>175.0</ele></trkpt>
   <trkpt lat="68.893448" lon="16.561002"><ele>175.6</ele></trkpt>
   <trkpt lat="68.893476" lon="16.560944"><ele>176.2</ele></trkpt>
   <trkpt lat="68.893514" lon="16.560916"><ele>177.0</ele></trkpt>
   <trkpt lat="68.893528" lon="16.560881"><ele>177.4</ele></trkpt>
   <trkpt lat="68.893549" lon="16.560824"><ele>178.2</ele></trkpt>
   <trkpt lat="68.893557" lon="16.560813"><ele>178.6</ele></trkpt>
   <trkpt lat="68.893574" lon="16.560792"><ele>178.8</ele></trkpt>
   <trkpt lat="68.893600" lon="16.560725"><ele>179.6</ele></trkpt>
   <trkpt lat="68.893622" lon="16.560678"><ele>180.4</ele></trkpt>
   <trkpt lat="68.893629" lon="16.560663"><ele>180.6</ele></trkpt>
   <trkpt lat="68.893633" lon="16.560646"><ele>181.0</ele></trkpt>
   <trkpt lat="68.893648" lon="16.560601"><ele>181.6</ele></trkpt>
   <trkpt lat="68.893664" lon="16.560580"><ele>182.0</ele></trkpt>
   <trkpt lat="68.893697" lon="16.560523"><ele>182.6</ele></trkpt>
   <trkpt lat="68.893704" lon="16.560502"><ele>182.8</ele></trkpt>
   <trkpt lat="68.893718" lon="16.560460"><ele>183.2</ele></trkpt>
   <trkpt lat="68.893727" lon="16.560439"><ele>183.6</ele></trkpt>
   <trkpt lat="68.893749" lon="16.560392"><ele>184.0</ele></trkpt>
   <trkpt lat="68.893770" lon="16.560360"><ele>184.2</ele></trkpt>
   <trkpt lat="68.893794" lon="16.560295"><ele>184.8</ele></trkpt>
   <trkpt lat="68.893826" lon="16.560249"><ele>185.2</ele></trkpt>
   <trkpt lat="68.893833" lon="16.560234"><ele>185.4</ele></trkpt>
   <trkpt lat="68.893874" lon="16.560160"><ele>186.0</ele></trkpt>
   <trkpt lat="68.893912" lon="16.560093"><ele>186.6</ele></trkpt>
   <trkpt lat="68.893921" lon="16.560076"><ele>186.6</ele></trkpt>
   <trkpt lat="68.893968" lon="16.559984"><ele>187.2</ele></trkpt>
   <trkpt lat="68.893978" lon="16.559944"><ele>187.6</ele></trkpt>
   <trkpt lat="68.893983" lon="16.559933"><ele>187.6</ele></trkpt>
   <trkpt lat="68.893991" lon="16.559936"><ele>187.8</ele></trkpt>
   <trkpt lat="68.893995" lon="16.559942"><ele>188.0</ele></trkpt>
   <trkpt lat="68.893997" lon="16.559951"><ele>188.4</ele></trkpt>
   <trkpt lat="68.893996" lon="16.559950"><ele>188.4</ele></trkpt>
   <trkpt lat="68.893995" lon="16.559951"><ele>188.6</ele></trkpt>
   <trkpt lat="68.893995" lon="16.559951"><ele>188.4</ele></trkpt>
   <trkpt lat="68.893995" lon="16.559951"><ele>188.2</ele></trkpt>
   <trkpt lat="68.893995" lon="16.559951"><ele>188.2</ele></trkpt>
   <trkpt lat="68.893995" lon="16.559951"><ele>188.0</ele></trkpt>
   <trkpt lat="68.893995" lon="16.559951"><ele>188.0</ele></trkpt>
   <trkpt lat="68.893997" lon="16.559953"><ele>188.4</ele></trkpt>
   <trkpt lat="68.894000" lon="16.559953"><ele>188.6</ele></trkpt>
   <trkpt lat="68.894000" lon="16.559953"><ele>188.6</ele></trkpt>
   <trkpt lat="68.894000" lon="16.559953"><ele>188.6</ele></trkpt>
   <trkpt lat="68.894000" lon="16.559953"><ele>188.4</ele></trkpt>
   <trkpt lat="68.894001" lon="16.559951"><ele>188.4</ele></trkpt>
   <trkpt lat="68.894002" lon="16.559950"><ele>188.4</ele></trkpt>
   <trkpt lat="68.894002" lon="16.559950"><ele>188.4</ele></trkpt>
   <trkpt lat="68.894002" lon="16.559949"><ele>188.2</ele></trkpt>
   <trkpt lat="68.893998" lon="16.559947"><ele>188.0</ele></trkpt>
   <trkpt lat="68.893964" lon="16.559868"><ele>188.0</ele></trkpt>
   <trkpt lat="68.893928" lon="16.559678"><ele>188.8</ele></trkpt>
   <trkpt lat="68.893918" lon="16.559622"><ele>189.2</ele></trkpt>
   <trkpt lat="68.893901" lon="16.559534"><ele>189.6</ele></trkpt>
   <trkpt lat="68.893898" lon="16.559371"><ele>190.2</ele></trkpt>
   <trkpt lat="68.893918" lon="16.559201"><ele>190.8</ele></trkpt>
   <trkpt lat="68.893937" lon="16.559065"><ele>191.4</ele></trkpt>
   <trkpt lat="68.893945" lon="16.558996"><ele>191.8</ele></trkpt>
   <trkpt lat="68.893947" lon="16.558963"><ele>192.0</ele></trkpt>
   <trkpt lat="68.893953" lon="16.558892"><ele>192.2</ele></trkpt>
   <trkpt lat="68.893967" lon="16.558796"><ele>192.6</ele></trkpt>
   <trkpt lat="68.893977" lon="16.558726"><ele>193.0</ele></trkpt>
   <trkpt lat="68.893991" lon="16.558634"><ele>193.4</ele></trkpt>
   <trkpt lat="68.894009" lon="16.558499"><ele>194.0</ele></trkpt>
   <trkpt lat="68.894031" lon="16.558300"><ele>194.8</ele></trkpt>
   <trkpt lat="68.894035" lon="16.558272"><ele>195.0</ele></trkpt>
   <trkpt lat="68.894038" lon="16.558240"><ele>195.2</ele></trkpt>
   <trkpt lat="68.894052" lon="16.558078"><ele>196.0</ele></trkpt>
   <trkpt lat="68.894055" lon="16.558052"><ele>196.2</ele></trkpt>
   <trkpt lat="68.894080" lon="16.557874"><ele>197.0</ele></trkpt>
   <trkpt lat="68.894085" lon="16.557848"><ele>197.4</ele></trkpt>
   <trkpt lat="68.894091" lon="16.557822"><ele>197.4</ele></trkpt>
   <trkpt lat="68.894119" lon="16.557699"><ele>198.0</ele></trkpt>
   <trkpt lat="68.894136" lon="16.557619"><ele>198.4</ele></trkpt>
   <trkpt lat="68.894156" lon="16.557509"><ele>199.4</ele></trkpt>
   <trkpt lat="68.894161" lon="16.557480"><ele>199.4</ele></trkpt>
   <trkpt lat="68.894181" lon="16.557319"><ele>200.2</ele></trkpt>
   <trkpt lat="68.894194" lon="16.557225"><ele>200.4</ele></trkpt>
   <trkpt lat="68.894200" lon="16.557196"><ele>200.6</ele></trkpt>
   <trkpt lat="68.894232" lon="16.557022"><ele>201.2</ele></trkpt>
   <trkpt lat="68.894244" lon="16.556969"><ele>201.6</ele></trkpt>
   <trkpt lat="68.894248" lon="16.556942"><ele>201.8</ele></trkpt>
   <trkpt lat="68.894277" lon="16.556768"><ele>202.4</ele></trkpt>
   <trkpt lat="68.894284" lon="16.556701"><ele>202.6</ele></trkpt>
   <trkpt lat="68.894304" lon="16.556552"><ele>203.4</ele></trkpt>
   <trkpt lat="68.894325" lon="16.556401"><ele>203.8</ele></trkpt>
   <trkpt lat="68.894345" lon="16.556255"><ele>204.4</ele></trkpt>
   <trkpt lat="68.894345" lon="16.556156"><ele>204.8</ele></trkpt>
   <trkpt lat="68.894347" lon="16.556159"><ele>204.8</ele></trkpt>
   <trkpt lat="68.894346" lon="16.556160"><ele>205.0</ele></trkpt>
   <trkpt lat="68.894345" lon="16.556160"><ele>205.0</ele></trkpt>
   <trkpt lat="68.894345" lon="16.556152"><ele>205.2</ele></trkpt>
   <trkpt lat="68.894330" lon="16.556119"><ele>205.2</ele></trkpt>
   <trkpt lat="68.894329" lon="16.556123"><ele>205.2</ele></trkpt>
   <trkpt lat="68.894331" lon="16.556122"><ele>205.0</ele></trkpt>
   <trkpt lat="68.894339" lon="16.556112"><ele>205.0</ele></trkpt>
   <trkpt lat="68.894338" lon="16.556112"><ele>205.0</ele></trkpt>
   <trkpt lat="68.894338" lon="16.556112"><ele>205.0</ele></trkpt>
   <trkpt lat="68.894338" lon="16.556112"><ele>205.0</ele></trkpt>
   <trkpt lat="68.894338" lon="16.556111"><ele>204.8</ele></trkpt>
   <trkpt lat="68.894335" lon="16.556106"><ele>205.0</ele></trkpt>
   <trkpt lat="68.894335" lon="16.556106"><ele>205.0</ele></trkpt>
   <trkpt lat="68.894333" lon="16.556105"><ele>205.0</ele></trkpt>
   <trkpt lat="68.894332" lon="16.556101"><ele>205.0</ele></trkpt>
   <trkpt lat="68.894332" lon="16.556101"><ele>205.0</ele></trkpt>
   <trkpt lat="68.894332" lon="16.556100"><ele>205.0</ele></trkpt>
   <trkpt lat="68.894332" lon="16.556099"><ele>205.2</ele></trkpt>
   <trkpt lat="68.894332" lon="16.556099"><ele>205.0</ele></trkpt>
   <trkpt lat="68.894332" lon="16.556099"><ele>204.8</ele></trkpt>
   <trkpt lat="68.894332" lon="16.556099"><ele>204.6</ele></trkpt>
   <trkpt lat="68.894334" lon="16.556051"><ele>205.0</ele></trkpt>
   <trkpt lat="68.894340" lon="16.555993"><ele>205.0</ele></trkpt>
   <trkpt lat="68.894349" lon="16.555845"><ele>204.8</ele></trkpt>
   <trkpt lat="68.894350" lon="16.555825"><ele>204.8</ele></trkpt>
   <trkpt lat="68.894354" lon="16.555652"><ele>205.2</ele></trkpt>
   <trkpt lat="68.894355" lon="16.555606"><ele>205.2</ele></trkpt>
   <trkpt lat="68.894353" lon="16.555568"><ele>205.4</ele></trkpt>
   <trkpt lat="68.894351" lon="16.555504"><ele>205.6</ele></trkpt>
   <trkpt lat="68.894351" lon="16.555414"><ele>205.8</ele></trkpt>
   <trkpt lat="68.894350" lon="16.555282"><ele>206.2</ele></trkpt>
   <trkpt lat="68.894358" lon="16.555154"><ele>206.4</ele></trkpt>
   <trkpt lat="68.894360" lon="16.554978"><ele>207.0</ele></trkpt>
   <trkpt lat="68.894368" lon="16.554870"><ele>207.4</ele></trkpt>
   <trkpt lat="68.894367" lon="16.554767"><ele>207.6</ele></trkpt>
   <trkpt lat="68.894363" lon="16.554677"><ele>208.0</ele></trkpt>
   <trkpt lat="68.894364" lon="16.554481"><ele>208.2</ele></trkpt>
   <trkpt lat="68.894378" lon="16.554320"><ele>208.4</ele></trkpt>
   <trkpt lat="68.894376" lon="16.554292"><ele>208.6</ele></trkpt>
   <trkpt lat="68.894379" lon="16.554165"><ele>209.0</ele></trkpt>
   <trkpt lat="68.894379" lon="16.554132"><ele>209.0</ele></trkpt>
   <trkpt lat="68.894392" lon="16.553959"><ele>209.8</ele></trkpt>
   <trkpt lat="68.894397" lon="16.553938"><ele>209.8</ele></trkpt>
   <trkpt lat="68.894407" lon="16.553885"><ele>210.2</ele></trkpt>
   <trkpt lat="68.894410" lon="16.553854"><ele>210.2</ele></trkpt>
   <trkpt lat="68.894427" lon="16.553675"><ele>211.0</ele></trkpt>
   <trkpt lat="68.894430" lon="16.553653"><ele>211.2</ele></trkpt>
   <trkpt lat="68.894437" lon="16.553612"><ele>211.8</ele></trkpt>
   <trkpt lat="68.894436" lon="16.553588"><ele>212.0</ele></trkpt>
   <trkpt lat="68.894439" lon="16.553591"><ele>212.4</ele></trkpt>
   <trkpt lat="68.894431" lon="16.553583"><ele>212.6</ele></trkpt>
   <trkpt lat="68.894425" lon="16.553579"><ele>212.4</ele></trkpt>
   <trkpt lat="68.894425" lon="16.553579"><ele>212.2</ele></trkpt>
   <trkpt lat="68.894436" lon="16.553487"><ele>212.4</ele></trkpt>
   <trkpt lat="68.894441" lon="16.553401"><ele>212.6</ele></trkpt>
   <trkpt lat="68.894459" lon="16.553202"><ele>213.4</ele></trkpt>
   <trkpt lat="68.894463" lon="16.553174"><ele>213.6</ele></trkpt>
   <trkpt lat="68.894489" lon="16.553017"><ele>214.0</ele></trkpt>
   <trkpt lat="68.894503" lon="16.552938"><ele>214.4</ele></trkpt>
   <trkpt lat="68.894516" lon="16.552884"><ele>214.6</ele></trkpt>
   <trkpt lat="68.894558" lon="16.552768"><ele>215.6</ele></trkpt>
   <trkpt lat="68.894584" lon="16.552708"><ele>216.0</ele></trkpt>
   <trkpt lat="68.894620" lon="16.552640"><ele>216.4</ele></trkpt>
   <trkpt lat="68.894633" lon="16.552604"><ele>216.8</ele></trkpt>
   <trkpt lat="68.894655" lon="16.552546"><ele>217.2</ele></trkpt>
   <trkpt lat="68.894692" lon="16.552438"><ele>217.8</ele></trkpt>
   <trkpt lat="68.894724" lon="16.552355"><ele>218.4</ele></trkpt>
   <trkpt lat="68.894746" lon="16.552299"><ele>219.0</ele></trkpt>
   <trkpt lat="68.894776" lon="16.552121"><ele>219.6</ele></trkpt>
   <trkpt lat="68.894781" lon="16.552066"><ele>219.8</ele></trkpt>
   <trkpt lat="68.894784" lon="16.552040"><ele>220.0</ele></trkpt>
   <trkpt lat="68.894795" lon="16.551875"><ele>220.4</ele></trkpt>
   <trkpt lat="68.894795" lon="16.551820"><ele>220.6</ele></trkpt>
   <trkpt lat="68.894805" lon="16.551680"><ele>221.0</ele></trkpt>
   <trkpt lat="68.894810" lon="16.551658"><ele>221.0</ele></trkpt>
   <trkpt lat="68.894817" lon="16.551636"><ele>221.0</ele></trkpt>
   <trkpt lat="68.894819" lon="16.551489"><ele>221.6</ele></trkpt>
   <trkpt lat="68.894824" lon="16.551449"><ele>222.0</ele></trkpt>
   <trkpt lat="68.894824" lon="16.551448"><ele>222.2</ele></trkpt>
   <trkpt lat="68.894821" lon="16.551443"><ele>222.2</ele></trkpt>
   <trkpt lat="68.894826" lon="16.551444"><ele>222.2</ele></trkpt>
   <trkpt lat="68.894838" lon="16.551484"><ele>222.2</ele></trkpt>
   <trkpt lat="68.894837" lon="16.551437"><ele>222.2</ele></trkpt>
   <trkpt lat="68.894837" lon="16.551437"><ele>222.2</ele></trkpt>
   <trkpt lat="68.894837" lon="16.551437"><ele>222.2</ele></trkpt>
   <trkpt lat="68.894837" lon="16.551437"><ele>222.2</ele></trkpt>
   <trkpt lat="68.894837" lon="16.551433"><ele>222.2</ele></trkpt>
   <trkpt lat="68.894839" lon="16.551425"><ele>222.0</ele></trkpt>
   <trkpt lat="68.894859" lon="16.551384"><ele>221.2</ele></trkpt>
   <trkpt lat="68.894936" lon="16.551207"><ele>221.8</ele></trkpt>
   <trkpt lat="68.894988" lon="16.551185"><ele>222.8</ele></trkpt>
   <trkpt lat="68.894997" lon="16.551142"><ele>223.4</ele></trkpt>
   <trkpt lat="68.895018" lon="16.551064"><ele>223.8</ele></trkpt>
   <trkpt lat="68.895051" lon="16.550982"><ele>224.2</ele></trkpt>
   <trkpt lat="68.895057" lon="16.550963"><ele>224.2</ele></trkpt>
   <trkpt lat="68.895062" lon="16.550943"><ele>224.4</ele></trkpt>
   <trkpt lat="68.895099" lon="16.550808"><ele>225.2</ele></trkpt>
   <trkpt lat="68.895099" lon="16.550808"><ele>225.4</ele></trkpt>
   <trkpt lat="68.895123" lon="16.550758"><ele>225.6</ele></trkpt>
   <trkpt lat="68.895148" lon="16.550732"><ele>225.8</ele></trkpt>
   <trkpt lat="68.895174" lon="16.550713"><ele>225.8</ele></trkpt>
   <trkpt lat="68.895185" lon="16.550672"><ele>226.0</ele></trkpt>
   <trkpt lat="68.895206" lon="16.550652"><ele>226.2</ele></trkpt>
   <trkpt lat="68.895253" lon="16.550625"><ele>226.4</ele></trkpt>
   <trkpt lat="68.895258" lon="16.550614"><ele>226.6</ele></trkpt>
   <trkpt lat="68.895284" lon="16.550570"><ele>227.0</ele></trkpt>
   <trkpt lat="68.895311" lon="16.550509"><ele>227.6</ele></trkpt>
   <trkpt lat="68.895316" lon="16.550501"><ele>227.6</ele></trkpt>
   <trkpt lat="68.895334" lon="16.550479"><ele>227.8</ele></trkpt>
   <trkpt lat="68.895358" lon="16.550450"><ele>228.0</ele></trkpt>
   <trkpt lat="68.895368" lon="16.550419"><ele>228.0</ele></trkpt>
   <trkpt lat="68.895381" lon="16.550384"><ele>228.4</ele></trkpt>
   <trkpt lat="68.895392" lon="16.550344"><ele>228.6</ele></trkpt>
   <trkpt lat="68.895398" lon="16.550327"><ele>228.6</ele></trkpt>
   <trkpt lat="68.895407" lon="16.550293"><ele>228.8</ele></trkpt>
   <trkpt lat="68.895420" lon="16.550233"><ele>229.4</ele></trkpt>
   <trkpt lat="68.895430" lon="16.550197"><ele>229.6</ele></trkpt>
   <trkpt lat="68.895438" lon="16.550164"><ele>229.8</ele></trkpt>
   <trkpt lat="68.895438" lon="16.550119"><ele>230.0</ele></trkpt>
   <trkpt lat="68.895446" lon="16.550096"><ele>230.2</ele></trkpt>
   <trkpt lat="68.895472" lon="16.549988"><ele>230.6</ele></trkpt>
   <trkpt lat="68.895477" lon="16.549974"><ele>230.8</ele></trkpt>
   <trkpt lat="68.895510" lon="16.549942"><ele>231.4</ele></trkpt>
   <trkpt lat="68.895510" lon="16.549942"><ele>231.4</ele></trkpt>
   <trkpt lat="68.895527" lon="16.549942"><ele>231.8</ele></trkpt>
   <trkpt lat="68.895535" lon="16.549938"><ele>231.8</ele></trkpt>
   <trkpt lat="68.895550" lon="16.549928"><ele>232.4</ele></trkpt>
   <trkpt lat="68.895558" lon="16.549925"><ele>232.6</ele></trkpt>
   <trkpt lat="68.895561" lon="16.549928"><ele>232.8</ele></trkpt>
   <trkpt lat="68.895577" lon="16.549925"><ele>233.0</ele></trkpt>
   <trkpt lat="68.895584" lon="16.549867"><ele>233.8</ele></trkpt>
   <trkpt lat="68.895586" lon="16.549846"><ele>233.8</ele></trkpt>
   <trkpt lat="68.895594" lon="16.549812"><ele>234.0</ele></trkpt>
   <trkpt lat="68.895608" lon="16.549761"><ele>234.8</ele></trkpt>
   <trkpt lat="68.895616" lon="16.549742"><ele>235.0</ele></trkpt>
   <trkpt lat="68.895644" lon="16.549685"><ele>236.2</ele></trkpt>
   <trkpt lat="68.895651" lon="16.549666"><ele>236.6</ele></trkpt>
   <trkpt lat="68.895670" lon="16.549632"><ele>237.4</ele></trkpt>
   <trkpt lat="68.895680" lon="16.549605"><ele>238.4</ele></trkpt>
   <trkpt lat="68.895679" lon="16.549588"><ele>238.6</ele></trkpt>
   <trkpt lat="68.895692" lon="16.549549"><ele>239.0</ele></trkpt>
   <trkpt lat="68.895702" lon="16.549519"><ele>239.4</ele></trkpt>
   <trkpt lat="68.895703" lon="16.549491"><ele>240.0</ele></trkpt>
   <trkpt lat="68.895707" lon="16.549453"><ele>240.6</ele></trkpt>
   <trkpt lat="68.895700" lon="16.549390"><ele>241.4</ele></trkpt>
   <trkpt lat="68.895699" lon="16.549377"><ele>241.6</ele></trkpt>
   <trkpt lat="68.895702" lon="16.549365"><ele>241.8</ele></trkpt>
   <trkpt lat="68.895708" lon="16.549343"><ele>242.2</ele></trkpt>
   <trkpt lat="68.895713" lon="16.549328"><ele>242.8</ele></trkpt>
   <trkpt lat="68.895718" lon="16.549317"><ele>243.2</ele></trkpt>
   <trkpt lat="68.895722" lon="16.549274"><ele>243.8</ele></trkpt>
   <trkpt lat="68.895726" lon="16.549212"><ele>244.4</ele></trkpt>
   <trkpt lat="68.895727" lon="16.549206"><ele>244.6</ele></trkpt>
   <trkpt lat="68.895736" lon="16.549175"><ele>245.0</ele></trkpt>
   <trkpt lat="68.895748" lon="16.549147"><ele>245.4</ele></trkpt>
   <trkpt lat="68.895759" lon="16.549139"><ele>246.0</ele></trkpt>
   <trkpt lat="68.895765" lon="16.549137"><ele>246.8</ele></trkpt>
   <trkpt lat="68.895767" lon="16.549129"><ele>247.2</ele></trkpt>
   <trkpt lat="68.895777" lon="16.549085"><ele>248.2</ele></trkpt>
   <trkpt lat="68.895778" lon="16.549089"><ele>248.2</ele></trkpt>
   <trkpt lat="68.895775" lon="16.549093"><ele>248.4</ele></trkpt>
   <trkpt lat="68.895777" lon="16.549107"><ele>248.6</ele></trkpt>
   <trkpt lat="68.895775" lon="16.549109"><ele>248.6</ele></trkpt>
   <trkpt lat="68.895775" lon="16.549108"><ele>248.6</ele></trkpt>
   <trkpt lat="68.895775" lon="16.549108"><ele>248.6</ele></trkpt>
   <trkpt lat="68.895775" lon="16.549108"><ele>248.4</ele></trkpt>
   <trkpt lat="68.895775" lon="16.549108"><ele>248.6</ele></trkpt>
   <trkpt lat="68.895776" lon="16.549108"><ele>248.8</ele></trkpt>
   <trkpt lat="68.895776" lon="16.549107"><ele>249.0</ele></trkpt>
   <trkpt lat="68.895776" lon="16.549105"><ele>249.0</ele></trkpt>
   <trkpt lat="68.895776" lon="16.549104"><ele>249.0</ele></trkpt>
   <trkpt lat="68.895779" lon="16.549105"><ele>249.0</ele></trkpt>
   <trkpt lat="68.895783" lon="16.549108"><ele>249.0</ele></trkpt>
   <trkpt lat="68.895783" lon="16.549105"><ele>249.2</ele></trkpt>
   <trkpt lat="68.895784" lon="16.549102"><ele>250.4</ele></trkpt>
   <trkpt lat="68.895786" lon="16.549100"><ele>251.4</ele></trkpt>
   <trkpt lat="68.895786" lon="16.549071"><ele>251.8</ele></trkpt>
   <trkpt lat="68.895786" lon="16.549054"><ele>252.0</ele></trkpt>
   <trkpt lat="68.895790" lon="16.549042"><ele>252.8</ele></trkpt>
   <trkpt lat="68.895794" lon="16.549039"><ele>253.6</ele></trkpt>
   <trkpt lat="68.895795" lon="16.549039"><ele>253.6</ele></trkpt>
   <trkpt lat="68.895798" lon="16.549038"><ele>253.8</ele></trkpt>
   <trkpt lat="68.895804" lon="16.549036"><ele>254.4</ele></trkpt>
   <trkpt lat="68.895808" lon="16.549036"><ele>254.6</ele></trkpt>
   <trkpt lat="68.895812" lon="16.549036"><ele>254.8</ele></trkpt>
   <trkpt lat="68.895815" lon="16.549035"><ele>254.8</ele></trkpt>
   <trkpt lat="68.895823" lon="16.549035"><ele>255.6</ele></trkpt>
   <trkpt lat="68.895832" lon="16.549035"><ele>255.8</ele></trkpt>
   <trkpt lat="68.895836" lon="16.549035"><ele>256.0</ele></trkpt>
   <trkpt lat="68.895842" lon="16.549035"><ele>256.0</ele></trkpt>
   <trkpt lat="68.895855" lon="16.549035"><ele>256.8</ele></trkpt>
   <trkpt lat="68.895858" lon="16.549035"><ele>257.0</ele></trkpt>
   <trkpt lat="68.895871" lon="16.549044"><ele>258.0</ele></trkpt>
   <trkpt lat="68.895880" lon="16.549053"><ele>259.0</ele></trkpt>
   <trkpt lat="68.895884" lon="16.549055"><ele>259.4</ele></trkpt>
   <trkpt lat="68.895888" lon="16.549056"><ele>259.6</ele></trkpt>
   <trkpt lat="68.895897" lon="16.549064"><ele>259.8</ele></trkpt>
   <trkpt lat="68.895946" lon="16.549069"><ele>260.4</ele></trkpt>
   <trkpt lat="68.896009" lon="16.549060"><ele>261.4</ele></trkpt>
   <trkpt lat="68.896024" lon="16.549043"><ele>262.2</ele></trkpt>
   <trkpt lat="68.896027" lon="16.549044"><ele>262.4</ele></trkpt>
   <trkpt lat="68.896054" lon="16.549026"><ele>263.4</ele></trkpt>
   <trkpt lat="68.896058" lon="16.549023"><ele>263.8</ele></trkpt>
   <trkpt lat="68.896061" lon="16.549026"><ele>264.0</ele></trkpt>
   <trkpt lat="68.896065" lon="16.549024"><ele>264.2</ele></trkpt>
   <trkpt lat="68.896078" lon="16.549013"><ele>264.8</ele></trkpt>
   <trkpt lat="68.896103" lon="16.548986"><ele>265.8</ele></trkpt>
   <trkpt lat="68.896108" lon="16.548987"><ele>266.0</ele></trkpt>
   <trkpt lat="68.896119" lon="16.549041"><ele>266.6</ele></trkpt>
   <trkpt lat="68.896125" lon="16.549049"><ele>266.8</ele></trkpt>
   <trkpt lat="68.896135" lon="16.549063"><ele>267.0</ele></trkpt>
   <trkpt lat="68.896160" lon="16.549094"><ele>267.8</ele></trkpt>
   <trkpt lat="68.896169" lon="16.549095"><ele>268.0</ele></trkpt>
   <trkpt lat="68.896172" lon="16.549096"><ele>268.6</ele></trkpt>
   <trkpt lat="68.896174" lon="16.549097"><ele>269.0</ele></trkpt>
   <trkpt lat="68.896175" lon="16.549105"><ele>269.0</ele></trkpt>
   <trkpt lat="68.896177" lon="16.549099"><ele>269.2</ele></trkpt>
   <trkpt lat="68.896177" lon="16.549099"><ele>269.2</ele></trkpt>
   <trkpt lat="68.896177" lon="16.549099"><ele>270.0</ele></trkpt>
   <trkpt lat="68.896177" lon="16.549099"><ele>270.4</ele></trkpt>
   <trkpt lat="68.896177" lon="16.549099"><ele>270.6</ele></trkpt>
   <trkpt lat="68.896177" lon="16.549098"><ele>271.4</ele></trkpt>
   <trkpt lat="68.896188" lon="16.549096"><ele>272.8</ele></trkpt>
   <trkpt lat="68.896200" lon="16.549086"><ele>273.6</ele></trkpt>
   <trkpt lat="68.896203" lon="16.549074"><ele>273.8</ele></trkpt>
   <trkpt lat="68.896214" lon="16.549046"><ele>274.2</ele></trkpt>
   <trkpt lat="68.896227" lon="16.549038"><ele>274.8</ele></trkpt>
   <trkpt lat="68.896238" lon="16.549035"><ele>276.0</ele></trkpt>
   <trkpt lat="68.896259" lon="16.549030"><ele>277.0</ele></trkpt>
   <trkpt lat="68.896263" lon="16.549030"><ele>277.2</ele></trkpt>
   <trkpt lat="68.896269" lon="16.549030"><ele>277.6</ele></trkpt>
   <trkpt lat="68.896274" lon="16.549030"><ele>277.8</ele></trkpt>
   <trkpt lat="68.896277" lon="16.549028"><ele>278.2</ele></trkpt>
   <trkpt lat="68.896284" lon="16.549026"><ele>278.6</ele></trkpt>
   <trkpt lat="68.896291" lon="16.549026"><ele>279.0</ele></trkpt>
   <trkpt lat="68.896292" lon="16.549026"><ele>279.2</ele></trkpt>
   <trkpt lat="68.896307" lon="16.549026"><ele>280.0</ele></trkpt>
   <trkpt lat="68.896309" lon="16.549026"><ele>280.2</ele></trkpt>
   <trkpt lat="68.896325" lon="16.549023"><ele>281.2</ele></trkpt>
   <trkpt lat="68.896329" lon="16.549006"><ele>281.4</ele></trkpt>
   <trkpt lat="68.896348" lon="16.548957"><ele>282.4</ele></trkpt>
   <trkpt lat="68.896348" lon="16.548957"><ele>282.6</ele></trkpt>
   <trkpt lat="68.896374" lon="16.548940"><ele>283.4</ele></trkpt>
   <trkpt lat="68.896375" lon="16.548939"><ele>283.6</ele></trkpt>
   <trkpt lat="68.896385" lon="16.548930"><ele>284.2</ele></trkpt>
   <trkpt lat="68.896392" lon="16.548925"><ele>284.8</ele></trkpt>
   <trkpt lat="68.896398" lon="16.548910"><ele>285.2</ele></trkpt>
   <trkpt lat="68.896403" lon="16.548897"><ele>285.8</ele></trkpt>
   <trkpt lat="68.896410" lon="16.548885"><ele>286.8</ele></trkpt>
   <trkpt lat="68.896420" lon="16.548877"><ele>288.0</ele></trkpt>
   <trkpt lat="68.896431" lon="16.548867"><ele>288.4</ele></trkpt>
   <trkpt lat="68.896434" lon="16.548841"><ele>288.4</ele></trkpt>
   <trkpt lat="68.896437" lon="16.548812"><ele>288.6</ele></trkpt>
   <trkpt lat="68.896442" lon="16.548810"><ele>289.0</ele></trkpt>
   <trkpt lat="68.896444" lon="16.548808"><ele>290.0</ele></trkpt>
   <trkpt lat="68.896448" lon="16.548804"><ele>291.4</ele></trkpt>
   <trkpt lat="68.896455" lon="16.548804"><ele>291.8</ele></trkpt>
   <trkpt lat="68.896460" lon="16.548801"><ele>292.2</ele></trkpt>
   <trkpt lat="68.896462" lon="16.548800"><ele>292.4</ele></trkpt>
   <trkpt lat="68.896463" lon="16.548799"><ele>292.4</ele></trkpt>
   <trkpt lat="68.896468" lon="16.548796"><ele>292.8</ele></trkpt>
   <trkpt lat="68.896476" lon="16.548790"><ele>293.4</ele></trkpt>
   <trkpt lat="68.896479" lon="16.548788"><ele>293.4</ele></trkpt>
   <trkpt lat="68.896493" lon="16.548770"><ele>293.8</ele></trkpt>
   <trkpt lat="68.896495" lon="16.548763"><ele>293.8</ele></trkpt>
   <trkpt lat="68.896497" lon="16.548743"><ele>294.4</ele></trkpt>
   <trkpt lat="68.896498" lon="16.548734"><ele>294.6</ele></trkpt>
   <trkpt lat="68.896498" lon="16.548729"><ele>295.2</ele></trkpt>
   <trkpt lat="68.896498" lon="16.548726"><ele>295.6</ele></trkpt>
   <trkpt lat="68.896499" lon="16.548716"><ele>296.2</ele></trkpt>
   <trkpt lat="68.896500" lon="16.548701"><ele>296.8</ele></trkpt>
   <trkpt lat="68.896501" lon="16.548658"><ele>298.0</ele></trkpt>
   <trkpt lat="68.896501" lon="16.548634"><ele>299.0</ele></trkpt>
   <trkpt lat="68.896501" lon="16.548623"><ele>299.4</ele></trkpt>
   <trkpt lat="68.896502" lon="16.548614"><ele>299.8</ele></trkpt>
   <trkpt lat="68.896517" lon="16.548624"><ele>300.0</ele></trkpt>
   <trkpt lat="68.896533" lon="16.548634"><ele>300.0</ele></trkpt>
   <trkpt lat="68.896582" lon="16.548620"><ele>300.2</ele></trkpt>
   <trkpt lat="68.896590" lon="16.548583"><ele>300.8</ele></trkpt>
   <trkpt lat="68.896589" lon="16.548574"><ele>301.0</ele></trkpt>
   <trkpt lat="68.896587" lon="16.548569"><ele>301.2</ele></trkpt>
   <trkpt lat="68.896587" lon="16.548569"><ele>301.6</ele></trkpt>
   <trkpt lat="68.896587" lon="16.548569"><ele>301.8</ele></trkpt>
   <trkpt lat="68.896585" lon="16.548535"><ele>302.2</ele></trkpt>
   <trkpt lat="68.896585" lon="16.548535"><ele>302.4</ele></trkpt>
   <trkpt lat="68.896579" lon="16.548366"><ele>303.6</ele></trkpt>
   <trkpt lat="68.896582" lon="16.548348"><ele>304.0</ele></trkpt>
   <trkpt lat="68.896583" lon="16.548351"><ele>304.2</ele></trkpt>
   <trkpt lat="68.896589" lon="16.548294"><ele>304.6</ele></trkpt>
   <trkpt lat="68.896590" lon="16.548267"><ele>305.2</ele></trkpt>
   <trkpt lat="68.896592" lon="16.548258"><ele>305.4</ele></trkpt>
   <trkpt lat="68.896592" lon="16.548253"><ele>305.6</ele></trkpt>
   <trkpt lat="68.896599" lon="16.548226"><ele>306.6</ele></trkpt>
   <trkpt lat="68.896602" lon="16.548214"><ele>306.8</ele></trkpt>
   <trkpt lat="68.896613" lon="16.548211"><ele>307.0</ele></trkpt>
   <trkpt lat="68.896625" lon="16.548219"><ele>307.8</ele></trkpt>
   <trkpt lat="68.896630" lon="16.548219"><ele>308.0</ele></trkpt>
   <trkpt lat="68.896638" lon="16.548230"><ele>308.4</ele></trkpt>
   <trkpt lat="68.896647" lon="16.548233"><ele>308.6</ele></trkpt>
   <trkpt lat="68.896653" lon="16.548232"><ele>308.8</ele></trkpt>
   <trkpt lat="68.896662" lon="16.548241"><ele>309.4</ele></trkpt>
   <trkpt lat="68.896663" lon="16.548240"><ele>309.8</ele></trkpt>
   <trkpt lat="68.896664" lon="16.548237"><ele>309.8</ele></trkpt>
   <trkpt lat="68.896666" lon="16.548240"><ele>309.8</ele></trkpt>
   <trkpt lat="68.896676" lon="16.548241"><ele>310.0</ele></trkpt>
   <trkpt lat="68.896686" lon="16.548241"><ele>310.4</ele></trkpt>
   <trkpt lat="68.896692" lon="16.548224"><ele>311.0</ele></trkpt>
   <trkpt lat="68.896697" lon="16.548220"><ele>311.4</ele></trkpt>
   <trkpt lat="68.896709" lon="16.548236"><ele>312.2</ele></trkpt>
   <trkpt lat="68.896711" lon="16.548238"><ele>312.6</ele></trkpt>
   <trkpt lat="68.896705" lon="16.548247"><ele>313.0</ele></trkpt>
   <trkpt lat="68.896705" lon="16.548247"><ele>312.8</ele></trkpt>
   <trkpt lat="68.896706" lon="16.548247"><ele>312.8</ele></trkpt>
   <trkpt lat="68.896706" lon="16.548246"><ele>312.8</ele></trkpt>
   <trkpt lat="68.896707" lon="16.548246"><ele>313.2</ele></trkpt>
   <trkpt lat="68.896707" lon="16.548246"><ele>313.4</ele></trkpt>
   <trkpt lat="68.896708" lon="16.548247"><ele>314.0</ele></trkpt>
   <trkpt lat="68.896708" lon="16.548247"><ele>314.2</ele></trkpt>
   <trkpt lat="68.896708" lon="16.548247"><ele>314.4</ele></trkpt>
   <trkpt lat="68.896709" lon="16.548248"><ele>314.4</ele></trkpt>
   <trkpt lat="68.896719" lon="16.548249"><ele>314.6</ele></trkpt>
   <trkpt lat="68.896724" lon="16.548251"><ele>314.4</ele></trkpt>
   <trkpt lat="68.896736" lon="16.548254"><ele>314.8</ele></trkpt>
   <trkpt lat="68.896739" lon="16.548257"><ele>314.8</ele></trkpt>
   <trkpt lat="68.896740" lon="16.548258"><ele>314.8</ele></trkpt>
   <trkpt lat="68.896742" lon="16.548262"><ele>314.8</ele></trkpt>
   <trkpt lat="68.896742" lon="16.548262"><ele>315.0</ele></trkpt>
   <trkpt lat="68.896742" lon="16.548262"><ele>315.0</ele></trkpt>
   <trkpt lat="68.896743" lon="16.548262"><ele>315.2</ele></trkpt>
   <trkpt lat="68.896743" lon="16.548258"><ele>315.2</ele></trkpt>
   <trkpt lat="68.896743" lon="16.548248"><ele>315.2</ele></trkpt>
   <trkpt lat="68.896747" lon="16.548248"><ele>315.2</ele></trkpt>
   <trkpt lat="68.896750" lon="16.548248"><ele>315.2</ele></trkpt>
   <trkpt lat="68.896757" lon="16.548245"><ele>315.4</ele></trkpt>
   <trkpt lat="68.896758" lon="16.548242"><ele>316.8</ele></trkpt>
   <trkpt lat="68.896761" lon="16.548234"><ele>317.8</ele></trkpt>
   <trkpt lat="68.896764" lon="16.548228"><ele>319.0</ele></trkpt>
   <trkpt lat="68.896766" lon="16.548226"><ele>320.0</ele></trkpt>
   <trkpt lat="68.896774" lon="16.548225"><ele>321.4</ele></trkpt>
   <trkpt lat="68.896786" lon="16.548223"><ele>322.4</ele></trkpt>
   <trkpt lat="68.896813" lon="16.548225"><ele>323.0</ele></trkpt>
   <trkpt lat="68.896828" lon="16.548228"><ele>323.0</ele></trkpt>
   <trkpt lat="68.896832" lon="16.548229"><ele>323.0</ele></trkpt>
   <trkpt lat="68.896843" lon="16.548232"><ele>322.8</ele></trkpt>
   <trkpt lat="68.896845" lon="16.548232"><ele>322.8</ele></trkpt>
   <trkpt lat="68.896845" lon="16.548232"><ele>322.8</ele></trkpt>
   <trkpt lat="68.896846" lon="16.548232"><ele>322.8</ele></trkpt>
   <trkpt lat="68.896846" lon="16.548232"><ele>322.8</ele></trkpt>
   <trkpt lat="68.896846" lon="16.548232"><ele>322.8</ele></trkpt>
   <trkpt lat="68.896846" lon="16.548233"><ele>322.8</ele></trkpt>
   <trkpt lat="68.896846" lon="16.548232"><ele>323.4</ele></trkpt>
   <trkpt lat="68.896846" lon="16.548232"><ele>324.2</ele></trkpt>
   <trkpt lat="68.896846" lon="16.548232"><ele>324.4</ele></trkpt>
   <trkpt lat="68.896847" lon="16.548230"><ele>325.6</ele></trkpt>
   <trkpt lat="68.896847" lon="16.548230"><ele>326.0</ele></trkpt>
   <trkpt lat="68.896847" lon="16.548223"><ele>326.8</ele></trkpt>
   <trkpt lat="68.896847" lon="16.548205"><ele>327.4</ele></trkpt>
   <trkpt lat="68.896847" lon="16.548199"><ele>327.6</ele></trkpt>
   <trkpt lat="68.896847" lon="16.548191"><ele>327.8</ele></trkpt>
   <trkpt lat="68.896848" lon="16.548184"><ele>327.8</ele></trkpt>
   <trkpt lat="68.896850" lon="16.548178"><ele>328.0</ele></trkpt>
   <trkpt lat="68.896857" lon="16.548165"><ele>328.6</ele></trkpt>
   <trkpt lat="68.896863" lon="16.548159"><ele>329.0</ele></trkpt>
   <trkpt lat="68.896874" lon="16.548148"><ele>330.0</ele></trkpt>
   <trkpt lat="68.896876" lon="16.548140"><ele>330.0</ele></trkpt>
   <trkpt lat="68.896878" lon="16.548135"><ele>330.2</ele></trkpt>
   <trkpt lat="68.896879" lon="16.548129"><ele>330.4</ele></trkpt>
   <trkpt lat="68.896879" lon="16.548123"><ele>330.6</ele></trkpt>
   <trkpt lat="68.896881" lon="16.548112"><ele>331.0</ele></trkpt>
   <trkpt lat="68.896882" lon="16.548107"><ele>331.2</ele></trkpt>
   <trkpt lat="68.896884" lon="16.548100"><ele>331.8</ele></trkpt>
   <trkpt lat="68.896887" lon="16.548091"><ele>332.4</ele></trkpt>
   <trkpt lat="68.896892" lon="16.548083"><ele>333.4</ele></trkpt>
   <trkpt lat="68.896894" lon="16.548076"><ele>334.6</ele></trkpt>
   <trkpt lat="68.896895" lon="16.548075"><ele>335.6</ele></trkpt>
   <trkpt lat="68.896895" lon="16.548075"><ele>335.8</ele></trkpt>
   <trkpt lat="68.896896" lon="16.548074"><ele>336.8</ele></trkpt>
   <trkpt lat="68.896897" lon="16.548073"><ele>338.0</ele></trkpt>
   <trkpt lat="68.896897" lon="16.548072"><ele>338.4</ele></trkpt>
   <trkpt lat="68.896898" lon="16.548071"><ele>338.6</ele></trkpt>
   <trkpt lat="68.896898" lon="16.548070"><ele>338.6</ele></trkpt>
   <trkpt lat="68.896898" lon="16.548070"><ele>338.6</ele></trkpt>
   <trkpt lat="68.896899" lon="16.548068"><ele>338.8</ele></trkpt>
   <trkpt lat="68.896899" lon="16.548068"><ele>338.8</ele></trkpt>
   <trkpt lat="68.896899" lon="16.548067"><ele>339.0</ele></trkpt>
   <trkpt lat="68.896899" lon="16.548065"><ele>339.4</ele></trkpt>
   <trkpt lat="68.896899" lon="16.548064"><ele>339.6</ele></trkpt>
   <trkpt lat="68.896900" lon="16.548063"><ele>339.6</ele></trkpt>
   <trkpt lat="68.896900" lon="16.548062"><ele>339.8</ele></trkpt>
   <trkpt lat="68.896901" lon="16.548059"><ele>339.8</ele></trkpt>
   <trkpt lat="68.896901" lon="16.548059"><ele>339.8</ele></trkpt>
   <trkpt lat="68.896901" lon="16.548058"><ele>339.6</ele></trkpt>
   <trkpt lat="68.896902" lon="16.548055"><ele>339.6</ele></trkpt>
   <trkpt lat="68.896903" lon="16.548052"><ele>339.6</ele></trkpt>
   <trkpt lat="68.896903" lon="16.548050"><ele>339.6</ele></trkpt>
   <trkpt lat="68.896903" lon="16.548049"><ele>339.6</ele></trkpt>
   <trkpt lat="68.896904" lon="16.548049"><ele>339.6</ele></trkpt>
   <trkpt lat="68.896904" lon="16.548047"><ele>339.6</ele></trkpt>
   <trkpt lat="68.896904" lon="16.548047"><ele>339.6</ele></trkpt>
   <trkpt lat="68.896904" lon="16.548046"><ele>339.6</ele></trkpt>
   <trkpt lat="68.896904" lon="16.548046"><ele>339.6</ele></trkpt>
   <trkpt lat="68.896905" lon="16.548044"><ele>339.6</ele></trkpt>
   <trkpt lat="68.896905" lon="16.548041"><ele>339.4</ele></trkpt>
   <trkpt lat="68.896906" lon="16.548040"><ele>339.6</ele></trkpt>
   <trkpt lat="68.896906" lon="16.548037"><ele>339.6</ele></trkpt>
   <trkpt lat="68.896906" lon="16.548037"><ele>339.4</ele></trkpt>
   <trkpt lat="68.896906" lon="16.548035"><ele>339.4</ele></trkpt>
   <trkpt lat="68.896907" lon="16.548034"><ele>339.4</ele></trkpt>
   <trkpt lat="68.896907" lon="16.548031"><ele>339.4</ele></trkpt>
   <trkpt lat="68.896908" lon="16.548030"><ele>339.2</ele></trkpt>
   <trkpt lat="68.896908" lon="16.548027"><ele>339.2</ele></trkpt>
   <trkpt lat="68.896908" lon="16.548027"><ele>339.2</ele></trkpt>
   <trkpt lat="68.896908" lon="16.548026"><ele>339.2</ele></trkpt>
   <trkpt lat="68.896908" lon="16.548025"><ele>339.2</ele></trkpt>
   <trkpt lat="68.896909" lon="16.548023"><ele>339.2</ele></trkpt>
   <trkpt lat="68.896909" lon="16.548020"><ele>339.2</ele></trkpt>
   <trkpt lat="68.896910" lon="16.548017"><ele>339.0</ele></trkpt>
   <trkpt lat="68.896911" lon="16.548013"><ele>339.4</ele></trkpt>
   <trkpt lat="68.896911" lon="16.548011"><ele>340.2</ele></trkpt>
   <trkpt lat="68.896912" lon="16.548009"><ele>341.2</ele></trkpt>
   <trkpt lat="68.896912" lon="16.548006"><ele>342.4</ele></trkpt>
   <trkpt lat="68.896913" lon="16.548004"><ele>343.0</ele></trkpt>
   <trkpt lat="68.896913" lon="16.548003"><ele>343.4</ele></trkpt>
   <trkpt lat="68.896913" lon="16.548002"><ele>343.8</ele></trkpt>
   <trkpt lat="68.896914" lon="16.548001"><ele>344.6</ele></trkpt>
   <trkpt lat="68.896914" lon="16.547998"><ele>345.8</ele></trkpt>
   <trkpt lat="68.896915" lon="16.547997"><ele>346.2</ele></trkpt>
   <trkpt lat="68.896915" lon="16.547996"><ele>346.4</ele></trkpt>
   <trkpt lat="68.896916" lon="16.547994"><ele>347.0</ele></trkpt>
   <trkpt lat="68.896917" lon="16.547990"><ele>348.0</ele></trkpt>
   <trkpt lat="68.896919" lon="16.547987"><ele>348.0</ele></trkpt>
   <trkpt lat="68.896921" lon="16.547983"><ele>348.0</ele></trkpt>
   <trkpt lat="68.896922" lon="16.547981"><ele>347.8</ele></trkpt>
   <trkpt lat="68.896923" lon="16.547979"><ele>347.8</ele></trkpt>
   <trkpt lat="68.896923" lon="16.547978"><ele>347.8</ele></trkpt>
   <trkpt lat="68.896925" lon="16.547974"><ele>347.8</ele></trkpt>
   <trkpt lat="68.896925" lon="16.547974"><ele>347.8</ele></trkpt>
   <trkpt lat="68.896927" lon="16.547971"><ele>347.8</ele></trkpt>
   <trkpt lat="68.896929" lon="16.547967"><ele>347.8</ele></trkpt>
   <trkpt lat="68.896931" lon="16.547963"><ele>347.8</ele></trkpt>
   <trkpt lat="68.896933" lon="16.547960"><ele>347.6</ele></trkpt>
   <trkpt lat="68.896935" lon="16.547956"><ele>347.4</ele></trkpt>
   <trkpt lat="68.896936" lon="16.547953"><ele>347.4</ele></trkpt>
   <trkpt lat="68.896937" lon="16.547951"><ele>347.4</ele></trkpt>
   <trkpt lat="68.896939" lon="16.547948"><ele>347.4</ele></trkpt>
   <trkpt lat="68.896941" lon="16.547944"><ele>348.2</ele></trkpt>
   <trkpt lat="68.896942" lon="16.547941"><ele>349.2</ele></trkpt>
   <trkpt lat="68.896943" lon="16.547939"><ele>349.6</ele></trkpt>
   <trkpt lat="68.896944" lon="16.547939"><ele>349.8</ele></trkpt>
   <trkpt lat="68.896944" lon="16.547938"><ele>350.0</ele></trkpt>
   <trkpt lat="68.896944" lon="16.547938"><ele>350.2</ele></trkpt>
   <trkpt lat="68.896945" lon="16.547937"><ele>350.2</ele></trkpt>
   <trkpt lat="68.896946" lon="16.547935"><ele>350.4</ele></trkpt>
   <trkpt lat="68.896949" lon="16.547932"><ele>350.4</ele></trkpt>
   <trkpt lat="68.896951" lon="16.547929"><ele>350.4</ele></trkpt>
   <trkpt lat="68.896953" lon="16.547927"><ele>350.4</ele></trkpt>
   <trkpt lat="68.896954" lon="16.547926"><ele>350.4</ele></trkpt>
   <trkpt lat="68.896956" lon="16.547924"><ele>351.4</ele></trkpt>
   <trkpt lat="68.896958" lon="16.547921"><ele>352.4</ele></trkpt>
   <trkpt lat="68.896959" lon="16.547920"><ele>352.6</ele></trkpt>
   <trkpt lat="68.896961" lon="16.547917"><ele>353.6</ele></trkpt>
   <trkpt lat="68.896964" lon="16.547913"><ele>354.6</ele></trkpt>
   <trkpt lat="68.896965" lon="16.547912"><ele>354.8</ele></trkpt>
   <trkpt lat="68.896965" lon="16.547912"><ele>355.2</ele></trkpt>
   <trkpt lat="68.896967" lon="16.547909"><ele>355.4</ele></trkpt>
   <trkpt lat="68.896969" lon="16.547905"><ele>355.6</ele></trkpt>
   <trkpt lat="68.896973" lon="16.547899"><ele>356.6</ele></trkpt>
   <trkpt lat="68.896976" lon="16.547894"><ele>357.8</ele></trkpt>
   <trkpt lat="68.896978" lon="16.547889"><ele>359.0</ele></trkpt>
   <trkpt lat="68.896982" lon="16.547883"><ele>359.8</ele></trkpt>
   <trkpt lat="68.896982" lon="16.547882"><ele>360.0</ele></trkpt>
   <trkpt lat="68.896983" lon="16.547881"><ele>360.6</ele></trkpt>
   <trkpt lat="68.896986" lon="16.547875"><ele>361.2</ele></trkpt>
   <trkpt lat="68.896988" lon="16.547870"><ele>362.2</ele></trkpt>
   <trkpt lat="68.896991" lon="16.547864"><ele>363.6</ele></trkpt>
   <trkpt lat="68.896993" lon="16.547860"><ele>364.6</ele></trkpt>
   <trkpt lat="68.896995" lon="16.547857"><ele>364.8</ele></trkpt>
   <trkpt lat="68.896995" lon="16.547856"><ele>365.0</ele></trkpt>
   <trkpt lat="68.896996" lon="16.547855"><ele>365.2</ele></trkpt>
   <trkpt lat="68.896997" lon="16.547853"><ele>365.8</ele></trkpt>
   <trkpt lat="68.896998" lon="16.547850"><ele>366.2</ele></trkpt>
   <trkpt lat="68.897000" lon="16.547847"><ele>366.8</ele></trkpt>
   <trkpt lat="68.897002" lon="16.547843"><ele>367.2</ele></trkpt>
   <trkpt lat="68.897006" lon="16.547836"><ele>367.0</ele></trkpt>
   <trkpt lat="68.897009" lon="16.547828"><ele>367.4</ele></trkpt>
   <trkpt lat="68.897011" lon="16.547826"><ele>367.6</ele></trkpt>
   <trkpt lat="68.897011" lon="16.547825"><ele>367.8</ele></trkpt>
   <trkpt lat="68.897012" lon="16.547823"><ele>368.0</ele></trkpt>
   <trkpt lat="68.897016" lon="16.547816"><ele>369.0</ele></trkpt>
   <trkpt lat="68.897020" lon="16.547809"><ele>370.2</ele></trkpt>
   <trkpt lat="68.897023" lon="16.547805"><ele>371.2</ele></trkpt>
   <trkpt lat="68.897024" lon="16.547803"><ele>371.4</ele></trkpt>
   <trkpt lat="68.897025" lon="16.547802"><ele>371.8</ele></trkpt>
   <trkpt lat="68.897027" lon="16.547799"><ele>372.6</ele></trkpt>
   <trkpt lat="68.897030" lon="16.547793"><ele>373.6</ele></trkpt>
   <trkpt lat="68.897035" lon="16.547786"><ele>373.8</ele></trkpt>
   <trkpt lat="68.897040" lon="16.547779"><ele>373.6</ele></trkpt>
   <trkpt lat="68.897044" lon="16.547773"><ele>373.8</ele></trkpt>
   <trkpt lat="68.897048" lon="16.547767"><ele>374.8</ele></trkpt>
   <trkpt lat="68.897052" lon="16.547762"><ele>375.6</ele></trkpt>
   <trkpt lat="68.897052" lon="16.547761"><ele>375.8</ele></trkpt>
   <trkpt lat="68.897053" lon="16.547760"><ele>376.0</ele></trkpt>
   <trkpt lat="68.897054" lon="16.547759"><ele>376.0</ele></trkpt>
   <trkpt lat="68.897055" lon="16.547757"><ele>376.4</ele></trkpt>
   <trkpt lat="68.897057" lon="16.547754"><ele>376.8</ele></trkpt>
   <trkpt lat="68.897058" lon="16.547753"><ele>377.0</ele></trkpt>
   <trkpt lat="68.897059" lon="16.547752"><ele>377.2</ele></trkpt>
   <trkpt lat="68.897063" lon="16.547745"><ele>378.0</ele></trkpt>
   <trkpt lat="68.897068" lon="16.547737"><ele>379.0</ele></trkpt>
   <trkpt lat="68.897074" lon="16.547730"><ele>379.0</ele></trkpt>
   <trkpt lat="68.897075" lon="16.547728"><ele>379.2</ele></trkpt>
   <trkpt lat="68.897080" lon="16.547722"><ele>380.4</ele></trkpt>
   <trkpt lat="68.897084" lon="16.547716"><ele>381.4</ele></trkpt>
   <trkpt lat="68.897085" lon="16.547715"><ele>381.6</ele></trkpt>
   <trkpt lat="68.897088" lon="16.547711"><ele>382.2</ele></trkpt>
   <trkpt lat="68.897089" lon="16.547710"><ele>382.4</ele></trkpt>
   <trkpt lat="68.897092" lon="16.547705"><ele>383.4</ele></trkpt>
   <trkpt lat="68.897094" lon="16.547703"><ele>383.6</ele></trkpt>
   <trkpt lat="68.897099" lon="16.547696"><ele>385.0</ele></trkpt>
   <trkpt lat="68.897104" lon="16.547688"><ele>386.0</ele></trkpt>
   <trkpt lat="68.897107" lon="16.547683"><ele>386.6</ele></trkpt>
   <trkpt lat="68.897109" lon="16.547681"><ele>387.0</ele></trkpt>
   <trkpt lat="68.897109" lon="16.547679"><ele>387.2</ele></trkpt>
   <trkpt lat="68.897114" lon="16.547672"><ele>388.0</ele></trkpt>
   <trkpt lat="68.897120" lon="16.547663"><ele>388.0</ele></trkpt>
   <trkpt lat="68.897121" lon="16.547661"><ele>388.2</ele></trkpt>
   <trkpt lat="68.897127" lon="16.547653"><ele>389.0</ele></trkpt>
   <trkpt lat="68.897128" lon="16.547651"><ele>389.4</ele></trkpt>
   <trkpt lat="68.897131" lon="16.547647"><ele>390.0</ele></trkpt>
   <trkpt lat="68.897136" lon="16.547640"><ele>390.2</ele></trkpt>
   <trkpt lat="68.897139" lon="16.547635"><ele>390.2</ele></trkpt>
   <trkpt lat="68.897144" lon="16.547628"><ele>390.0</ele></trkpt>
   <trkpt lat="68.897146" lon="16.547625"><ele>390.0</ele></trkpt>
   <trkpt lat="68.897147" lon="16.547623"><ele>390.0</ele></trkpt>
   <trkpt lat="68.897152" lon="16.547615"><ele>390.4</ele></trkpt>
   <trkpt lat="68.897158" lon="16.547606"><ele>391.4</ele></trkpt>
   <trkpt lat="68.897159" lon="16.547605"><ele>391.4</ele></trkpt>
   <trkpt lat="68.897160" lon="16.547603"><ele>391.4</ele></trkpt>
   <trkpt lat="68.897162" lon="16.547600"><ele>391.4</ele></trkpt>
   <trkpt lat="68.897163" lon="16.547597"><ele>391.4</ele></trkpt>
   <trkpt lat="68.897169" lon="16.547587"><ele>391.4</ele></trkpt>
   <trkpt lat="68.897172" lon="16.547581"><ele>391.2</ele></trkpt>
   <trkpt lat="68.897177" lon="16.547572"><ele>391.0</ele></trkpt>
   <trkpt lat="68.897178" lon="16.547569"><ele>391.0</ele></trkpt>
   <trkpt lat="68.897180" lon="16.547566"><ele>391.0</ele></trkpt>
   <trkpt lat="68.897182" lon="16.547562"><ele>391.0</ele></trkpt>
   <trkpt lat="68.897186" lon="16.547554"><ele>391.2</ele></trkpt>
   <trkpt lat="68.897187" lon="16.547552"><ele>391.2</ele></trkpt>
   <trkpt lat="68.897188" lon="16.547551"><ele>391.4</ele></trkpt>
   <trkpt lat="68.897189" lon="16.547549"><ele>391.4</ele></trkpt>
   <trkpt lat="68.897190" lon="16.547546"><ele>391.4</ele></trkpt>
   <trkpt lat="68.897195" lon="16.547535"><ele>391.4</ele></trkpt>
   <trkpt lat="68.897197" lon="16.547532"><ele>391.2</ele></trkpt>
   <trkpt lat="68.897202" lon="16.547521"><ele>391.4</ele></trkpt>
   <trkpt lat="68.897207" lon="16.547511"><ele>391.4</ele></trkpt>
   <trkpt lat="68.897209" lon="16.547506"><ele>391.4</ele></trkpt>
   <trkpt lat="68.897210" lon="16.547504"><ele>391.2</ele></trkpt>
   <trkpt lat="68.897211" lon="16.547500"><ele>391.2</ele></trkpt>
   <trkpt lat="68.897216" lon="16.547490"><ele>391.0</ele></trkpt>
   <trkpt lat="68.897220" lon="16.547481"><ele>391.6</ele></trkpt>
   <trkpt lat="68.897221" lon="16.547478"><ele>392.0</ele></trkpt>
   <trkpt lat="68.897224" lon="16.547473"><ele>392.8</ele></trkpt>
   <trkpt lat="68.897225" lon="16.547471"><ele>392.8</ele></trkpt>
   <trkpt lat="68.897225" lon="16.547470"><ele>393.0</ele></trkpt>
   <trkpt lat="68.897225" lon="16.547470"><ele>393.2</ele></trkpt>
   <trkpt lat="68.897227" lon="16.547466"><ele>393.4</ele></trkpt>
   <trkpt lat="68.897228" lon="16.547464"><ele>393.8</ele></trkpt>
   <trkpt lat="68.897228" lon="16.547464"><ele>394.0</ele></trkpt>
   <trkpt lat="68.897230" lon="16.547459"><ele>394.4</ele></trkpt>
   <trkpt lat="68.897232" lon="16.547456"><ele>394.8</ele></trkpt>
   <trkpt lat="68.897232" lon="16.547454"><ele>395.0</ele></trkpt>
   <trkpt lat="68.897236" lon="16.547445"><ele>396.0</ele></trkpt>
   <trkpt lat="68.897237" lon="16.547443"><ele>396.0</ele></trkpt>
   <trkpt lat="68.897242" lon="16.547432"><ele>397.2</ele></trkpt>
   <trkpt lat="68.897244" lon="16.547428"><ele>397.6</ele></trkpt>
   <trkpt lat="68.897244" lon="16.547426"><ele>397.8</ele></trkpt>
   <trkpt lat="68.897246" lon="16.547423"><ele>398.0</ele></trkpt>
   <trkpt lat="68.897249" lon="16.547417"><ele>398.2</ele></trkpt>
   <trkpt lat="68.897251" lon="16.547412"><ele>398.4</ele></trkpt>
   <trkpt lat="68.897253" lon="16.547408"><ele>398.8</ele></trkpt>
   <trkpt lat="68.897255" lon="16.547405"><ele>399.2</ele></trkpt>
   <trkpt lat="68.897256" lon="16.547403"><ele>399.4</ele></trkpt>
   <trkpt lat="68.897258" lon="16.547399"><ele>399.6</ele></trkpt>
   <trkpt lat="68.897261" lon="16.547394"><ele>400.2</ele></trkpt>
   <trkpt lat="68.897261" lon="16.547392"><ele>400.4</ele></trkpt>
   <trkpt lat="68.897267" lon="16.547382"><ele>401.2</ele></trkpt>
   <trkpt lat="68.897268" lon="16.547380"><ele>401.4</ele></trkpt>
   <trkpt lat="68.897482" lon="16.547086"><ele>402.2</ele></trkpt>
   <trkpt lat="68.897625" lon="16.546882"><ele>402.6</ele></trkpt>
   <trkpt lat="68.897696" lon="16.546783"><ele>402.8</ele></trkpt>
   <trkpt lat="68.897763" lon="16.546679"><ele>403.0</ele></trkpt>
   <trkpt lat="68.897968" lon="16.546366"><ele>403.6</ele></trkpt>
   <trkpt lat="68.897984" lon="16.546355"><ele>403.6</ele></trkpt>
   <trkpt lat="68.898012" lon="16.546359"><ele>404.2</ele></trkpt>
   <trkpt lat="68.898017" lon="16.546356"><ele>404.4</ele></trkpt>
   <trkpt lat="68.898021" lon="16.546359"><ele>404.8</ele></trkpt>
   <trkpt lat="68.898030" lon="16.546341"><ele>405.2</ele></trkpt>
   <trkpt lat="68.898030" lon="16.546323"><ele>405.8</ele></trkpt>
   <trkpt lat="68.898029" lon="16.546315"><ele>406.0</ele></trkpt>
   <trkpt lat="68.898029" lon="16.546291"><ele>406.4</ele></trkpt>
   <trkpt lat="68.898029" lon="16.546278"><ele>406.4</ele></trkpt>
   <trkpt lat="68.898024" lon="16.546266"><ele>406.8</ele></trkpt>
   <trkpt lat="68.898022" lon="16.546263"><ele>407.4</ele></trkpt>
   <trkpt lat="68.898022" lon="16.546263"><ele>407.6</ele></trkpt>
   <trkpt lat="68.898022" lon="16.546263"><ele>407.8</ele></trkpt>
   <trkpt lat="68.898022" lon="16.546263"><ele>408.0</ele></trkpt>
   <trkpt lat="68.898024" lon="16.546263"><ele>408.8</ele></trkpt>
   <trkpt lat="68.898024" lon="16.546259"><ele>409.0</ele></trkpt>
   <trkpt lat="68.898027" lon="16.546219"><ele>410.2</ele></trkpt>
   <trkpt lat="68.898028" lon="16.546185"><ele>410.6</ele></trkpt>
   <trkpt lat="68.898030" lon="16.546185"><ele>410.6</ele></trkpt>
   <trkpt lat="68.898045" lon="16.546185"><ele>410.8</ele></trkpt>
   <trkpt lat="68.898046" lon="16.546185"><ele>411.2</ele></trkpt>
   <trkpt lat="68.898047" lon="16.546187"><ele>412.2</ele></trkpt>
   <trkpt lat="68.898047" lon="16.546187"><ele>413.0</ele></trkpt>
   <trkpt lat="68.898048" lon="16.546187"><ele>413.4</ele></trkpt>
   <trkpt lat="68.898064" lon="16.546186"><ele>414.6</ele></trkpt>
   <trkpt lat="68.898080" lon="16.546185"><ele>415.0</ele></trkpt>
   <trkpt lat="68.898082" lon="16.546108"><ele>415.8</ele></trkpt>
   <trkpt lat="68.898079" lon="16.546086"><ele>416.0</ele></trkpt>
   <trkpt lat="68.898073" lon="16.545951"><ele>416.6</ele></trkpt>
   <trkpt lat="68.898073" lon="16.545951"><ele>416.6</ele></trkpt>
   <trkpt lat="68.898066" lon="16.545954"><ele>416.8</ele></trkpt>
   <trkpt lat="68.898068" lon="16.545961"><ele>416.6</ele></trkpt>
   <trkpt lat="68.898068" lon="16.545961"><ele>416.8</ele></trkpt>
   <trkpt lat="68.898068" lon="16.545955"><ele>417.8</ele></trkpt>
   <trkpt lat="68.898068" lon="16.545954"><ele>418.0</ele></trkpt>
   <trkpt lat="68.898068" lon="16.545950"><ele>419.0</ele></trkpt>
   <trkpt lat="68.898068" lon="16.545946"><ele>419.8</ele></trkpt>
   <trkpt lat="68.898068" lon="16.545930"><ele>420.2</ele></trkpt>
   <trkpt lat="68.898069" lon="16.545873"><ele>421.4</ele></trkpt>
   <trkpt lat="68.898070" lon="16.545853"><ele>421.8</ele></trkpt>
   <trkpt lat="68.898071" lon="16.545843"><ele>422.0</ele></trkpt>
   <trkpt lat="68.898071" lon="16.545831"><ele>422.0</ele></trkpt>
   <trkpt lat="68.898071" lon="16.545806"><ele>422.4</ele></trkpt>
   <trkpt lat="68.898076" lon="16.545760"><ele>423.6</ele></trkpt>
   <trkpt lat="68.898085" lon="16.545716"><ele>424.8</ele></trkpt>
   <trkpt lat="68.898090" lon="16.545666"><ele>425.8</ele></trkpt>
   <trkpt lat="68.898106" lon="16.545631"><ele>426.8</ele></trkpt>
   <trkpt lat="68.898110" lon="16.545597"><ele>427.6</ele></trkpt>
   <trkpt lat="68.898111" lon="16.545566"><ele>428.0</ele></trkpt>
   <trkpt lat="68.898112" lon="16.545516"><ele>428.4</ele></trkpt>
   <trkpt lat="68.898116" lon="16.545492"><ele>428.4</ele></trkpt>
   <trkpt lat="68.898133" lon="16.545444"><ele>429.0</ele></trkpt>
   <trkpt lat="68.898141" lon="16.545429"><ele>430.2</ele></trkpt>
   <trkpt lat="68.898145" lon="16.545419"><ele>431.4</ele></trkpt>
   <trkpt lat="68.898152" lon="16.545385"><ele>432.4</ele></trkpt>
   <trkpt lat="68.898155" lon="16.545332"><ele>433.6</ele></trkpt>
   <trkpt lat="68.898156" lon="16.545325"><ele>433.6</ele></trkpt>
   <trkpt lat="68.898165" lon="16.545305"><ele>433.8</ele></trkpt>
   <trkpt lat="68.898181" lon="16.545286"><ele>434.6</ele></trkpt>
   <trkpt lat="68.898187" lon="16.545281"><ele>434.8</ele></trkpt>
   <trkpt lat="68.898189" lon="16.545256"><ele>434.8</ele></trkpt>
   <trkpt lat="68.898188" lon="16.545243"><ele>434.8</ele></trkpt>
   <trkpt lat="68.898188" lon="16.545241"><ele>434.8</ele></trkpt>
   <trkpt lat="68.898188" lon="16.545239"><ele>434.6</ele></trkpt>
   <trkpt lat="68.898188" lon="16.545238"><ele>434.6</ele></trkpt>
   <trkpt lat="68.898187" lon="16.545237"><ele>434.6</ele></trkpt>
   <trkpt lat="68.898187" lon="16.545235"><ele>434.6</ele></trkpt>
   <trkpt lat="68.898187" lon="16.545235"><ele>434.8</ele></trkpt>
   <trkpt lat="68.898187" lon="16.545235"><ele>435.2</ele></trkpt>
   <trkpt lat="68.898187" lon="16.545236"><ele>435.2</ele></trkpt>
   <trkpt lat="68.898187" lon="16.545236"><ele>435.2</ele></trkpt>
   <trkpt lat="68.898187" lon="16.545236"><ele>435.0</ele></trkpt>
   <trkpt lat="68.898187" lon="16.545237"><ele>434.6</ele></trkpt>
   <trkpt lat="68.898187" lon="16.545238"><ele>434.6</ele></trkpt>
   <trkpt lat="68.898187" lon="16.545239"><ele>434.8</ele></trkpt>
   <trkpt lat="68.898187" lon="16.545241"><ele>434.8</ele></trkpt>
   <trkpt lat="68.898187" lon="16.545244"><ele>435.0</ele></trkpt>
   <trkpt lat="68.898187" lon="16.545244"><ele>435.2</ele></trkpt>
   <trkpt lat="68.898187" lon="16.545245"><ele>435.6</ele></trkpt>
   <trkpt lat="68.898187" lon="16.545245"><ele>436.2</ele></trkpt>
   <trkpt lat="68.898187" lon="16.545245"><ele>436.6</ele></trkpt>
   <trkpt lat="68.898187" lon="16.545246"><ele>437.4</ele></trkpt>
   <trkpt lat="68.898187" lon="16.545245"><ele>437.8</ele></trkpt>
   <trkpt lat="68.898187" lon="16.545236"><ele>439.0</ele></trkpt>
   <trkpt lat="68.898188" lon="16.545219"><ele>439.8</ele></trkpt>
   <trkpt lat="68.898189" lon="16.545215"><ele>440.0</ele></trkpt>
   <trkpt lat="68.898189" lon="16.545210"><ele>440.0</ele></trkpt>
   <trkpt lat="68.898190" lon="16.545209"><ele>440.0</ele></trkpt>
   <trkpt lat="68.898190" lon="16.545208"><ele>441.0</ele></trkpt>
   <trkpt lat="68.898190" lon="16.545207"><ele>441.8</ele></trkpt>
   <trkpt lat="68.898190" lon="16.545207"><ele>441.8</ele></trkpt>
   <trkpt lat="68.898190" lon="16.545206"><ele>441.8</ele></trkpt>
   <trkpt lat="68.898190" lon="16.545206"><ele>442.2</ele></trkpt>
   <trkpt lat="68.898191" lon="16.545205"><ele>443.2</ele></trkpt>
   <trkpt lat="68.898191" lon="16.545204"><ele>444.0</ele></trkpt>
   <trkpt lat="68.898191" lon="16.545203"><ele>444.2</ele></trkpt>
   <trkpt lat="68.898191" lon="16.545202"><ele>444.8</ele></trkpt>
   <trkpt lat="68.898192" lon="16.545201"><ele>445.2</ele></trkpt>
   <trkpt lat="68.898192" lon="16.545200"><ele>445.4</ele></trkpt>
   <trkpt lat="68.898192" lon="16.545198"><ele>446.0</ele></trkpt>
   <trkpt lat="68.898193" lon="16.545197"><ele>446.4</ele></trkpt>
   <trkpt lat="68.898193" lon="16.545196"><ele>446.6</ele></trkpt>
   <trkpt lat="68.898193" lon="16.545194"><ele>447.4</ele></trkpt>
   <trkpt lat="68.898193" lon="16.545194"><ele>447.6</ele></trkpt>
   <trkpt lat="68.898194" lon="16.545190"><ele>447.6</ele></trkpt>
   <trkpt lat="68.898195" lon="16.545187"><ele>448.0</ele></trkpt>
   <trkpt lat="68.898195" lon="16.545185"><ele>448.6</ele></trkpt>
   <trkpt lat="68.898196" lon="16.545182"><ele>449.4</ele></trkpt>
   <trkpt lat="68.898196" lon="16.545180"><ele>449.8</ele></trkpt>
   <trkpt lat="68.898197" lon="16.545177"><ele>450.0</ele></trkpt>
   <trkpt lat="68.898197" lon="16.545174"><ele>450.6</ele></trkpt>
   <trkpt lat="68.898198" lon="16.545173"><ele>450.8</ele></trkpt>
   <trkpt lat="68.898198" lon="16.545170"><ele>451.8</ele></trkpt>
   <trkpt lat="68.898199" lon="16.545167"><ele>452.8</ele></trkpt>
   <trkpt lat="68.898200" lon="16.545164"><ele>453.2</ele></trkpt>
   <trkpt lat="68.898202" lon="16.545161"><ele>453.2</ele></trkpt>
   <trkpt lat="68.898203" lon="16.545158"><ele>453.2</ele></trkpt>
   <trkpt lat="68.898204" lon="16.545155"><ele>453.4</ele></trkpt>
   <trkpt lat="68.898206" lon="16.545152"><ele>453.2</ele></trkpt>
   <trkpt lat="68.898207" lon="16.545150"><ele>453.4</ele></trkpt>
   <trkpt lat="68.898208" lon="16.545147"><ele>454.0</ele></trkpt>
   <trkpt lat="68.898210" lon="16.545144"><ele>454.4</ele></trkpt>
   <trkpt lat="68.898211" lon="16.545141"><ele>454.6</ele></trkpt>
   <trkpt lat="68.898212" lon="16.545140"><ele>455.0</ele></trkpt>
   <trkpt lat="68.898277" lon="16.544957"><ele>456.2</ele></trkpt>
   <trkpt lat="68.898295" lon="16.544908"><ele>456.4</ele></trkpt>
   <trkpt lat="68.898314" lon="16.544863"><ele>456.6</ele></trkpt>
   <trkpt lat="68.898369" lon="16.544743"><ele>457.4</ele></trkpt>
   <trkpt lat="68.898389" lon="16.544696"><ele>458.0</ele></trkpt>
   <trkpt lat="68.898389" lon="16.544696"><ele>458.0</ele></trkpt>
   <trkpt lat="68.898389" lon="16.544696"><ele>458.0</ele></trkpt>
   <trkpt lat="68.898389" lon="16.544696"><ele>458.0</ele></trkpt>
   <trkpt lat="68.898389" lon="16.544696"><ele>458.2</ele></trkpt>
   <trkpt lat="68.898389" lon="16.544696"><ele>458.2</ele></trkpt>
   <trkpt lat="68.898389" lon="16.544696"><ele>458.4</ele></trkpt>
   <trkpt lat="68.898389" lon="16.544696"><ele>458.4</ele></trkpt>
   <trkpt lat="68.898384" lon="16.544696"><ele>458.4</ele></trkpt>
   <trkpt lat="68.898384" lon="16.544696"><ele>458.4</ele></trkpt>
   <trkpt lat="68.898383" lon="16.544696"><ele>458.4</ele></trkpt>
   <trkpt lat="68.898383" lon="16.544696"><ele>458.2</ele></trkpt>
   <trkpt lat="68.898382" lon="16.544696"><ele>458.2</ele></trkpt>
   <trkpt lat="68.898381" lon="16.544696"><ele>458.2</ele></trkpt>
   <trkpt lat="68.898376" lon="16.544693"><ele>458.2</ele></trkpt>
   <trkpt lat="68.898376" lon="16.544689"><ele>458.4</ele></trkpt>
   <trkpt lat="68.898376" lon="16.544687"><ele>458.6</ele></trkpt>
   <trkpt lat="68.898376" lon="16.544686"><ele>458.8</ele></trkpt>
   <trkpt lat="68.898376" lon="16.544685"><ele>459.0</ele></trkpt>
   <trkpt lat="68.898376" lon="16.544681"><ele>459.8</ele></trkpt>
   <trkpt lat="68.898376" lon="16.544676"><ele>460.8</ele></trkpt>
   <trkpt lat="68.898381" lon="16.544672"><ele>461.8</ele></trkpt>
   <trkpt lat="68.898383" lon="16.544670"><ele>462.8</ele></trkpt>
   <trkpt lat="68.898385" lon="16.544607"><ele>464.0</ele></trkpt>
   <trkpt lat="68.898386" lon="16.544582"><ele>464.4</ele></trkpt>
   <trkpt lat="68.898386" lon="16.544570"><ele>464.6</ele></trkpt>
   <trkpt lat="68.898409" lon="16.544523"><ele>464.8</ele></trkpt>
   <trkpt lat="68.898416" lon="16.544495"><ele>464.8</ele></trkpt>
   <trkpt lat="68.898422" lon="16.544477"><ele>464.8</ele></trkpt>
   <trkpt lat="68.898425" lon="16.544459"><ele>465.0</ele></trkpt>
   <trkpt lat="68.898425" lon="16.544456"><ele>465.0</ele></trkpt>
   <trkpt lat="68.898425" lon="16.544455"><ele>465.0</ele></trkpt>
   <trkpt lat="68.898425" lon="16.544450"><ele>465.2</ele></trkpt>
   <trkpt lat="68.898425" lon="16.544450"><ele>465.2</ele></trkpt>
   <trkpt lat="68.898425" lon="16.544449"><ele>465.2</ele></trkpt>
   <trkpt lat="68.898425" lon="16.544449"><ele>465.2</ele></trkpt>
   <trkpt lat="68.898425" lon="16.544448"><ele>465.2</ele></trkpt>
   <trkpt lat="68.898425" lon="16.544446"><ele>465.2</ele></trkpt>
   <trkpt lat="68.898425" lon="16.544446"><ele>465.4</ele></trkpt>
   <trkpt lat="68.898425" lon="16.544446"><ele>465.4</ele></trkpt>
   <trkpt lat="68.898425" lon="16.544444"><ele>465.2</ele></trkpt>
   <trkpt lat="68.898425" lon="16.544442"><ele>465.2</ele></trkpt>
   <trkpt lat="68.898425" lon="16.544441"><ele>465.2</ele></trkpt>
   <trkpt lat="68.898425" lon="16.544441"><ele>465.2</ele></trkpt>
   <trkpt lat="68.898425" lon="16.544440"><ele>465.2</ele></trkpt>
   <trkpt lat="68.898426" lon="16.544440"><ele>465.2</ele></trkpt>
   <trkpt lat="68.898427" lon="16.544440"><ele>465.0</ele></trkpt>
   <trkpt lat="68.898427" lon="16.544440"><ele>465.2</ele></trkpt>
   <trkpt lat="68.898427" lon="16.544439"><ele>465.2</ele></trkpt>
   <trkpt lat="68.898428" lon="16.544440"><ele>465.0</ele></trkpt>
   <trkpt lat="68.898429" lon="16.544442"><ele>465.4</ele></trkpt>
   <trkpt lat="68.898429" lon="16.544443"><ele>466.2</ele></trkpt>
   <trkpt lat="68.898430" lon="16.544443"><ele>467.2</ele></trkpt>
   <trkpt lat="68.898435" lon="16.544447"><ele>468.4</ele></trkpt>
   <trkpt lat="68.898459" lon="16.544449"><ele>469.4</ele></trkpt>
   <trkpt lat="68.898482" lon="16.544449"><ele>470.0</ele></trkpt>
   <trkpt lat="68.898503" lon="16.544445"><ele>470.0</ele></trkpt>
   <trkpt lat="68.898512" lon="16.544437"><ele>470.6</ele></trkpt>
   <trkpt lat="68.898513" lon="16.544436"><ele>470.8</ele></trkpt>
   <trkpt lat="68.898514" lon="16.544435"><ele>471.0</ele></trkpt>
   <trkpt lat="68.898515" lon="16.544434"><ele>471.4</ele></trkpt>
   <trkpt lat="68.898516" lon="16.544433"><ele>471.6</ele></trkpt>
   <trkpt lat="68.898518" lon="16.544429"><ele>472.2</ele></trkpt>
   <trkpt lat="68.898518" lon="16.544427"><ele>472.8</ele></trkpt>
   <trkpt lat="68.898522" lon="16.544417"><ele>474.0</ele></trkpt>
   <trkpt lat="68.898523" lon="16.544414"><ele>474.2</ele></trkpt>
   <trkpt lat="68.898526" lon="16.544410"><ele>474.2</ele></trkpt>
   <trkpt lat="68.898529" lon="16.544407"><ele>474.4</ele></trkpt>
   <trkpt lat="68.898531" lon="16.544405"><ele>474.4</ele></trkpt>
   <trkpt lat="68.898536" lon="16.544400"><ele>474.4</ele></trkpt>
   <trkpt lat="68.898544" lon="16.544396"><ele>475.0</ele></trkpt>
   <trkpt lat="68.898545" lon="16.544396"><ele>475.0</ele></trkpt>
   <trkpt lat="68.898545" lon="16.544395"><ele>476.4</ele></trkpt>
   <trkpt lat="68.898545" lon="16.544395"><ele>476.6</ele></trkpt>
   <trkpt lat="68.898546" lon="16.544395"><ele>477.0</ele></trkpt>
   <trkpt lat="68.898546" lon="16.544395"><ele>477.6</ele></trkpt>
   <trkpt lat="68.898546" lon="16.544395"><ele>478.0</ele></trkpt>
   <trkpt lat="68.898546" lon="16.544395"><ele>478.8</ele></trkpt>
   <trkpt lat="68.898547" lon="16.544394"><ele>479.8</ele></trkpt>
   <trkpt lat="68.898548" lon="16.544394"><ele>480.8</ele></trkpt>
   <trkpt lat="68.898549" lon="16.544393"><ele>481.0</ele></trkpt>
   <trkpt lat="68.898550" lon="16.544392"><ele>481.8</ele></trkpt>
   <trkpt lat="68.898550" lon="16.544392"><ele>481.8</ele></trkpt>
   <trkpt lat="68.898551" lon="16.544392"><ele>482.0</ele></trkpt>
   <trkpt lat="68.898551" lon="16.544391"><ele>482.2</ele></trkpt>
   <trkpt lat="68.898551" lon="16.544391"><ele>482.8</ele></trkpt>
   <trkpt lat="68.898552" lon="16.544390"><ele>483.0</ele></trkpt>
   <trkpt lat="68.898552" lon="16.544390"><ele>483.6</ele></trkpt>
   <trkpt lat="68.898553" lon="16.544389"><ele>483.8</ele></trkpt>
   <trkpt lat="68.898553" lon="16.544389"><ele>483.8</ele></trkpt>
   <trkpt lat="68.898554" lon="16.544388"><ele>484.2</ele></trkpt>
   <trkpt lat="68.898555" lon="16.544386"><ele>485.2</ele></trkpt>
   <trkpt lat="68.898556" lon="16.544386"><ele>486.0</ele></trkpt>
   <trkpt lat="68.898581" lon="16.544296"><ele>486.6</ele></trkpt>
   <trkpt lat="68.898617" lon="16.544145"><ele>487.4</ele></trkpt>
   <trkpt lat="68.898663" lon="16.544012"><ele>487.6</ele></trkpt>
   <trkpt lat="68.898694" lon="16.543933"><ele>488.0</ele></trkpt>
   <trkpt lat="68.898692" lon="16.543880"><ele>488.2</ele></trkpt>
   <trkpt lat="68.898692" lon="16.543833"><ele>488.8</ele></trkpt>
   <trkpt lat="68.898692" lon="16.543788"><ele>490.0</ele></trkpt>
   <trkpt lat="68.898694" lon="16.543771"><ele>490.4</ele></trkpt>
   <trkpt lat="68.898697" lon="16.543756"><ele>490.8</ele></trkpt>
   <trkpt lat="68.898697" lon="16.543756"><ele>491.2</ele></trkpt>
   <trkpt lat="68.898698" lon="16.543738"><ele>491.4</ele></trkpt>
   <trkpt lat="68.898693" lon="16.543718"><ele>492.0</ele></trkpt>
   <trkpt lat="68.898685" lon="16.543658"><ele>492.2</ele></trkpt>
   <trkpt lat="68.898692" lon="16.543636"><ele>493.2</ele></trkpt>
   <trkpt lat="68.898692" lon="16.543636"><ele>493.4</ele></trkpt>
   <trkpt lat="68.898692" lon="16.543636"><ele>493.6</ele></trkpt>
   <trkpt lat="68.898692" lon="16.543636"><ele>493.6</ele></trkpt>
   <trkpt lat="68.898692" lon="16.543628"><ele>493.8</ele></trkpt>
   <trkpt lat="68.898692" lon="16.543627"><ele>494.2</ele></trkpt>
   <trkpt lat="68.898692" lon="16.543627"><ele>494.4</ele></trkpt>
   <trkpt lat="68.898692" lon="16.543623"><ele>495.4</ele></trkpt>
   <trkpt lat="68.898691" lon="16.543589"><ele>496.4</ele></trkpt>
   <trkpt lat="68.898691" lon="16.543584"><ele>496.6</ele></trkpt>
   <trkpt lat="68.898691" lon="16.543573"><ele>497.4</ele></trkpt>
   <trkpt lat="68.898691" lon="16.543554"><ele>497.6</ele></trkpt>
   <trkpt lat="68.898692" lon="16.543514"><ele>498.6</ele></trkpt>
   <trkpt lat="68.898707" lon="16.543501"><ele>500.0</ele></trkpt>
   <trkpt lat="68.898714" lon="16.543460"><ele>501.0</ele></trkpt>
   <trkpt lat="68.898719" lon="16.543445"><ele>502.2</ele></trkpt>
   <trkpt lat="68.898723" lon="16.543419"><ele>502.8</ele></trkpt>
   <trkpt lat="68.898736" lon="16.543395"><ele>503.2</ele></trkpt>
   <trkpt lat="68.898738" lon="16.543367"><ele>503.4</ele></trkpt>
   <trkpt lat="68.898741" lon="16.543353"><ele>503.6</ele></trkpt>
   <trkpt lat="68.898741" lon="16.543343"><ele>503.8</ele></trkpt>
   <trkpt lat="68.898740" lon="16.543343"><ele>503.8</ele></trkpt>
   <trkpt lat="68.898739" lon="16.543342"><ele>503.8</ele></trkpt>
   <trkpt lat="68.898739" lon="16.543342"><ele>503.8</ele></trkpt>
   <trkpt lat="68.898739" lon="16.543342"><ele>503.8</ele></trkpt>
   <trkpt lat="68.898738" lon="16.543342"><ele>504.0</ele></trkpt>
   <trkpt lat="68.898738" lon="16.543342"><ele>504.0</ele></trkpt>
   <trkpt lat="68.898738" lon="16.543342"><ele>504.0</ele></trkpt>
   <trkpt lat="68.898737" lon="16.543342"><ele>504.0</ele></trkpt>
   <trkpt lat="68.898738" lon="16.543338"><ele>504.0</ele></trkpt>
   <trkpt lat="68.898739" lon="16.543335"><ele>503.8</ele></trkpt>
   <trkpt lat="68.898739" lon="16.543332"><ele>503.6</ele></trkpt>
   <trkpt lat="68.898742" lon="16.543330"><ele>503.8</ele></trkpt>
   <trkpt lat="68.898744" lon="16.543329"><ele>504.0</ele></trkpt>
   <trkpt lat="68.898744" lon="16.543324"><ele>503.8</ele></trkpt>
   <trkpt lat="68.898744" lon="16.543320"><ele>504.0</ele></trkpt>
   <trkpt lat="68.898744" lon="16.543319"><ele>504.0</ele></trkpt>
   <trkpt lat="68.898744" lon="16.543319"><ele>504.0</ele></trkpt>
   <trkpt lat="68.898744" lon="16.543317"><ele>504.0</ele></trkpt>
   <trkpt lat="68.898744" lon="16.543315"><ele>503.8</ele></trkpt>
   <trkpt lat="68.898744" lon="16.543313"><ele>504.0</ele></trkpt>
   <trkpt lat="68.898745" lon="16.543291"><ele>504.0</ele></trkpt>
   <trkpt lat="68.898746" lon="16.543264"><ele>504.0</ele></trkpt>
   <trkpt lat="68.898747" lon="16.543261"><ele>504.0</ele></trkpt>
   <trkpt lat="68.898748" lon="16.543243"><ele>503.8</ele></trkpt>
   <trkpt lat="68.898748" lon="16.543233"><ele>503.8</ele></trkpt>
   <trkpt lat="68.898748" lon="16.543232"><ele>503.8</ele></trkpt>
   <trkpt lat="68.898748" lon="16.543230"><ele>503.8</ele></trkpt>
   <trkpt lat="68.898748" lon="16.543229"><ele>503.8</ele></trkpt>
   <trkpt lat="68.898748" lon="16.543229"><ele>503.8</ele></trkpt>
   <trkpt lat="68.898747" lon="16.543230"><ele>503.8</ele></trkpt>
   <trkpt lat="68.898745" lon="16.543235"><ele>503.8</ele></trkpt>
   <trkpt lat="68.898745" lon="16.543239"><ele>503.8</ele></trkpt>
   <trkpt lat="68.898745" lon="16.543240"><ele>503.8</ele></trkpt>
   <trkpt lat="68.898744" lon="16.543241"><ele>503.8</ele></trkpt>
   <trkpt lat="68.898744" lon="16.543241"><ele>503.8</ele></trkpt>
   <trkpt lat="68.898744" lon="16.543241"><ele>503.8</ele></trkpt>
   <trkpt lat="68.898744" lon="16.543241"><ele>503.8</ele></trkpt>
   <trkpt lat="68.898744" lon="16.543242"><ele>503.8</ele></trkpt>
   <trkpt lat="68.898744" lon="16.543242"><ele>503.8</ele></trkpt>
   <trkpt lat="68.898744" lon="16.543243"><ele>503.8</ele></trkpt>
   <trkpt lat="68.898744" lon="16.543243"><ele>503.8</ele></trkpt>
   <trkpt lat="68.898744" lon="16.543244"><ele>503.8</ele></trkpt>
   <trkpt lat="68.898744" lon="16.543244"><ele>503.8</ele></trkpt>
   <trkpt lat="68.898744" lon="16.543245"><ele>503.8</ele></trkpt>
   <trkpt lat="68.898744" lon="16.543245"><ele>503.8</ele></trkpt>
   <trkpt lat="68.898744" lon="16.543245"><ele>503.8</ele></trkpt>
   <trkpt lat="68.898744" lon="16.543245"><ele>503.8</ele></trkpt>
   <trkpt lat="68.898745" lon="16.543245"><ele>503.8</ele></trkpt>
   <trkpt lat="68.898745" lon="16.543245"><ele>503.8</ele></trkpt>
   <trkpt lat="68.898746" lon="16.543245"><ele>503.8</ele></trkpt>
   <trkpt lat="68.898746" lon="16.543245"><ele>503.8</ele></trkpt>
   <trkpt lat="68.898746" lon="16.543245"><ele>503.8</ele></trkpt>
   <trkpt lat="68.898747" lon="16.543245"><ele>503.8</ele></trkpt>
   <trkpt lat="68.898747" lon="16.543246"><ele>503.8</ele></trkpt>
   <trkpt lat="68.898748" lon="16.543246"><ele>503.8</ele></trkpt>
   <trkpt lat="68.898749" lon="16.543246"><ele>503.8</ele></trkpt>
   <trkpt lat="68.898749" lon="16.543246"><ele>507.4</ele></trkpt>
   <trkpt lat="68.898750" lon="16.543246"><ele>507.4</ele></trkpt>
   <trkpt lat="68.898750" lon="16.543246"><ele>507.4</ele></trkpt>
   <trkpt lat="68.898750" lon="16.543246"><ele>507.4</ele></trkpt>
   <trkpt lat="68.898751" lon="16.543247"><ele>507.4</ele></trkpt>
   <trkpt lat="68.898752" lon="16.543247"><ele>507.4</ele></trkpt>
   <trkpt lat="68.898753" lon="16.543247"><ele>507.4</ele></trkpt>
   <trkpt lat="68.898753" lon="16.543247"><ele>507.4</ele></trkpt>
   <trkpt lat="68.898753" lon="16.543247"><ele>507.4</ele></trkpt>
   <trkpt lat="68.898753" lon="16.543247"><ele>507.4</ele></trkpt>
   <trkpt lat="68.898754" lon="16.543247"><ele>508.0</ele></trkpt>
   <trkpt lat="68.898755" lon="16.543248"><ele>508.0</ele></trkpt>
   <trkpt lat="68.898756" lon="16.543248"><ele>508.6</ele></trkpt>
   <trkpt lat="68.898757" lon="16.543248"><ele>509.8</ele></trkpt>
   <trkpt lat="68.898757" lon="16.543248"><ele>510.8</ele></trkpt>
   <trkpt lat="68.898757" lon="16.543248"><ele>511.0</ele></trkpt>
   <trkpt lat="68.898758" lon="16.543248"><ele>511.2</ele></trkpt>
   <trkpt lat="68.898758" lon="16.543249"><ele>511.4</ele></trkpt>
   <trkpt lat="68.898758" lon="16.543249"><ele>512.0</ele></trkpt>
   <trkpt lat="68.898760" lon="16.543249"><ele>513.0</ele></trkpt>
   <trkpt lat="68.898760" lon="16.543249"><ele>513.2</ele></trkpt>
   <trkpt lat="68.898760" lon="16.543249"><ele>513.8</ele></trkpt>
   <trkpt lat="68.898762" lon="16.543248"><ele>514.4</ele></trkpt>
   <trkpt lat="68.898762" lon="16.543248"><ele>515.2</ele></trkpt>
   <trkpt lat="68.898763" lon="16.543248"><ele>515.6</ele></trkpt>
   <trkpt lat="68.898763" lon="16.543248"><ele>516.0</ele></trkpt>
   <trkpt lat="68.898764" lon="16.543248"><ele>516.2</ele></trkpt>
   <trkpt lat="68.898765" lon="16.543248"><ele>516.6</ele></trkpt>
   <trkpt lat="68.898767" lon="16.543247"><ele>517.8</ele></trkpt>
   <trkpt lat="68.898769" lon="16.543246"><ele>518.8</ele></trkpt>
   <trkpt lat="68.898770" lon="16.543246"><ele>519.0</ele></trkpt>
   <trkpt lat="68.898773" lon="16.543244"><ele>519.0</ele></trkpt>
   <trkpt lat="68.898774" lon="16.543243"><ele>519.0</ele></trkpt>
   <trkpt lat="68.898775" lon="16.543242"><ele>519.0</ele></trkpt>
   <trkpt lat="68.898775" lon="16.543242"><ele>519.0</ele></trkpt>
   <trkpt lat="68.898778" lon="16.543240"><ele>519.6</ele></trkpt>
   <trkpt lat="68.898780" lon="16.543239"><ele>520.0</ele></trkpt>
   <trkpt lat="68.898782" lon="16.543237"><ele>521.0</ele></trkpt>
   <trkpt lat="68.898784" lon="16.543235"><ele>521.4</ele></trkpt>
   <trkpt lat="68.898786" lon="16.543233"><ele>521.4</ele></trkpt>
   <trkpt lat="68.898786" lon="16.543233"><ele>521.4</ele></trkpt>
   <trkpt lat="68.898788" lon="16.543231"><ele>521.4</ele></trkpt>
   <trkpt lat="68.898790" lon="16.543228"><ele>521.4</ele></trkpt>
   <trkpt lat="68.898792" lon="16.543225"><ele>521.2</ele></trkpt>
   <trkpt lat="68.898793" lon="16.543223"><ele>521.2</ele></trkpt>
   <trkpt lat="68.898796" lon="16.543220"><ele>521.2</ele></trkpt>
   <trkpt lat="68.898797" lon="16.543218"><ele>522.0</ele></trkpt>
   <trkpt lat="68.898799" lon="16.543215"><ele>523.0</ele></trkpt>
   <trkpt lat="68.898800" lon="16.543214"><ele>523.6</ele></trkpt>
   <trkpt lat="68.898802" lon="16.543211"><ele>524.2</ele></trkpt>
   <trkpt lat="68.898804" lon="16.543208"><ele>524.6</ele></trkpt>
   <trkpt lat="68.898806" lon="16.543204"><ele>525.0</ele></trkpt>
   <trkpt lat="68.898808" lon="16.543202"><ele>525.4</ele></trkpt>
   <trkpt lat="68.898810" lon="16.543199"><ele>525.6</ele></trkpt>
   <trkpt lat="68.898810" lon="16.543198"><ele>525.6</ele></trkpt>
   <trkpt lat="68.898813" lon="16.543194"><ele>526.0</ele></trkpt>
   <trkpt lat="68.898813" lon="16.543193"><ele>526.0</ele></trkpt>
   <trkpt lat="68.898813" lon="16.543193"><ele>526.0</ele></trkpt>
   <trkpt lat="68.898815" lon="16.543191"><ele>526.2</ele></trkpt>
   <trkpt lat="68.898815" lon="16.543190"><ele>526.6</ele></trkpt>
   <trkpt lat="68.898818" lon="16.543185"><ele>527.6</ele></trkpt>
   <trkpt lat="68.898821" lon="16.543180"><ele>528.4</ele></trkpt>
   <trkpt lat="68.898822" lon="16.543177"><ele>528.4</ele></trkpt>
   <trkpt lat="68.898824" lon="16.543173"><ele>528.8</ele></trkpt>
   <trkpt lat="68.898825" lon="16.543172"><ele>529.0</ele></trkpt>
   <trkpt lat="68.898826" lon="16.543170"><ele>529.0</ele></trkpt>
   <trkpt lat="68.898826" lon="16.543169"><ele>529.0</ele></trkpt>
   <trkpt lat="68.898828" lon="16.543164"><ele>528.8</ele></trkpt>
   <trkpt lat="68.898830" lon="16.543159"><ele>528.8</ele></trkpt>
   <trkpt lat="68.898833" lon="16.543154"><ele>529.2</ele></trkpt>
   <trkpt lat="68.898834" lon="16.543150"><ele>530.0</ele></trkpt>
   <trkpt lat="68.898836" lon="16.543145"><ele>531.0</ele></trkpt>
   <trkpt lat="68.898839" lon="16.543139"><ele>531.8</ele></trkpt>
   <trkpt lat="68.898840" lon="16.543137"><ele>532.2</ele></trkpt>
   <trkpt lat="68.898840" lon="16.543136"><ele>532.6</ele></trkpt>
   <trkpt lat="68.898841" lon="16.543135"><ele>532.8</ele></trkpt>
   <trkpt lat="68.898841" lon="16.543134"><ele>533.2</ele></trkpt>
   <trkpt lat="68.898842" lon="16.543133"><ele>533.4</ele></trkpt>
   <trkpt lat="68.898844" lon="16.543128"><ele>534.6</ele></trkpt>
   <trkpt lat="68.898845" lon="16.543126"><ele>535.0</ele></trkpt>
   <trkpt lat="68.898847" lon="16.543121"><ele>535.6</ele></trkpt>
   <trkpt lat="68.898847" lon="16.543119"><ele>535.8</ele></trkpt>
   <trkpt lat="68.898849" lon="16.543114"><ele>536.8</ele></trkpt>
   <trkpt lat="68.898852" lon="16.543108"><ele>538.0</ele></trkpt>
   <trkpt lat="68.898854" lon="16.543101"><ele>538.6</ele></trkpt>
   <trkpt lat="68.898858" lon="16.543092"><ele>539.0</ele></trkpt>
   <trkpt lat="68.898861" lon="16.543082"><ele>539.2</ele></trkpt>
   <trkpt lat="68.898865" lon="16.543073"><ele>539.6</ele></trkpt>
   <trkpt lat="68.898867" lon="16.543066"><ele>540.0</ele></trkpt>
   <trkpt lat="68.898868" lon="16.543062"><ele>540.8</ele></trkpt>
   <trkpt lat="68.898869" lon="16.543060"><ele>541.0</ele></trkpt>
   <trkpt lat="68.898870" lon="16.543059"><ele>541.0</ele></trkpt>
   <trkpt lat="68.898871" lon="16.543054"><ele>542.2</ele></trkpt>
   <trkpt lat="68.898874" lon="16.543046"><ele>543.2</ele></trkpt>
   <trkpt lat="68.898878" lon="16.543037"><ele>544.2</ele></trkpt>
   <trkpt lat="68.898878" lon="16.543035"><ele>544.2</ele></trkpt>
   <trkpt lat="68.898882" lon="16.543027"><ele>544.2</ele></trkpt>
   <trkpt lat="68.898885" lon="16.543018"><ele>544.2</ele></trkpt>
   <trkpt lat="68.898887" lon="16.543014"><ele>544.0</ele></trkpt>
   <trkpt lat="68.898888" lon="16.543011"><ele>544.2</ele></trkpt>
   <trkpt lat="68.898890" lon="16.543006"><ele>544.2</ele></trkpt>
   <trkpt lat="68.898893" lon="16.542998"><ele>545.2</ele></trkpt>
   <trkpt lat="68.898897" lon="16.542990"><ele>546.4</ele></trkpt>
   <trkpt lat="68.898900" lon="16.542982"><ele>546.6</ele></trkpt>
   <trkpt lat="68.898903" lon="16.542975"><ele>547.2</ele></trkpt>
   <trkpt lat="68.898903" lon="16.542974"><ele>547.6</ele></trkpt>
   <trkpt lat="68.898906" lon="16.542967"><ele>548.6</ele></trkpt>
   <trkpt lat="68.898909" lon="16.542959"><ele>549.8</ele></trkpt>
   <trkpt lat="68.898910" lon="16.542957"><ele>550.0</ele></trkpt>
   <trkpt lat="68.898913" lon="16.542950"><ele>550.8</ele></trkpt>
   <trkpt lat="68.898917" lon="16.542940"><ele>551.4</ele></trkpt>
   <trkpt lat="68.898918" lon="16.542936"><ele>551.8</ele></trkpt>
   <trkpt lat="68.898921" lon="16.542931"><ele>552.4</ele></trkpt>
   <trkpt lat="68.898922" lon="16.542927"><ele>553.2</ele></trkpt>
   <trkpt lat="68.898926" lon="16.542918"><ele>554.0</ele></trkpt>
   <trkpt lat="68.898928" lon="16.542913"><ele>554.2</ele></trkpt>
   <trkpt lat="68.898933" lon="16.542902"><ele>554.8</ele></trkpt>
   <trkpt lat="68.898935" lon="16.542897"><ele>555.2</ele></trkpt>
   <trkpt lat="68.898938" lon="16.542892"><ele>555.8</ele></trkpt>
   <trkpt lat="68.898939" lon="16.542888"><ele>556.2</ele></trkpt>
   <trkpt lat="68.898940" lon="16.542886"><ele>556.4</ele></trkpt>
   <trkpt lat="68.898942" lon="16.542883"><ele>557.0</ele></trkpt>
   <trkpt lat="68.898943" lon="16.542879"><ele>557.4</ele></trkpt>
   <trkpt lat="68.898947" lon="16.542873"><ele>558.2</ele></trkpt>
   <trkpt lat="68.898948" lon="16.542871"><ele>558.6</ele></trkpt>
   <trkpt lat="68.898951" lon="16.542865"><ele>559.6</ele></trkpt>
   <trkpt lat="68.898955" lon="16.542859"><ele>560.0</ele></trkpt>
   <trkpt lat="68.898961" lon="16.542849"><ele>560.2</ele></trkpt>
   <trkpt lat="68.898964" lon="16.542845"><ele>560.8</ele></trkpt>
   <trkpt lat="68.898969" lon="16.542835"><ele>561.6</ele></trkpt>
   <trkpt lat="68.898973" lon="16.542829"><ele>561.8</ele></trkpt>
   <trkpt lat="68.898973" lon="16.542829"><ele>562.0</ele></trkpt>
   <trkpt lat="68.898979" lon="16.542819"><ele>563.2</ele></trkpt>
   <trkpt lat="68.898985" lon="16.542810"><ele>564.0</ele></trkpt>
   <trkpt lat="68.898992" lon="16.542801"><ele>563.8</ele></trkpt>
   <trkpt lat="68.898994" lon="16.542798"><ele>563.8</ele></trkpt>
   <trkpt lat="68.898995" lon="16.542796"><ele>563.8</ele></trkpt>
   <trkpt lat="68.898996" lon="16.542794"><ele>563.6</ele></trkpt>
   <trkpt lat="68.898997" lon="16.542793"><ele>563.6</ele></trkpt>
   <trkpt lat="68.899000" lon="16.542788"><ele>563.6</ele></trkpt>
   <trkpt lat="68.899003" lon="16.542783"><ele>563.6</ele></trkpt>
   <trkpt lat="68.899004" lon="16.542781"><ele>563.6</ele></trkpt>
   <trkpt lat="68.899007" lon="16.542776"><ele>563.6</ele></trkpt>
   <trkpt lat="68.899008" lon="16.542775"><ele>563.6</ele></trkpt>
   <trkpt lat="68.899010" lon="16.542772"><ele>563.6</ele></trkpt>
   <trkpt lat="68.899015" lon="16.542764"><ele>563.4</ele></trkpt>
   <trkpt lat="68.899018" lon="16.542759"><ele>563.4</ele></trkpt>
   <trkpt lat="68.899023" lon="16.542751"><ele>564.2</ele></trkpt>
   <trkpt lat="68.899028" lon="16.542743"><ele>565.4</ele></trkpt>
   <trkpt lat="68.899034" lon="16.542734"><ele>566.2</ele></trkpt>
   <trkpt lat="68.899037" lon="16.542729"><ele>566.2</ele></trkpt>
   <trkpt lat="68.899043" lon="16.542720"><ele>566.0</ele></trkpt>
   <trkpt lat="68.899045" lon="16.542717"><ele>566.0</ele></trkpt>
   <trkpt lat="68.899051" lon="16.542707"><ele>566.0</ele></trkpt>
   <trkpt lat="68.899055" lon="16.542701"><ele>566.0</ele></trkpt>
   <trkpt lat="68.899060" lon="16.542694"><ele>566.4</ele></trkpt>
   <trkpt lat="68.899061" lon="16.542692"><ele>566.6</ele></trkpt>
   <trkpt lat="68.899063" lon="16.542689"><ele>567.0</ele></trkpt>
   <trkpt lat="68.899065" lon="16.542685"><ele>567.8</ele></trkpt>
   <trkpt lat="68.899129" lon="16.542583"><ele>568.2</ele></trkpt>
   <trkpt lat="68.899264" lon="16.542362"><ele>568.8</ele></trkpt>
   <trkpt lat="68.899467" lon="16.542049"><ele>569.8</ele></trkpt>
   <trkpt lat="68.899536" lon="16.541949"><ele>570.2</ele></trkpt>
   <trkpt lat="68.899670" lon="16.541740"><ele>570.6</ele></trkpt>
   <trkpt lat="68.899739" lon="16.541629"><ele>571.0</ele></trkpt>
   <trkpt lat="68.899749" lon="16.541612"><ele>572.2</ele></trkpt>
   <trkpt lat="68.899754" lon="16.541607"><ele>572.4</ele></trkpt>
   <trkpt lat="68.899760" lon="16.541596"><ele>573.2</ele></trkpt>
   <trkpt lat="68.899758" lon="16.541580"><ele>574.0</ele></trkpt>
   <trkpt lat="68.899758" lon="16.541580"><ele>574.0</ele></trkpt>
   <trkpt lat="68.899758" lon="16.541580"><ele>574.0</ele></trkpt>
   <trkpt lat="68.899758" lon="16.541580"><ele>574.0</ele></trkpt>
   <trkpt lat="68.899758" lon="16.541580"><ele>574.0</ele></trkpt>
   <trkpt lat="68.899758" lon="16.541580"><ele>574.0</ele></trkpt>
   <trkpt lat="68.899759" lon="16.541580"><ele>574.2</ele></trkpt>
   <trkpt lat="68.899759" lon="16.541580"><ele>574.4</ele></trkpt>
   <trkpt lat="68.899775" lon="16.541558"><ele>575.2</ele></trkpt>
   <trkpt lat="68.899782" lon="16.541540"><ele>575.6</ele></trkpt>
   <trkpt lat="68.899791" lon="16.541523"><ele>575.8</ele></trkpt>
   <trkpt lat="68.899801" lon="16.541509"><ele>576.2</ele></trkpt>
   <trkpt lat="68.899814" lon="16.541497"><ele>576.6</ele></trkpt>
   <trkpt lat="68.899835" lon="16.541459"><ele>577.8</ele></trkpt>
   <trkpt lat="68.899838" lon="16.541453"><ele>578.6</ele></trkpt>
   <trkpt lat="68.899845" lon="16.541438"><ele>578.8</ele></trkpt>
   <trkpt lat="68.899848" lon="16.541428"><ele>578.8</ele></trkpt>
   <trkpt lat="68.899855" lon="16.541423"><ele>579.4</ele></trkpt>
   <trkpt lat="68.899858" lon="16.541419"><ele>580.0</ele></trkpt>
   <trkpt lat="68.899859" lon="16.541416"><ele>580.6</ele></trkpt>
   <trkpt lat="68.899859" lon="16.541416"><ele>580.8</ele></trkpt>
   <trkpt lat="68.899859" lon="16.541416"><ele>581.0</ele></trkpt>
   <trkpt lat="68.899859" lon="16.541418"><ele>581.4</ele></trkpt>
   <trkpt lat="68.899859" lon="16.541419"><ele>581.6</ele></trkpt>
   <trkpt lat="68.899859" lon="16.541421"><ele>581.6</ele></trkpt>
   <trkpt lat="68.899858" lon="16.541421"><ele>582.2</ele></trkpt>
   <trkpt lat="68.899858" lon="16.541421"><ele>583.2</ele></trkpt>
   <trkpt lat="68.899858" lon="16.541421"><ele>583.4</ele></trkpt>
   <trkpt lat="68.899858" lon="16.541421"><ele>584.4</ele></trkpt>
   <trkpt lat="68.899858" lon="16.541421"><ele>585.2</ele></trkpt>
   <trkpt lat="68.899859" lon="16.541420"><ele>585.4</ele></trkpt>
   <trkpt lat="68.899863" lon="16.541405"><ele>586.6</ele></trkpt>
   <trkpt lat="68.899888" lon="16.541398"><ele>587.6</ele></trkpt>
   <trkpt lat="68.899894" lon="16.541397"><ele>587.8</ele></trkpt>
   <trkpt lat="68.899912" lon="16.541393"><ele>588.6</ele></trkpt>
   <trkpt lat="68.899916" lon="16.541392"><ele>588.8</ele></trkpt>
   <trkpt lat="68.899922" lon="16.541387"><ele>589.2</ele></trkpt>
   <trkpt lat="68.899931" lon="16.541379"><ele>589.6</ele></trkpt>
   <trkpt lat="68.899945" lon="16.541378"><ele>589.8</ele></trkpt>
   <trkpt lat="68.899959" lon="16.541378"><ele>590.2</ele></trkpt>
   <trkpt lat="68.899969" lon="16.541378"><ele>590.2</ele></trkpt>
   <trkpt lat="68.899980" lon="16.541378"><ele>590.2</ele></trkpt>
   <trkpt lat="68.899992" lon="16.541378"><ele>590.0</ele></trkpt>
   <trkpt lat="68.899999" lon="16.541391"><ele>590.2</ele></trkpt>
   <trkpt lat="68.900000" lon="16.541394"><ele>591.0</ele></trkpt>
   <trkpt lat="68.900000" lon="16.541397"><ele>592.0</ele></trkpt>
   <trkpt lat="68.900002" lon="16.541397"><ele>593.0</ele></trkpt>
   <trkpt lat="68.900019" lon="16.541397"><ele>594.2</ele></trkpt>
   <trkpt lat="68.900035" lon="16.541395"><ele>595.4</ele></trkpt>
   <trkpt lat="68.900045" lon="16.541393"><ele>595.8</ele></trkpt>
   <trkpt lat="68.900057" lon="16.541361"><ele>596.0</ele></trkpt>
   <trkpt lat="68.900072" lon="16.541325"><ele>595.8</ele></trkpt>
   <trkpt lat="68.900081" lon="16.541308"><ele>596.0</ele></trkpt>
   <trkpt lat="68.900084" lon="16.541305"><ele>596.6</ele></trkpt>
   <trkpt lat="68.900086" lon="16.541302"><ele>597.8</ele></trkpt>
   <trkpt lat="68.900086" lon="16.541302"><ele>598.0</ele></trkpt>
   <trkpt lat="68.900102" lon="16.541297"><ele>598.8</ele></trkpt>
   <trkpt lat="68.900110" lon="16.541284"><ele>600.0</ele></trkpt>
   <trkpt lat="68.900110" lon="16.541278"><ele>600.4</ele></trkpt>
   <trkpt lat="68.900112" lon="16.541269"><ele>601.0</ele></trkpt>
   <trkpt lat="68.900112" lon="16.541267"><ele>601.2</ele></trkpt>
   <trkpt lat="68.900121" lon="16.541244"><ele>602.4</ele></trkpt>
   <trkpt lat="68.900133" lon="16.541231"><ele>603.4</ele></trkpt>
   <trkpt lat="68.900152" lon="16.541223"><ele>604.4</ele></trkpt>
   <trkpt lat="68.900171" lon="16.541205"><ele>605.4</ele></trkpt>
   <trkpt lat="68.900174" lon="16.541201"><ele>605.6</ele></trkpt>
   <trkpt lat="68.900186" lon="16.541178"><ele>606.2</ele></trkpt>
   <trkpt lat="68.900189" lon="16.541169"><ele>606.6</ele></trkpt>
   <trkpt lat="68.900191" lon="16.541165"><ele>606.8</ele></trkpt>
   <trkpt lat="68.900193" lon="16.541157"><ele>607.2</ele></trkpt>
   <trkpt lat="68.900197" lon="16.541152"><ele>607.4</ele></trkpt>
   <trkpt lat="68.900203" lon="16.541144"><ele>607.4</ele></trkpt>
   <trkpt lat="68.900211" lon="16.541138"><ele>608.0</ele></trkpt>
   <trkpt lat="68.900218" lon="16.541134"><ele>609.2</ele></trkpt>
   <trkpt lat="68.900228" lon="16.541128"><ele>610.4</ele></trkpt>
   <trkpt lat="68.900231" lon="16.541125"><ele>610.8</ele></trkpt>
   <trkpt lat="68.900235" lon="16.541120"><ele>610.8</ele></trkpt>
   <trkpt lat="68.900238" lon="16.541117"><ele>611.2</ele></trkpt>
   <trkpt lat="68.900238" lon="16.541117"><ele>611.4</ele></trkpt>
   <trkpt lat="68.900238" lon="16.541116"><ele>611.8</ele></trkpt>
   <trkpt lat="68.900238" lon="16.541116"><ele>612.4</ele></trkpt>
   <trkpt lat="68.900239" lon="16.541115"><ele>613.6</ele></trkpt>
   <trkpt lat="68.900239" lon="16.541114"><ele>613.8</ele></trkpt>
   <trkpt lat="68.900239" lon="16.541114"><ele>614.4</ele></trkpt>
   <trkpt lat="68.900239" lon="16.541113"><ele>614.8</ele></trkpt>
   <trkpt lat="68.900240" lon="16.541113"><ele>615.2</ele></trkpt>
   <trkpt lat="68.900240" lon="16.541112"><ele>616.0</ele></trkpt>
   <trkpt lat="68.900241" lon="16.541111"><ele>616.2</ele></trkpt>
   <trkpt lat="68.900242" lon="16.541110"><ele>616.4</ele></trkpt>
   <trkpt lat="68.900242" lon="16.541109"><ele>616.4</ele></trkpt>
   <trkpt lat="68.900242" lon="16.541109"><ele>616.2</ele></trkpt>
   <trkpt lat="68.900243" lon="16.541108"><ele>616.2</ele></trkpt>
   <trkpt lat="68.900244" lon="16.541107"><ele>616.8</ele></trkpt>
   <trkpt lat="68.900244" lon="16.541107"><ele>617.0</ele></trkpt>
   <trkpt lat="68.900245" lon="16.541105"><ele>618.4</ele></trkpt>
   <trkpt lat="68.900245" lon="16.541105"><ele>618.6</ele></trkpt>
   <trkpt lat="68.900245" lon="16.541105"><ele>618.8</ele></trkpt>
   <trkpt lat="68.900246" lon="16.541105"><ele>619.0</ele></trkpt>
   <trkpt lat="68.900246" lon="16.541104"><ele>619.0</ele></trkpt>
   <trkpt lat="68.900246" lon="16.541104"><ele>619.2</ele></trkpt>
   <trkpt lat="68.900247" lon="16.541103"><ele>619.2</ele></trkpt>
   <trkpt lat="68.900248" lon="16.541102"><ele>619.0</ele></trkpt>
   <trkpt lat="68.900249" lon="16.541101"><ele>619.4</ele></trkpt>
   <trkpt lat="68.900250" lon="16.541100"><ele>619.8</ele></trkpt>
   <trkpt lat="68.900252" lon="16.541098"><ele>620.2</ele></trkpt>
   <trkpt lat="68.900252" lon="16.541097"><ele>620.2</ele></trkpt>
   <trkpt lat="68.900252" lon="16.541097"><ele>620.4</ele></trkpt>
   <trkpt lat="68.900252" lon="16.541097"><ele>620.4</ele></trkpt>
   <trkpt lat="68.900253" lon="16.541096"><ele>620.8</ele></trkpt>
   <trkpt lat="68.900254" lon="16.541095"><ele>621.6</ele></trkpt>
   <trkpt lat="68.900255" lon="16.541094"><ele>622.8</ele></trkpt>
   <trkpt lat="68.900257" lon="16.541092"><ele>623.8</ele></trkpt>
   <trkpt lat="68.900257" lon="16.541092"><ele>623.8</ele></trkpt>
   <trkpt lat="68.900258" lon="16.541091"><ele>623.8</ele></trkpt>
   <trkpt lat="68.900259" lon="16.541090"><ele>623.8</ele></trkpt>
   <trkpt lat="68.900259" lon="16.541089"><ele>624.0</ele></trkpt>
   <trkpt lat="68.900261" lon="16.541087"><ele>624.8</ele></trkpt>
   <trkpt lat="68.900264" lon="16.541084"><ele>625.2</ele></trkpt>
   <trkpt lat="68.900266" lon="16.541082"><ele>625.2</ele></trkpt>
   <trkpt lat="68.900267" lon="16.541081"><ele>625.4</ele></trkpt>
   <trkpt lat="68.900267" lon="16.541080"><ele>625.4</ele></trkpt>
   <trkpt lat="68.900267" lon="16.541080"><ele>625.4</ele></trkpt>
   <trkpt lat="68.900268" lon="16.541079"><ele>625.4</ele></trkpt>
   <trkpt lat="68.900270" lon="16.541077"><ele>625.4</ele></trkpt>
   <trkpt lat="68.900270" lon="16.541076"><ele>625.4</ele></trkpt>
   <trkpt lat="68.900271" lon="16.541075"><ele>625.4</ele></trkpt>
   <trkpt lat="68.900272" lon="16.541074"><ele>625.8</ele></trkpt>
   <trkpt lat="68.900273" lon="16.541073"><ele>626.4</ele></trkpt>
   <trkpt lat="68.900274" lon="16.541072"><ele>626.4</ele></trkpt>
   <trkpt lat="68.900274" lon="16.541072"><ele>626.6</ele></trkpt>
   <trkpt lat="68.900274" lon="16.541072"><ele>626.8</ele></trkpt>
   <trkpt lat="68.900275" lon="16.541071"><ele>627.0</ele></trkpt>
   <trkpt lat="68.900275" lon="16.541070"><ele>627.2</ele></trkpt>
   <trkpt lat="68.900276" lon="16.541069"><ele>627.4</ele></trkpt>
   <trkpt lat="68.900277" lon="16.541067"><ele>628.2</ele></trkpt>
   <trkpt lat="68.900279" lon="16.541066"><ele>629.2</ele></trkpt>
   <trkpt lat="68.900280" lon="16.541063"><ele>629.8</ele></trkpt>
   <trkpt lat="68.900282" lon="16.541061"><ele>630.2</ele></trkpt>
   <trkpt lat="68.900284" lon="16.541058"><ele>631.2</ele></trkpt>
   <trkpt lat="68.900285" lon="16.541057"><ele>631.8</ele></trkpt>
   <trkpt lat="68.900286" lon="16.541056"><ele>632.6</ele></trkpt>
   <trkpt lat="68.900288" lon="16.541054"><ele>633.8</ele></trkpt>
   <trkpt lat="68.900290" lon="16.541052"><ele>634.6</ele></trkpt>
   <trkpt lat="68.900291" lon="16.541051"><ele>635.0</ele></trkpt>
   <trkpt lat="68.900294" lon="16.541048"><ele>635.0</ele></trkpt>
   <trkpt lat="68.900297" lon="16.541044"><ele>635.0</ele></trkpt>
   <trkpt lat="68.900299" lon="16.541043"><ele>635.2</ele></trkpt>
   <trkpt lat="68.900299" lon="16.541042"><ele>635.4</ele></trkpt>
   <trkpt lat="68.900300" lon="16.541041"><ele>636.0</ele></trkpt>
   <trkpt lat="68.900301" lon="16.541041"><ele>636.2</ele></trkpt>
   <trkpt lat="68.900301" lon="16.541040"><ele>636.4</ele></trkpt>
   <trkpt lat="68.900303" lon="16.541038"><ele>636.8</ele></trkpt>
   <trkpt lat="68.900304" lon="16.541038"><ele>636.8</ele></trkpt>
   <trkpt lat="68.900304" lon="16.541037"><ele>636.8</ele></trkpt>
   <trkpt lat="68.900306" lon="16.541035"><ele>637.0</ele></trkpt>
   <trkpt lat="68.900307" lon="16.541034"><ele>637.6</ele></trkpt>
   <trkpt lat="68.900308" lon="16.541033"><ele>638.0</ele></trkpt>
   <trkpt lat="68.900308" lon="16.541033"><ele>638.4</ele></trkpt>
   <trkpt lat="68.900310" lon="16.541031"><ele>638.8</ele></trkpt>
   <trkpt lat="68.900311" lon="16.541030"><ele>639.6</ele></trkpt>
   <trkpt lat="68.900315" lon="16.541026"><ele>640.8</ele></trkpt>
   <trkpt lat="68.900319" lon="16.541022"><ele>641.6</ele></trkpt>
   <trkpt lat="68.900322" lon="16.541019"><ele>641.4</ele></trkpt>
   <trkpt lat="68.900323" lon="16.541018"><ele>641.4</ele></trkpt>
   <trkpt lat="68.900326" lon="16.541014"><ele>641.8</ele></trkpt>
   <trkpt lat="68.900329" lon="16.541012"><ele>642.8</ele></trkpt>
   <trkpt lat="68.900329" lon="16.541011"><ele>643.0</ele></trkpt>
   <trkpt lat="68.900331" lon="16.541009"><ele>643.8</ele></trkpt>
   <trkpt lat="68.900333" lon="16.541007"><ele>644.2</ele></trkpt>
   <trkpt lat="68.900333" lon="16.541007"><ele>644.4</ele></trkpt>
   <trkpt lat="68.900336" lon="16.541004"><ele>645.4</ele></trkpt>
   <trkpt lat="68.900338" lon="16.541002"><ele>645.8</ele></trkpt>
   <trkpt lat="68.900341" lon="16.540999"><ele>646.4</ele></trkpt>
   <trkpt lat="68.900345" lon="16.540995"><ele>647.6</ele></trkpt>
   <trkpt lat="68.900350" lon="16.540990"><ele>648.2</ele></trkpt>
   <trkpt lat="68.900353" lon="16.540988"><ele>648.0</ele></trkpt>
   <trkpt lat="68.900354" lon="16.540987"><ele>648.0</ele></trkpt>
   <trkpt lat="68.900356" lon="16.540985"><ele>648.0</ele></trkpt>
   <trkpt lat="68.900361" lon="16.540981"><ele>648.0</ele></trkpt>
   <trkpt lat="68.900364" lon="16.540978"><ele>648.8</ele></trkpt>
   <trkpt lat="68.900368" lon="16.540974"><ele>649.6</ele></trkpt>
   <trkpt lat="68.900370" lon="16.540973"><ele>649.8</ele></trkpt>
   <trkpt lat="68.900373" lon="16.540970"><ele>650.8</ele></trkpt>
   <trkpt lat="68.900374" lon="16.540969"><ele>651.2</ele></trkpt>
   <trkpt lat="68.900375" lon="16.540968"><ele>651.2</ele></trkpt>
   <trkpt lat="68.900375" lon="16.540968"><ele>651.2</ele></trkpt>
   <trkpt lat="68.900378" lon="16.540965"><ele>652.0</ele></trkpt>
   <trkpt lat="68.900381" lon="16.540963"><ele>653.2</ele></trkpt>
   <trkpt lat="68.900384" lon="16.540961"><ele>654.2</ele></trkpt>
   <trkpt lat="68.900389" lon="16.540957"><ele>654.4</ele></trkpt>
   <trkpt lat="68.900394" lon="16.540953"><ele>654.6</ele></trkpt>
   <trkpt lat="68.900397" lon="16.540951"><ele>655.2</ele></trkpt>
   <trkpt lat="68.900402" lon="16.540947"><ele>655.6</ele></trkpt>
   <trkpt lat="68.900407" lon="16.540943"><ele>656.4</ele></trkpt>
   <trkpt lat="68.900411" lon="16.540940"><ele>657.6</ele></trkpt>
   <trkpt lat="68.900417" lon="16.540935"><ele>658.6</ele></trkpt>
   <trkpt lat="68.900421" lon="16.540931"><ele>659.8</ele></trkpt>
   <trkpt lat="68.900426" lon="16.540927"><ele>660.6</ele></trkpt>
   <trkpt lat="68.900429" lon="16.540925"><ele>660.8</ele></trkpt>
   <trkpt lat="68.900436" lon="16.540920"><ele>661.6</ele></trkpt>
   <trkpt lat="68.900440" lon="16.540917"><ele>661.6</ele></trkpt>
   <trkpt lat="68.900441" lon="16.540916"><ele>661.6</ele></trkpt>
   <trkpt lat="68.900442" lon="16.540915"><ele>661.6</ele></trkpt>
   <trkpt lat="68.900444" lon="16.540913"><ele>661.6</ele></trkpt>
   <trkpt lat="68.900451" lon="16.540909"><ele>661.8</ele></trkpt>
   <trkpt lat="68.900455" lon="16.540905"><ele>662.0</ele></trkpt>
   <trkpt lat="68.900462" lon="16.540900"><ele>662.4</ele></trkpt>
   <trkpt lat="68.900468" lon="16.540896"><ele>662.4</ele></trkpt>
   <trkpt lat="68.900470" lon="16.540895"><ele>662.4</ele></trkpt>
   <trkpt lat="68.900472" lon="16.540893"><ele>662.2</ele></trkpt>
   <trkpt lat="68.900474" lon="16.540892"><ele>662.2</ele></trkpt>
   <trkpt lat="68.900477" lon="16.540889"><ele>662.2</ele></trkpt>
   <trkpt lat="68.900478" lon="16.540889"><ele>662.0</ele></trkpt>
   <trkpt lat="68.900480" lon="16.540887"><ele>661.8</ele></trkpt>
   <trkpt lat="68.900483" lon="16.540885"><ele>661.6</ele></trkpt>
   <trkpt lat="68.900488" lon="16.540882"><ele>661.4</ele></trkpt>
   <trkpt lat="68.900494" lon="16.540877"><ele>661.2</ele></trkpt>
   <trkpt lat="68.900499" lon="16.540873"><ele>661.0</ele></trkpt>
   <trkpt lat="68.900503" lon="16.540870"><ele>661.0</ele></trkpt>
   <trkpt lat="68.900507" lon="16.540867"><ele>660.8</ele></trkpt>
   <trkpt lat="68.900508" lon="16.540866"><ele>660.8</ele></trkpt>
   <trkpt lat="68.900514" lon="16.540861"><ele>660.6</ele></trkpt>
   <trkpt lat="68.900515" lon="16.540860"><ele>660.6</ele></trkpt>
   <trkpt lat="68.900515" lon="16.540860"><ele>660.6</ele></trkpt>
   <trkpt lat="68.900516" lon="16.540859"><ele>660.6</ele></trkpt>
   <trkpt lat="68.900519" lon="16.540856"><ele>660.6</ele></trkpt>
   <trkpt lat="68.900525" lon="16.540852"><ele>660.6</ele></trkpt>
   <trkpt lat="68.900529" lon="16.540849"><ele>660.6</ele></trkpt>
   <trkpt lat="68.900531" lon="16.540846"><ele>660.6</ele></trkpt>
   <trkpt lat="68.900537" lon="16.540842"><ele>660.6</ele></trkpt>
   <trkpt lat="68.900543" lon="16.540837"><ele>660.6</ele></trkpt>
   <trkpt lat="68.900547" lon="16.540835"><ele>660.6</ele></trkpt>
   <trkpt lat="68.900552" lon="16.540831"><ele>660.6</ele></trkpt>
   <trkpt lat="68.900557" lon="16.540827"><ele>660.6</ele></trkpt>
   <trkpt lat="68.900559" lon="16.540827"><ele>660.6</ele></trkpt>
   <trkpt lat="68.900559" lon="16.540827"><ele>660.6</ele></trkpt>
   <trkpt lat="68.900561" lon="16.540825"><ele>660.6</ele></trkpt>
   <trkpt lat="68.900562" lon="16.540824"><ele>660.6</ele></trkpt>
   <trkpt lat="68.900565" lon="16.540822"><ele>660.6</ele></trkpt>
   <trkpt lat="68.900571" lon="16.540817"><ele>660.6</ele></trkpt>
   <trkpt lat="68.900572" lon="16.540816"><ele>660.6</ele></trkpt>
   <trkpt lat="68.900573" lon="16.540815"><ele>669.4</ele></trkpt>
   <trkpt lat="68.900574" lon="16.540814"><ele>669.8</ele></trkpt>
   <trkpt lat="68.900575" lon="16.540813"><ele>669.8</ele></trkpt>
   <trkpt lat="68.900576" lon="16.540812"><ele>669.8</ele></trkpt>
   <trkpt lat="68.900577" lon="16.540811"><ele>669.8</ele></trkpt>
   <trkpt lat="68.900579" lon="16.540810"><ele>670.0</ele></trkpt>
   <trkpt lat="68.900583" lon="16.540806"><ele>670.4</ele></trkpt>
   <trkpt lat="68.900590" lon="16.540801"><ele>671.6</ele></trkpt>
   <trkpt lat="68.900596" lon="16.540795"><ele>672.4</ele></trkpt>
   <trkpt lat="68.900597" lon="16.540794"><ele>673.0</ele></trkpt>
   <trkpt lat="68.900600" lon="16.540792"><ele>674.0</ele></trkpt>
   <trkpt lat="68.900607" lon="16.540786"><ele>674.6</ele></trkpt>
   <trkpt lat="68.900613" lon="16.540780"><ele>674.8</ele></trkpt>
   <trkpt lat="68.900614" lon="16.540779"><ele>675.0</ele></trkpt>
   <trkpt lat="68.900621" lon="16.540773"><ele>676.2</ele></trkpt>
   <trkpt lat="68.900627" lon="16.540767"><ele>677.2</ele></trkpt>
   <trkpt lat="68.900628" lon="16.540766"><ele>677.4</ele></trkpt>
   <trkpt lat="68.900630" lon="16.540764"><ele>677.6</ele></trkpt>
   <trkpt lat="68.900634" lon="16.540760"><ele>678.4</ele></trkpt>
   <trkpt lat="68.900638" lon="16.540756"><ele>678.8</ele></trkpt>
   <trkpt lat="68.900644" lon="16.540750"><ele>679.4</ele></trkpt>
   <trkpt lat="68.900869" lon="16.540493"><ele>680.6</ele></trkpt>
   <trkpt lat="68.901018" lon="16.540328"><ele>680.8</ele></trkpt>
   <trkpt lat="68.901089" lon="16.540245"><ele>681.0</ele></trkpt>
   <trkpt lat="68.901306" lon="16.540002"><ele>681.0</ele></trkpt>
   <trkpt lat="68.901377" lon="16.539934"><ele>680.8</ele></trkpt>
   <trkpt lat="68.901371" lon="16.539939"><ele>680.8</ele></trkpt>
   <trkpt lat="68.901377" lon="16.539943"><ele>681.0</ele></trkpt>
   <trkpt lat="68.901388" lon="16.539946"><ele>681.6</ele></trkpt>
   <trkpt lat="68.901400" lon="16.539947"><ele>682.2</ele></trkpt>
   <trkpt lat="68.901405" lon="16.539950"><ele>682.4</ele></trkpt>
   <trkpt lat="68.901411" lon="16.539948"><ele>682.6</ele></trkpt>
   <trkpt lat="68.901439" lon="16.539945"><ele>683.8</ele></trkpt>
   <trkpt lat="68.901463" lon="16.539935"><ele>684.8</ele></trkpt>
   <trkpt lat="68.901482" lon="16.539918"><ele>686.0</ele></trkpt>
   <trkpt lat="68.901496" lon="16.539917"><ele>686.8</ele></trkpt>
   <trkpt lat="68.901500" lon="16.539911"><ele>687.0</ele></trkpt>
   <trkpt lat="68.901509" lon="16.539905"><ele>687.4</ele></trkpt>
   <trkpt lat="68.901520" lon="16.539916"><ele>688.0</ele></trkpt>
   <trkpt lat="68.901534" lon="16.539890"><ele>689.2</ele></trkpt>
   <trkpt lat="68.901539" lon="16.539889"><ele>689.4</ele></trkpt>
   <trkpt lat="68.901542" lon="16.539901"><ele>689.8</ele></trkpt>
   <trkpt lat="68.901545" lon="16.539916"><ele>690.2</ele></trkpt>
   <trkpt lat="68.901548" lon="16.539927"><ele>690.4</ele></trkpt>
   <trkpt lat="68.901557" lon="16.539918"><ele>691.2</ele></trkpt>
   <trkpt lat="68.901555" lon="16.539914"><ele>691.4</ele></trkpt>
   <trkpt lat="68.901568" lon="16.539894"><ele>692.0</ele></trkpt>
   <trkpt lat="68.901575" lon="16.539886"><ele>692.6</ele></trkpt>
   <trkpt lat="68.901593" lon="16.539877"><ele>693.0</ele></trkpt>
   <trkpt lat="68.901606" lon="16.539881"><ele>693.8</ele></trkpt>
   <trkpt lat="68.901613" lon="16.539879"><ele>694.2</ele></trkpt>
   <trkpt lat="68.901618" lon="16.539873"><ele>695.0</ele></trkpt>
   <trkpt lat="68.901629" lon="16.539859"><ele>695.6</ele></trkpt>
   <trkpt lat="68.901651" lon="16.539855"><ele>696.2</ele></trkpt>
   <trkpt lat="68.901655" lon="16.539835"><ele>696.6</ele></trkpt>
   <trkpt lat="68.901654" lon="16.539816"><ele>697.2</ele></trkpt>
   <trkpt lat="68.901662" lon="16.539792"><ele>698.2</ele></trkpt>
   <trkpt lat="68.901664" lon="16.539789"><ele>698.4</ele></trkpt>
   <trkpt lat="68.901664" lon="16.539802"><ele>698.8</ele></trkpt>
   <trkpt lat="68.901663" lon="16.539804"><ele>699.0</ele></trkpt>
   <trkpt lat="68.901663" lon="16.539804"><ele>699.6</ele></trkpt>
   <trkpt lat="68.901664" lon="16.539796"><ele>700.4</ele></trkpt>
   <trkpt lat="68.901665" lon="16.539794"><ele>700.6</ele></trkpt>
   <trkpt lat="68.901678" lon="16.539784"><ele>701.8</ele></trkpt>
   <trkpt lat="68.901687" lon="16.539761"><ele>702.8</ele></trkpt>
   <trkpt lat="68.901687" lon="16.539759"><ele>703.4</ele></trkpt>
   <trkpt lat="68.901688" lon="16.539717"><ele>703.8</ele></trkpt>
   <trkpt lat="68.901691" lon="16.539689"><ele>704.4</ele></trkpt>
   <trkpt lat="68.901699" lon="16.539671"><ele>705.0</ele></trkpt>
   <trkpt lat="68.901716" lon="16.539627"><ele>706.0</ele></trkpt>
   <trkpt lat="68.901721" lon="16.539616"><ele>706.2</ele></trkpt>
   <trkpt lat="68.901747" lon="16.539588"><ele>707.2</ele></trkpt>
   <trkpt lat="68.901755" lon="16.539578"><ele>708.4</ele></trkpt>
   <trkpt lat="68.901777" lon="16.539553"><ele>709.4</ele></trkpt>
   <trkpt lat="68.901802" lon="16.539546"><ele>710.6</ele></trkpt>
   <trkpt lat="68.901811" lon="16.539541"><ele>711.8</ele></trkpt>
   <trkpt lat="68.901826" lon="16.539539"><ele>712.8</ele></trkpt>
   <trkpt lat="68.901838" lon="16.539538"><ele>713.6</ele></trkpt>
   <trkpt lat="68.901842" lon="16.539537"><ele>714.0</ele></trkpt>
   <trkpt lat="68.901858" lon="16.539527"><ele>714.4</ele></trkpt>
   <trkpt lat="68.901861" lon="16.539525"><ele>714.4</ele></trkpt>
   <trkpt lat="68.901865" lon="16.539524"><ele>714.4</ele></trkpt>
   <trkpt lat="68.901890" lon="16.539507"><ele>714.8</ele></trkpt>
   <trkpt lat="68.901895" lon="16.539506"><ele>715.0</ele></trkpt>
   <trkpt lat="68.901899" lon="16.539505"><ele>716.2</ele></trkpt>
   <trkpt lat="68.901899" lon="16.539505"><ele>716.8</ele></trkpt>
   <trkpt lat="68.901900" lon="16.539504"><ele>717.4</ele></trkpt>
   <trkpt lat="68.901905" lon="16.539503"><ele>718.4</ele></trkpt>
   <trkpt lat="68.901926" lon="16.539503"><ele>719.4</ele></trkpt>
   <trkpt lat="68.901943" lon="16.539502"><ele>719.6</ele></trkpt>
   <trkpt lat="68.901958" lon="16.539491"><ele>719.8</ele></trkpt>
   <trkpt lat="68.901963" lon="16.539488"><ele>720.0</ele></trkpt>
   <trkpt lat="68.901965" lon="16.539486"><ele>720.8</ele></trkpt>
   <trkpt lat="68.901967" lon="16.539485"><ele>721.4</ele></trkpt>
   <trkpt lat="68.901968" lon="16.539484"><ele>721.6</ele></trkpt>
   <trkpt lat="68.901968" lon="16.539484"><ele>721.8</ele></trkpt>
   <trkpt lat="68.901973" lon="16.539485"><ele>722.4</ele></trkpt>
   <trkpt lat="68.901978" lon="16.539491"><ele>722.6</ele></trkpt>
   <trkpt lat="68.901980" lon="16.539492"><ele>722.8</ele></trkpt>
   <trkpt lat="68.901984" lon="16.539489"><ele>724.2</ele></trkpt>
   <trkpt lat="68.901986" lon="16.539489"><ele>725.2</ele></trkpt>
   <trkpt lat="68.901987" lon="16.539489"><ele>725.4</ele></trkpt>
   <trkpt lat="68.901990" lon="16.539488"><ele>725.6</ele></trkpt>
   <trkpt lat="68.902006" lon="16.539474"><ele>725.8</ele></trkpt>
   <trkpt lat="68.902015" lon="16.539466"><ele>726.4</ele></trkpt>
   <trkpt lat="68.902020" lon="16.539461"><ele>726.8</ele></trkpt>
   <trkpt lat="68.902024" lon="16.539456"><ele>727.4</ele></trkpt>
   <trkpt lat="68.902028" lon="16.539450"><ele>727.6</ele></trkpt>
   <trkpt lat="68.902037" lon="16.539443"><ele>728.2</ele></trkpt>
   <trkpt lat="68.902037" lon="16.539443"><ele>728.6</ele></trkpt>
   <trkpt lat="68.902045" lon="16.539434"><ele>729.6</ele></trkpt>
   <trkpt lat="68.902051" lon="16.539429"><ele>730.6</ele></trkpt>
   <trkpt lat="68.902054" lon="16.539427"><ele>731.8</ele></trkpt>
   <trkpt lat="68.902054" lon="16.539426"><ele>732.8</ele></trkpt>
   <trkpt lat="68.902055" lon="16.539426"><ele>734.0</ele></trkpt>
   <trkpt lat="68.902055" lon="16.539425"><ele>734.4</ele></trkpt>
   <trkpt lat="68.902056" lon="16.539424"><ele>734.6</ele></trkpt>
   <trkpt lat="68.902057" lon="16.539422"><ele>735.0</ele></trkpt>
   <trkpt lat="68.902058" lon="16.539422"><ele>735.0</ele></trkpt>
   <trkpt lat="68.902059" lon="16.539420"><ele>736.2</ele></trkpt>
   <trkpt lat="68.902060" lon="16.539419"><ele>736.8</ele></trkpt>
   <trkpt lat="68.902060" lon="16.539418"><ele>737.0</ele></trkpt>
   <trkpt lat="68.902061" lon="16.539417"><ele>737.4</ele></trkpt>
   <trkpt lat="68.902062" lon="16.539416"><ele>738.4</ele></trkpt>
   <trkpt lat="68.902062" lon="16.539415"><ele>738.4</ele></trkpt>
   <trkpt lat="68.902063" lon="16.539414"><ele>738.8</ele></trkpt>
   <trkpt lat="68.902065" lon="16.539412"><ele>739.6</ele></trkpt>
   <trkpt lat="68.902067" lon="16.539411"><ele>740.6</ele></trkpt>
   <trkpt lat="68.902068" lon="16.539409"><ele>741.8</ele></trkpt>
   <trkpt lat="68.902070" lon="16.539408"><ele>742.0</ele></trkpt>
   <trkpt lat="68.902071" lon="16.539407"><ele>742.8</ele></trkpt>
   <trkpt lat="68.902072" lon="16.539406"><ele>744.0</ele></trkpt>
   <trkpt lat="68.902074" lon="16.539404"><ele>745.2</ele></trkpt>
   <trkpt lat="68.902076" lon="16.539403"><ele>745.8</ele></trkpt>
   <trkpt lat="68.902078" lon="16.539401"><ele>746.4</ele></trkpt>
   <trkpt lat="68.902080" lon="16.539399"><ele>747.0</ele></trkpt>
   <trkpt lat="68.902082" lon="16.539398"><ele>747.4</ele></trkpt>
   <trkpt lat="68.902085" lon="16.539396"><ele>748.6</ele></trkpt>
   <trkpt lat="68.902087" lon="16.539394"><ele>749.6</ele></trkpt>
   <trkpt lat="68.902090" lon="16.539392"><ele>750.4</ele></trkpt>
   <trkpt lat="68.902091" lon="16.539391"><ele>750.6</ele></trkpt>
   <trkpt lat="68.902093" lon="16.539389"><ele>750.8</ele></trkpt>
   <trkpt lat="68.902096" lon="16.539386"><ele>751.4</ele></trkpt>
   <trkpt lat="68.902098" lon="16.539385"><ele>751.6</ele></trkpt>
   <trkpt lat="68.902272" lon="16.539189"><ele>752.6</ele></trkpt>
   <trkpt lat="68.902318" lon="16.539140"><ele>753.0</ele></trkpt>
   <trkpt lat="68.902361" lon="16.539088"><ele>753.2</ele></trkpt>
   <trkpt lat="68.902491" lon="16.538918"><ele>753.8</ele></trkpt>
   <trkpt lat="68.902536" lon="16.538864"><ele>754.0</ele></trkpt>
   <trkpt lat="68.902542" lon="16.538852"><ele>754.4</ele></trkpt>
   <trkpt lat="68.902542" lon="16.538855"><ele>754.8</ele></trkpt>
   <trkpt lat="68.902544" lon="16.538856"><ele>755.0</ele></trkpt>
   <trkpt lat="68.902543" lon="16.538848"><ele>755.4</ele></trkpt>
   <trkpt lat="68.902557" lon="16.538800"><ele>755.6</ele></trkpt>
   <trkpt lat="68.902571" lon="16.538763"><ele>756.0</ele></trkpt>
   <trkpt lat="68.902590" lon="16.538701"><ele>757.2</ele></trkpt>
   <trkpt lat="68.902599" lon="16.538637"><ele>757.6</ele></trkpt>
   <trkpt lat="68.902624" lon="16.538593"><ele>758.2</ele></trkpt>
   <trkpt lat="68.902639" lon="16.538569"><ele>758.6</ele></trkpt>
   <trkpt lat="68.902652" lon="16.538549"><ele>759.2</ele></trkpt>
   <trkpt lat="68.902666" lon="16.538547"><ele>759.6</ele></trkpt>
   <trkpt lat="68.902678" lon="16.538544"><ele>760.2</ele></trkpt>
   <trkpt lat="68.902688" lon="16.538516"><ele>761.4</ele></trkpt>
   <trkpt lat="68.902689" lon="16.538497"><ele>761.6</ele></trkpt>
   <trkpt lat="68.902694" lon="16.538471"><ele>761.8</ele></trkpt>
   <trkpt lat="68.902709" lon="16.538427"><ele>762.4</ele></trkpt>
   <trkpt lat="68.902711" lon="16.538412"><ele>762.8</ele></trkpt>
   <trkpt lat="68.902719" lon="16.538377"><ele>763.2</ele></trkpt>
   <trkpt lat="68.902719" lon="16.538365"><ele>763.4</ele></trkpt>
   <trkpt lat="68.902736" lon="16.538330"><ele>764.4</ele></trkpt>
   <trkpt lat="68.902741" lon="16.538317"><ele>764.8</ele></trkpt>
   <trkpt lat="68.902739" lon="16.538307"><ele>765.0</ele></trkpt>
   <trkpt lat="68.902738" lon="16.538277"><ele>765.2</ele></trkpt>
   <trkpt lat="68.902741" lon="16.538254"><ele>765.6</ele></trkpt>
   <trkpt lat="68.902752" lon="16.538231"><ele>766.6</ele></trkpt>
   <trkpt lat="68.902763" lon="16.538229"><ele>767.0</ele></trkpt>
   <trkpt lat="68.902770" lon="16.538197"><ele>767.6</ele></trkpt>
   <trkpt lat="68.902768" lon="16.538182"><ele>767.8</ele></trkpt>
   <trkpt lat="68.902774" lon="16.538138"><ele>768.2</ele></trkpt>
   <trkpt lat="68.902779" lon="16.538113"><ele>768.6</ele></trkpt>
   <trkpt lat="68.902781" lon="16.538111"><ele>768.8</ele></trkpt>
   <trkpt lat="68.902782" lon="16.538099"><ele>769.4</ele></trkpt>
   <trkpt lat="68.902786" lon="16.538088"><ele>769.4</ele></trkpt>
   <trkpt lat="68.902792" lon="16.538055"><ele>769.8</ele></trkpt>
   <trkpt lat="68.902793" lon="16.538054"><ele>770.4</ele></trkpt>
   <trkpt lat="68.902793" lon="16.538054"><ele>770.4</ele></trkpt>
   <trkpt lat="68.902793" lon="16.538054"><ele>770.6</ele></trkpt>
   <trkpt lat="68.902793" lon="16.538054"><ele>770.6</ele></trkpt>
   <trkpt lat="68.902793" lon="16.538054"><ele>770.6</ele></trkpt>
   <trkpt lat="68.902793" lon="16.538054"><ele>771.0</ele></trkpt>
   <trkpt lat="68.902793" lon="16.538054"><ele>771.4</ele></trkpt>
   <trkpt lat="68.902793" lon="16.538054"><ele>772.2</ele></trkpt>
   <trkpt lat="68.902793" lon="16.538039"><ele>773.4</ele></trkpt>
   <trkpt lat="68.902802" lon="16.538032"><ele>773.8</ele></trkpt>
   <trkpt lat="68.902811" lon="16.538003"><ele>774.6</ele></trkpt>
   <trkpt lat="68.902835" lon="16.537950"><ele>775.8</ele></trkpt>
   <trkpt lat="68.902858" lon="16.537909"><ele>776.4</ele></trkpt>
   <trkpt lat="68.902873" lon="16.537888"><ele>777.0</ele></trkpt>
   <trkpt lat="68.902878" lon="16.537848"><ele>778.2</ele></trkpt>
   <trkpt lat="68.902883" lon="16.537809"><ele>778.8</ele></trkpt>
   <trkpt lat="68.902884" lon="16.537798"><ele>778.8</ele></trkpt>
   <trkpt lat="68.902884" lon="16.537773"><ele>779.0</ele></trkpt>
   <trkpt lat="68.902886" lon="16.537761"><ele>779.2</ele></trkpt>
   <trkpt lat="68.902914" lon="16.537707"><ele>780.2</ele></trkpt>
   <trkpt lat="68.902920" lon="16.537700"><ele>780.4</ele></trkpt>
   <trkpt lat="68.902941" lon="16.537665"><ele>781.2</ele></trkpt>
   <trkpt lat="68.902944" lon="16.537625"><ele>781.6</ele></trkpt>
   <trkpt lat="68.902954" lon="16.537570"><ele>782.6</ele></trkpt>
   <trkpt lat="68.902966" lon="16.537529"><ele>783.8</ele></trkpt>
   <trkpt lat="68.902990" lon="16.537497"><ele>784.8</ele></trkpt>
   <trkpt lat="68.903003" lon="16.537480"><ele>785.4</ele></trkpt>
   <trkpt lat="68.903011" lon="16.537470"><ele>785.8</ele></trkpt>
   <trkpt lat="68.903016" lon="16.537469"><ele>786.0</ele></trkpt>
   <trkpt lat="68.903036" lon="16.537465"><ele>786.6</ele></trkpt>
   <trkpt lat="68.903051" lon="16.537453"><ele>787.0</ele></trkpt>
   <trkpt lat="68.903067" lon="16.537435"><ele>787.4</ele></trkpt>
   <trkpt lat="68.903082" lon="16.537424"><ele>787.4</ele></trkpt>
   <trkpt lat="68.903095" lon="16.537419"><ele>787.6</ele></trkpt>
   <trkpt lat="68.903099" lon="16.537415"><ele>788.2</ele></trkpt>
   <trkpt lat="68.903103" lon="16.537409"><ele>788.6</ele></trkpt>
   <trkpt lat="68.903126" lon="16.537405"><ele>789.0</ele></trkpt>
   <trkpt lat="68.903140" lon="16.537401"><ele>789.2</ele></trkpt>
   <trkpt lat="68.903150" lon="16.537394"><ele>789.4</ele></trkpt>
   <trkpt lat="68.903152" lon="16.537392"><ele>789.6</ele></trkpt>
   <trkpt lat="68.903164" lon="16.537378"><ele>790.0</ele></trkpt>
   <trkpt lat="68.903173" lon="16.537366"><ele>790.2</ele></trkpt>
   <trkpt lat="68.903175" lon="16.537366"><ele>790.4</ele></trkpt>
   <trkpt lat="68.903195" lon="16.537364"><ele>791.2</ele></trkpt>
   <trkpt lat="68.903205" lon="16.537369"><ele>790.8</ele></trkpt>
   <trkpt lat="68.903211" lon="16.537373"><ele>790.0</ele></trkpt>
   <trkpt lat="68.903213" lon="16.537375"><ele>789.6</ele></trkpt>
   <trkpt lat="68.903215" lon="16.537376"><ele>790.4</ele></trkpt>
   <trkpt lat="68.903215" lon="16.537374"><ele>790.4</ele></trkpt>
   <trkpt lat="68.903215" lon="16.537371"><ele>790.2</ele></trkpt>
   <trkpt lat="68.903215" lon="16.537364"><ele>789.8</ele></trkpt>
   <trkpt lat="68.903215" lon="16.537360"><ele>789.6</ele></trkpt>
   <trkpt lat="68.903214" lon="16.537360"><ele>789.6</ele></trkpt>
   <trkpt lat="68.903214" lon="16.537359"><ele>789.6</ele></trkpt>
   <trkpt lat="68.903214" lon="16.537358"><ele>789.8</ele></trkpt>
   <trkpt lat="68.903214" lon="16.537357"><ele>789.8</ele></trkpt>
   <trkpt lat="68.903214" lon="16.537357"><ele>790.2</ele></trkpt>
   <trkpt lat="68.903214" lon="16.537357"><ele>790.4</ele></trkpt>
   <trkpt lat="68.903214" lon="16.537357"><ele>790.6</ele></trkpt>
   <trkpt lat="68.903214" lon="16.537357"><ele>790.4</ele></trkpt>
   <trkpt lat="68.903214" lon="16.537358"><ele>789.2</ele></trkpt>
   <trkpt lat="68.903214" lon="16.537358"><ele>789.0</ele></trkpt>
   <trkpt lat="68.903214" lon="16.537358"><ele>789.0</ele></trkpt>
   <trkpt lat="68.903214" lon="16.537358"><ele>788.6</ele></trkpt>
   <trkpt lat="68.903214" lon="16.537358"><ele>789.2</ele></trkpt>
   <trkpt lat="68.903214" lon="16.537358"><ele>790.0</ele></trkpt>
   <trkpt lat="68.903214" lon="16.537358"><ele>788.6</ele></trkpt>
   <trkpt lat="68.903214" lon="16.537357"><ele>789.0</ele></trkpt>
   <trkpt lat="68.903214" lon="16.537357"><ele>788.4</ele></trkpt>
   <trkpt lat="68.903214" lon="16.537357"><ele>789.0</ele></trkpt>
   <trkpt lat="68.903214" lon="16.537357"><ele>789.2</ele></trkpt>
   <trkpt lat="68.903215" lon="16.537357"><ele>789.6</ele></trkpt>
   <trkpt lat="68.903215" lon="16.537357"><ele>789.2</ele></trkpt>
   <trkpt lat="68.903215" lon="16.537357"><ele>789.2</ele></trkpt>
   <trkpt lat="68.903215" lon="16.537357"><ele>789.2</ele></trkpt>
   <trkpt lat="68.903215" lon="16.537357"><ele>789.2</ele></trkpt>
   <trkpt lat="68.903215" lon="16.537357"><ele>789.0</ele></trkpt>
   <trkpt lat="68.903215" lon="16.537357"><ele>788.4</ele></trkpt>
   <trkpt lat="68.903215" lon="16.537357"><ele>788.2</ele></trkpt>
   <trkpt lat="68.903215" lon="16.537357"><ele>787.8</ele></trkpt>
   <trkpt lat="68.903215" lon="16.537357"><ele>788.4</ele></trkpt>
   <trkpt lat="68.903215" lon="16.537358"><ele>788.8</ele></trkpt>
   <trkpt lat="68.903215" lon="16.537358"><ele>788.8</ele></trkpt>
   <trkpt lat="68.903216" lon="16.537358"><ele>789.2</ele></trkpt>
   <trkpt lat="68.903216" lon="16.537358"><ele>789.0</ele></trkpt>
   <trkpt lat="68.903216" lon="16.537358"><ele>789.0</ele></trkpt>
   <trkpt lat="68.903216" lon="16.537358"><ele>788.8</ele></trkpt>
   <trkpt lat="68.903216" lon="16.537358"><ele>788.8</ele></trkpt>
   <trkpt lat="68.903216" lon="16.537358"><ele>788.0</ele></trkpt>
   <trkpt lat="68.903216" lon="16.537359"><ele>787.6</ele></trkpt>
   <trkpt lat="68.903216" lon="16.537359"><ele>787.4</ele></trkpt>
   <trkpt lat="68.903216" lon="16.537359"><ele>787.4</ele></trkpt>
   <trkpt lat="68.903216" lon="16.537359"><ele>787.6</ele></trkpt>
   <trkpt lat="68.903216" lon="16.537359"><ele>788.0</ele></trkpt>
   <trkpt lat="68.903217" lon="16.537359"><ele>788.2</ele></trkpt>
   <trkpt lat="68.903217" lon="16.537360"><ele>788.2</ele></trkpt>
   <trkpt lat="68.903217" lon="16.537360"><ele>788.0</ele></trkpt>
   <trkpt lat="68.903217" lon="16.537360"><ele>787.8</ele></trkpt>
   <trkpt lat="68.903217" lon="16.537360"><ele>787.6</ele></trkpt>
   <trkpt lat="68.903217" lon="16.537361"><ele>787.8</ele></trkpt>
   <trkpt lat="68.903217" lon="16.537361"><ele>788.4</ele></trkpt>
   <trkpt lat="68.903217" lon="16.537362"><ele>787.8</ele></trkpt>
   <trkpt lat="68.903217" lon="16.537362"><ele>788.4</ele></trkpt>
   <trkpt lat="68.903217" lon="16.537362"><ele>788.0</ele></trkpt>
   <trkpt lat="68.903217" lon="16.537362"><ele>787.4</ele></trkpt>
   <trkpt lat="68.903217" lon="16.537362"><ele>787.2</ele></trkpt>
   <trkpt lat="68.903217" lon="16.537355"><ele>786.6</ele></trkpt>
   <trkpt lat="68.903206" lon="16.537283"><ele>786.2</ele></trkpt>
   <trkpt lat="68.903203" lon="16.537252"><ele>786.2</ele></trkpt>
   <trkpt lat="68.903192" lon="16.537163"><ele>786.0</ele></trkpt>
   <trkpt lat="68.903180" lon="16.537094"><ele>786.0</ele></trkpt>
   <trkpt lat="68.903169" lon="16.537051"><ele>786.0</ele></trkpt>
   <trkpt lat="68.903162" lon="16.536988"><ele>785.8</ele></trkpt>
   <trkpt lat="68.903157" lon="16.536833"><ele>786.2</ele></trkpt>
   <trkpt lat="68.903157" lon="16.536810"><ele>786.2</ele></trkpt>
   <trkpt lat="68.903150" lon="16.536628"><ele>786.2</ele></trkpt>
   <trkpt lat="68.903136" lon="16.536491"><ele>785.6</ele></trkpt>
   <trkpt lat="68.903131" lon="16.536434"><ele>785.8</ele></trkpt>
   <trkpt lat="68.903138" lon="16.536366"><ele>785.8</ele></trkpt>
   <trkpt lat="68.903137" lon="16.536338"><ele>785.8</ele></trkpt>
   <trkpt lat="68.903128" lon="16.536212"><ele>785.6</ele></trkpt>
   <trkpt lat="68.903127" lon="16.536098"><ele>785.2</ele></trkpt>
   <trkpt lat="68.903125" lon="16.536065"><ele>785.2</ele></trkpt>
   <trkpt lat="68.903119" lon="16.535961"><ele>785.2</ele></trkpt>
   <trkpt lat="68.903112" lon="16.535878"><ele>785.2</ele></trkpt>
   <trkpt lat="68.903113" lon="16.535805"><ele>785.2</ele></trkpt>
   <trkpt lat="68.903110" lon="16.535707"><ele>785.0</ele></trkpt>
   <trkpt lat="68.903097" lon="16.535628"><ele>784.8</ele></trkpt>
   <trkpt lat="68.903100" lon="16.535404"><ele>785.2</ele></trkpt>
   <trkpt lat="68.903104" lon="16.535290"><ele>784.8</ele></trkpt>
   <trkpt lat="68.903108" lon="16.535236"><ele>784.8</ele></trkpt>
   <trkpt lat="68.903105" lon="16.535212"><ele>785.0</ele></trkpt>
   <trkpt lat="68.903107" lon="16.535142"><ele>785.0</ele></trkpt>
   <trkpt lat="68.903120" lon="16.535060"><ele>784.8</ele></trkpt>
   <trkpt lat="68.903122" lon="16.535038"><ele>784.8</ele></trkpt>
   <trkpt lat="68.903136" lon="16.534876"><ele>784.4</ele></trkpt>
   <trkpt lat="68.903140" lon="16.534784"><ele>784.4</ele></trkpt>
   <trkpt lat="68.903133" lon="16.534691"><ele>784.4</ele></trkpt>
   <trkpt lat="68.903132" lon="16.534648"><ele>784.2</ele></trkpt>
   <trkpt lat="68.903139" lon="16.534580"><ele>784.2</ele></trkpt>
   <trkpt lat="68.903146" lon="16.534478"><ele>784.2</ele></trkpt>
   <trkpt lat="68.903150" lon="16.534421"><ele>784.2</ele></trkpt>
   <trkpt lat="68.903157" lon="16.534325"><ele>784.4</ele></trkpt>
   <trkpt lat="68.903156" lon="16.534302"><ele>784.4</ele></trkpt>
   <trkpt lat="68.903157" lon="16.534220"><ele>784.4</ele></trkpt>
   <trkpt lat="68.903173" lon="16.534098"><ele>784.6</ele></trkpt>
   <trkpt lat="68.903185" lon="16.534003"><ele>784.6</ele></trkpt>
   <trkpt lat="68.903187" lon="16.533973"><ele>784.6</ele></trkpt>
   <trkpt lat="68.903190" lon="16.533949"><ele>784.6</ele></trkpt>
   <trkpt lat="68.903199" lon="16.533906"><ele>784.6</ele></trkpt>
   <trkpt lat="68.903203" lon="16.533877"><ele>784.6</ele></trkpt>
   <trkpt lat="68.903210" lon="16.533737"><ele>785.2</ele></trkpt>
   <trkpt lat="68.903213" lon="16.533712"><ele>785.2</ele></trkpt>
   <trkpt lat="68.903245" lon="16.533649"><ele>785.8</ele></trkpt>
   <trkpt lat="68.903254" lon="16.533607"><ele>786.0</ele></trkpt>
   <trkpt lat="68.903256" lon="16.533572"><ele>786.2</ele></trkpt>
   <trkpt lat="68.903266" lon="16.533442"><ele>786.0</ele></trkpt>
   <trkpt lat="68.903267" lon="16.533335"><ele>785.8</ele></trkpt>
   <trkpt lat="68.903267" lon="16.533139"><ele>785.6</ele></trkpt>
   <trkpt lat="68.903271" lon="16.533061"><ele>785.4</ele></trkpt>
   <trkpt lat="68.903316" lon="16.533004"><ele>785.2</ele></trkpt>
   <trkpt lat="68.903319" lon="16.532963"><ele>785.0</ele></trkpt>
   <trkpt lat="68.903341" lon="16.532805"><ele>784.6</ele></trkpt>
   <trkpt lat="68.903350" lon="16.532657"><ele>784.4</ele></trkpt>
  </trkseg>
 </trk>
</gpx>
