<?xml version="1.0" encoding="UTF-8"?>
<gpx version="1.1" creator="HPGT flysteder" xmlns="http://www.topografix.com/GPX/1/1">
 <trk>
  <name>Årbostadtinden – parkering til start</name>
  <trkseg>
   <trkpt lat="68.923560" lon="17.320554"><ele>1.0</ele></trkpt>
   <trkpt lat="68.923551" lon="17.320544"><ele>1.0</ele></trkpt>
   <trkpt lat="68.923489" lon="17.320445"><ele>0.6</ele></trkpt>
   <trkpt lat="68.923487" lon="17.320410"><ele>0.8</ele></trkpt>
   <trkpt lat="68.923488" lon="17.320443"><ele>1.4</ele></trkpt>
   <trkpt lat="68.923542" lon="17.320504"><ele>0.8</ele></trkpt>
   <trkpt lat="68.923555" lon="17.320546"><ele>1.0</ele></trkpt>
   <trkpt lat="68.923555" lon="17.320546"><ele>0.6</ele></trkpt>
   <trkpt lat="68.923555" lon="17.320545"><ele>0.6</ele></trkpt>
   <trkpt lat="68.923555" lon="17.320544"><ele>0.6</ele></trkpt>
   <trkpt lat="68.923555" lon="17.320542"><ele>0.4</ele></trkpt>
   <trkpt lat="68.923555" lon="17.320540"><ele>1.0</ele></trkpt>
   <trkpt lat="68.923555" lon="17.320540"><ele>0.8</ele></trkpt>
   <trkpt lat="68.923555" lon="17.320540"><ele>0.6</ele></trkpt>
   <trkpt lat="68.923557" lon="17.320537"><ele>0.4</ele></trkpt>
   <trkpt lat="68.923557" lon="17.320528"><ele>0.4</ele></trkpt>
   <trkpt lat="68.923561" lon="17.320512"><ele>0.4</ele></trkpt>
   <trkpt lat="68.923591" lon="17.320458"><ele>0.4</ele></trkpt>
   <trkpt lat="68.923592" lon="17.320448"><ele>0.4</ele></trkpt>
   <trkpt lat="68.923592" lon="17.320440"><ele>0.4</ele></trkpt>
   <trkpt lat="68.923593" lon="17.320416"><ele>0.4</ele></trkpt>
   <trkpt lat="68.923593" lon="17.320386"><ele>1.0</ele></trkpt>
   <trkpt lat="68.923591" lon="17.320386"><ele>0.6</ele></trkpt>
   <trkpt lat="68.923591" lon="17.320386"><ele>0.4</ele></trkpt>
   <trkpt lat="68.923589" lon="17.320414"><ele>0.4</ele></trkpt>
   <trkpt lat="68.923589" lon="17.320415"><ele>-0.2</ele></trkpt>
   <trkpt lat="68.923587" lon="17.320424"><ele>-0.4</ele></trkpt>
   <trkpt lat="68.923582" lon="17.320447"><ele>-0.4</ele></trkpt>
   <trkpt lat="68.923559" lon="17.320406"><ele>0.6</ele></trkpt>
   <trkpt lat="68.923548" lon="17.320374"><ele>0.6</ele></trkpt>
   <trkpt lat="68.923535" lon="17.320292"><ele>0.8</ele></trkpt>
   <trkpt lat="68.923519" lon="17.320106"><ele>2.0</ele></trkpt>
   <trkpt lat="68.923512" lon="17.319961"><ele>3.2</ele></trkpt>
   <trkpt lat="68.923508" lon="17.319832"><ele>4.2</ele></trkpt>
   <trkpt lat="68.923505" lon="17.319800"><ele>4.4</ele></trkpt>
   <trkpt lat="68.923493" lon="17.319710"><ele>5.2</ele></trkpt>
   <trkpt lat="68.923490" lon="17.319674"><ele>5.4</ele></trkpt>
   <trkpt lat="68.923487" lon="17.319654"><ele>5.6</ele></trkpt>
   <trkpt lat="68.923484" lon="17.319582"><ele>6.0</ele></trkpt>
   <trkpt lat="68.923476" lon="17.319527"><ele>6.6</ele></trkpt>
   <trkpt lat="68.923446" lon="17.319423"><ele>7.2</ele></trkpt>
   <trkpt lat="68.923429" lon="17.319332"><ele>7.6</ele></trkpt>
   <trkpt lat="68.923420" lon="17.319273"><ele>7.8</ele></trkpt>
   <trkpt lat="68.923404" lon="17.319128"><ele>8.8</ele></trkpt>
   <trkpt lat="68.923401" lon="17.319098"><ele>9.2</ele></trkpt>
   <trkpt lat="68.923386" lon="17.319005"><ele>9.8</ele></trkpt>
   <trkpt lat="68.923384" lon="17.318974"><ele>10.0</ele></trkpt>
   <trkpt lat="68.923366" lon="17.318862"><ele>10.8</ele></trkpt>
   <trkpt lat="68.923364" lon="17.318828"><ele>11.2</ele></trkpt>
   <trkpt lat="68.923355" lon="17.318759"><ele>11.8</ele></trkpt>
   <trkpt lat="68.923351" lon="17.318743"><ele>11.8</ele></trkpt>
   <trkpt lat="68.923345" lon="17.318708"><ele>12.0</ele></trkpt>
   <trkpt lat="68.923330" lon="17.318648"><ele>12.6</ele></trkpt>
   <trkpt lat="68.923322" lon="17.318584"><ele>13.4</ele></trkpt>
   <trkpt lat="68.923302" lon="17.318553"><ele>13.8</ele></trkpt>
   <trkpt lat="68.923291" lon="17.318518"><ele>14.4</ele></trkpt>
   <trkpt lat="68.923244" lon="17.318463"><ele>15.4</ele></trkpt>
   <trkpt lat="68.923214" lon="17.318483"><ele>16.4</ele></trkpt>
   <trkpt lat="68.923207" lon="17.318488"><ele>16.6</ele></trkpt>
   <trkpt lat="68.923178" lon="17.318536"><ele>17.2</ele></trkpt>
   <trkpt lat="68.923175" lon="17.318565"><ele>17.4</ele></trkpt>
   <trkpt lat="68.923169" lon="17.318594"><ele>17.8</ele></trkpt>
   <trkpt lat="68.923142" lon="17.318740"><ele>19.2</ele></trkpt>
   <trkpt lat="68.923119" lon="17.318854"><ele>20.2</ele></trkpt>
   <trkpt lat="68.923093" lon="17.318972"><ele>21.2</ele></trkpt>
   <trkpt lat="68.923081" lon="17.318993"><ele>21.4</ele></trkpt>
   <trkpt lat="68.923050" lon="17.319022"><ele>22.4</ele></trkpt>
   <trkpt lat="68.923015" lon="17.319081"><ele>23.2</ele></trkpt>
   <trkpt lat="68.922995" lon="17.319106"><ele>23.4</ele></trkpt>
   <trkpt lat="68.922949" lon="17.319201"><ele>24.6</ele></trkpt>
   <trkpt lat="68.922936" lon="17.319229"><ele>25.2</ele></trkpt>
   <trkpt lat="68.922906" lon="17.319269"><ele>25.8</ele></trkpt>
   <trkpt lat="68.922881" lon="17.319325"><ele>26.6</ele></trkpt>
   <trkpt lat="68.922870" lon="17.319345"><ele>26.8</ele></trkpt>
   <trkpt lat="68.922854" lon="17.319375"><ele>27.4</ele></trkpt>
   <trkpt lat="68.922834" lon="17.319435"><ele>28.0</ele></trkpt>
   <trkpt lat="68.922825" lon="17.319443"><ele>28.0</ele></trkpt>
   <trkpt lat="68.922795" lon="17.319466"><ele>28.8</ele></trkpt>
   <trkpt lat="68.922785" lon="17.319476"><ele>29.0</ele></trkpt>
   <trkpt lat="68.922745" lon="17.319526"><ele>30.0</ele></trkpt>
   <trkpt lat="68.922708" lon="17.319539"><ele>31.0</ele></trkpt>
   <trkpt lat="68.922698" lon="17.319536"><ele>31.4</ele></trkpt>
   <trkpt lat="68.922661" lon="17.319496"><ele>32.4</ele></trkpt>
   <trkpt lat="68.922635" lon="17.319466"><ele>33.2</ele></trkpt>
   <trkpt lat="68.922629" lon="17.319462"><ele>33.2</ele></trkpt>
   <trkpt lat="68.922621" lon="17.319449"><ele>33.6</ele></trkpt>
   <trkpt lat="68.922612" lon="17.319429"><ele>33.8</ele></trkpt>
   <trkpt lat="68.922590" lon="17.319360"><ele>34.4</ele></trkpt>
   <trkpt lat="68.922582" lon="17.319345"><ele>34.8</ele></trkpt>
   <trkpt lat="68.922577" lon="17.319318"><ele>35.0</ele></trkpt>
   <trkpt lat="68.922564" lon="17.319228"><ele>35.8</ele></trkpt>
   <trkpt lat="68.922553" lon="17.319170"><ele>36.0</ele></trkpt>
   <trkpt lat="68.922538" lon="17.319096"><ele>37.0</ele></trkpt>
   <trkpt lat="68.922521" lon="17.319025"><ele>37.6</ele></trkpt>
   <trkpt lat="68.922508" lon="17.318980"><ele>38.0</ele></trkpt>
   <trkpt lat="68.922484" lon="17.318879"><ele>38.8</ele></trkpt>
   <trkpt lat="68.922478" lon="17.318801"><ele>39.2</ele></trkpt>
   <trkpt lat="68.922475" lon="17.318771"><ele>39.4</ele></trkpt>
   <trkpt lat="68.922456" lon="17.318627"><ele>40.2</ele></trkpt>
   <trkpt lat="68.922442" lon="17.318536"><ele>40.8</ele></trkpt>
   <trkpt lat="68.922442" lon="17.318446"><ele>41.4</ele></trkpt>
   <trkpt lat="68.922427" lon="17.318278"><ele>42.2</ele></trkpt>
   <trkpt lat="68.922428" lon="17.318252"><ele>42.6</ele></trkpt>
   <trkpt lat="68.922425" lon="17.318198"><ele>43.0</ele></trkpt>
   <trkpt lat="68.922434" lon="17.318106"><ele>43.4</ele></trkpt>
   <trkpt lat="68.922436" lon="17.318078"><ele>43.6</ele></trkpt>
   <trkpt lat="68.922440" lon="17.317890"><ele>44.4</ele></trkpt>
   <trkpt lat="68.922442" lon="17.317863"><ele>44.8</ele></trkpt>
   <trkpt lat="68.922441" lon="17.317833"><ele>44.8</ele></trkpt>
   <trkpt lat="68.922442" lon="17.317799"><ele>45.0</ele></trkpt>
   <trkpt lat="68.922442" lon="17.317664"><ele>45.8</ele></trkpt>
   <trkpt lat="68.922444" lon="17.317534"><ele>46.8</ele></trkpt>
   <trkpt lat="68.922441" lon="17.317504"><ele>46.8</ele></trkpt>
   <trkpt lat="68.922438" lon="17.317387"><ele>47.6</ele></trkpt>
   <trkpt lat="68.922433" lon="17.317323"><ele>47.8</ele></trkpt>
   <trkpt lat="68.922426" lon="17.317288"><ele>48.0</ele></trkpt>
   <trkpt lat="68.922416" lon="17.317096"><ele>48.8</ele></trkpt>
   <trkpt lat="68.922416" lon="17.317058"><ele>49.0</ele></trkpt>
   <trkpt lat="68.922415" lon="17.317022"><ele>49.0</ele></trkpt>
   <trkpt lat="68.922415" lon="17.316886"><ele>50.0</ele></trkpt>
   <trkpt lat="68.922413" lon="17.316853"><ele>50.2</ele></trkpt>
   <trkpt lat="68.922408" lon="17.316644"><ele>51.0</ele></trkpt>
   <trkpt lat="68.922412" lon="17.316527"><ele>51.2</ele></trkpt>
   <trkpt lat="68.922409" lon="17.316286"><ele>51.8</ele></trkpt>
   <trkpt lat="68.922410" lon="17.316174"><ele>52.2</ele></trkpt>
   <trkpt lat="68.922414" lon="17.316133"><ele>52.4</ele></trkpt>
   <trkpt lat="68.922397" lon="17.315926"><ele>53.0</ele></trkpt>
   <trkpt lat="68.922379" lon="17.315870"><ele>53.4</ele></trkpt>
   <trkpt lat="68.922298" lon="17.315852"><ele>54.4</ele></trkpt>
   <trkpt lat="68.922286" lon="17.315836"><ele>54.6</ele></trkpt>
   <trkpt lat="68.922226" lon="17.315765"><ele>55.2</ele></trkpt>
   <trkpt lat="68.922208" lon="17.315717"><ele>55.6</ele></trkpt>
   <trkpt lat="68.922199" lon="17.315693"><ele>55.8</ele></trkpt>
   <trkpt lat="68.922192" lon="17.315670"><ele>56.0</ele></trkpt>
   <trkpt lat="68.922183" lon="17.315646"><ele>56.0</ele></trkpt>
   <trkpt lat="68.922173" lon="17.315550"><ele>56.6</ele></trkpt>
   <trkpt lat="68.922175" lon="17.315458"><ele>57.2</ele></trkpt>
   <trkpt lat="68.922172" lon="17.315394"><ele>57.8</ele></trkpt>
   <trkpt lat="68.922176" lon="17.315254"><ele>58.8</ele></trkpt>
   <trkpt lat="68.922183" lon="17.315173"><ele>59.6</ele></trkpt>
   <trkpt lat="68.922185" lon="17.315144"><ele>60.0</ele></trkpt>
   <trkpt lat="68.922197" lon="17.315036"><ele>61.2</ele></trkpt>
   <trkpt lat="68.922206" lon="17.314930"><ele>62.2</ele></trkpt>
   <trkpt lat="68.922209" lon="17.314905"><ele>62.6</ele></trkpt>
   <trkpt lat="68.922218" lon="17.314839"><ele>63.2</ele></trkpt>
   <trkpt lat="68.922222" lon="17.314709"><ele>64.4</ele></trkpt>
   <trkpt lat="68.922230" lon="17.314653"><ele>64.8</ele></trkpt>
   <trkpt lat="68.922228" lon="17.314632"><ele>65.2</ele></trkpt>
   <trkpt lat="68.922231" lon="17.314606"><ele>65.6</ele></trkpt>
   <trkpt lat="68.922237" lon="17.314528"><ele>66.4</ele></trkpt>
   <trkpt lat="68.922241" lon="17.314505"><ele>66.6</ele></trkpt>
   <trkpt lat="68.922245" lon="17.314483"><ele>66.8</ele></trkpt>
   <trkpt lat="68.922250" lon="17.314446"><ele>67.4</ele></trkpt>
   <trkpt lat="68.922260" lon="17.314389"><ele>67.8</ele></trkpt>
   <trkpt lat="68.922268" lon="17.314291"><ele>68.6</ele></trkpt>
   <trkpt lat="68.922268" lon="17.314264"><ele>69.0</ele></trkpt>
   <trkpt lat="68.922277" lon="17.314116"><ele>70.0</ele></trkpt>
   <trkpt lat="68.922278" lon="17.313994"><ele>70.6</ele></trkpt>
   <trkpt lat="68.922274" lon="17.313930"><ele>71.0</ele></trkpt>
   <trkpt lat="68.922277" lon="17.313909"><ele>71.2</ele></trkpt>
   <trkpt lat="68.922276" lon="17.313883"><ele>71.6</ele></trkpt>
   <trkpt lat="68.922277" lon="17.313842"><ele>72.2</ele></trkpt>
   <trkpt lat="68.922273" lon="17.313816"><ele>72.4</ele></trkpt>
   <trkpt lat="68.922276" lon="17.313767"><ele>72.8</ele></trkpt>
   <trkpt lat="68.922289" lon="17.313668"><ele>73.4</ele></trkpt>
   <trkpt lat="68.922287" lon="17.313610"><ele>73.6</ele></trkpt>
   <trkpt lat="68.922286" lon="17.313576"><ele>73.8</ele></trkpt>
   <trkpt lat="68.922284" lon="17.313541"><ele>74.0</ele></trkpt>
   <trkpt lat="68.922284" lon="17.313491"><ele>74.4</ele></trkpt>
   <trkpt lat="68.922280" lon="17.313385"><ele>75.2</ele></trkpt>
   <trkpt lat="68.922283" lon="17.313359"><ele>75.6</ele></trkpt>
   <trkpt lat="68.922300" lon="17.313245"><ele>76.4</ele></trkpt>
   <trkpt lat="68.922307" lon="17.313221"><ele>76.6</ele></trkpt>
   <trkpt lat="68.922321" lon="17.313157"><ele>77.0</ele></trkpt>
   <trkpt lat="68.922353" lon="17.313011"><ele>77.6</ele></trkpt>
   <trkpt lat="68.922371" lon="17.312835"><ele>78.6</ele></trkpt>
   <trkpt lat="68.922366" lon="17.312792"><ele>78.8</ele></trkpt>
   <trkpt lat="68.922390" lon="17.312671"><ele>79.4</ele></trkpt>
   <trkpt lat="68.922397" lon="17.312604"><ele>79.8</ele></trkpt>
   <trkpt lat="68.922392" lon="17.312567"><ele>79.8</ele></trkpt>
   <trkpt lat="68.922397" lon="17.312484"><ele>80.6</ele></trkpt>
   <trkpt lat="68.922400" lon="17.312454"><ele>80.8</ele></trkpt>
   <trkpt lat="68.922403" lon="17.312433"><ele>81.0</ele></trkpt>
   <trkpt lat="68.922425" lon="17.312295"><ele>82.0</ele></trkpt>
   <trkpt lat="68.922449" lon="17.312216"><ele>82.8</ele></trkpt>
   <trkpt lat="68.922456" lon="17.312199"><ele>83.2</ele></trkpt>
   <trkpt lat="68.922474" lon="17.312064"><ele>84.4</ele></trkpt>
   <trkpt lat="68.922482" lon="17.312026"><ele>84.6</ele></trkpt>
   <trkpt lat="68.922498" lon="17.311933"><ele>85.2</ele></trkpt>
   <trkpt lat="68.922506" lon="17.311905"><ele>85.4</ele></trkpt>
   <trkpt lat="68.922514" lon="17.311743"><ele>86.4</ele></trkpt>
   <trkpt lat="68.922519" lon="17.311662"><ele>86.8</ele></trkpt>
   <trkpt lat="68.922524" lon="17.311602"><ele>87.2</ele></trkpt>
   <trkpt lat="68.922537" lon="17.311493"><ele>88.0</ele></trkpt>
   <trkpt lat="68.922538" lon="17.311403"><ele>88.4</ele></trkpt>
   <trkpt lat="68.922533" lon="17.311312"><ele>89.0</ele></trkpt>
   <trkpt lat="68.922530" lon="17.311231"><ele>89.2</ele></trkpt>
   <trkpt lat="68.922531" lon="17.311125"><ele>89.4</ele></trkpt>
   <trkpt lat="68.922546" lon="17.311062"><ele>89.6</ele></trkpt>
   <trkpt lat="68.922554" lon="17.311041"><ele>89.8</ele></trkpt>
   <trkpt lat="68.922573" lon="17.311011"><ele>90.2</ele></trkpt>
   <trkpt lat="68.922622" lon="17.310958"><ele>91.2</ele></trkpt>
   <trkpt lat="68.922653" lon="17.310923"><ele>92.0</ele></trkpt>
   <trkpt lat="68.922671" lon="17.310893"><ele>92.6</ele></trkpt>
   <trkpt lat="68.922706" lon="17.310830"><ele>93.8</ele></trkpt>
   <trkpt lat="68.922715" lon="17.310811"><ele>94.0</ele></trkpt>
   <trkpt lat="68.922735" lon="17.310761"><ele>94.8</ele></trkpt>
   <trkpt lat="68.922743" lon="17.310741"><ele>95.0</ele></trkpt>
   <trkpt lat="68.922766" lon="17.310688"><ele>95.8</ele></trkpt>
   <trkpt lat="68.922790" lon="17.310632"><ele>96.6</ele></trkpt>
   <trkpt lat="68.922797" lon="17.310606"><ele>96.8</ele></trkpt>
   <trkpt lat="68.922806" lon="17.310584"><ele>97.0</ele></trkpt>
   <trkpt lat="68.922832" lon="17.310466"><ele>98.2</ele></trkpt>
   <trkpt lat="68.922847" lon="17.310378"><ele>99.0</ele></trkpt>
   <trkpt lat="68.922850" lon="17.310350"><ele>99.2</ele></trkpt>
   <trkpt lat="68.922861" lon="17.310170"><ele>100.2</ele></trkpt>
   <trkpt lat="68.922873" lon="17.310074"><ele>100.8</ele></trkpt>
   <trkpt lat="68.922882" lon="17.309950"><ele>101.4</ele></trkpt>
   <trkpt lat="68.922893" lon="17.309841"><ele>102.0</ele></trkpt>
   <trkpt lat="68.922907" lon="17.309750"><ele>102.4</ele></trkpt>
   <trkpt lat="68.922912" lon="17.309721"><ele>102.4</ele></trkpt>
   <trkpt lat="68.922917" lon="17.309681"><ele>103.0</ele></trkpt>
   <trkpt lat="68.922935" lon="17.309595"><ele>103.4</ele></trkpt>
   <trkpt lat="68.922941" lon="17.309570"><ele>103.8</ele></trkpt>
   <trkpt lat="68.922954" lon="17.309459"><ele>104.6</ele></trkpt>
   <trkpt lat="68.922970" lon="17.309341"><ele>105.2</ele></trkpt>
   <trkpt lat="68.922983" lon="17.309292"><ele>105.6</ele></trkpt>
   <trkpt lat="68.923001" lon="17.309146"><ele>107.0</ele></trkpt>
   <trkpt lat="68.923012" lon="17.309080"><ele>107.4</ele></trkpt>
   <trkpt lat="68.923017" lon="17.309022"><ele>108.0</ele></trkpt>
   <trkpt lat="68.923022" lon="17.308931"><ele>108.4</ele></trkpt>
   <trkpt lat="68.923027" lon="17.308897"><ele>108.8</ele></trkpt>
   <trkpt lat="68.923030" lon="17.308864"><ele>109.0</ele></trkpt>
   <trkpt lat="68.923035" lon="17.308777"><ele>109.4</ele></trkpt>
   <trkpt lat="68.923035" lon="17.308752"><ele>109.4</ele></trkpt>
   <trkpt lat="68.923038" lon="17.308692"><ele>109.4</ele></trkpt>
   <trkpt lat="68.923058" lon="17.308527"><ele>109.8</ele></trkpt>
   <trkpt lat="68.923066" lon="17.308437"><ele>110.0</ele></trkpt>
   <trkpt lat="68.923068" lon="17.308401"><ele>110.0</ele></trkpt>
   <trkpt lat="68.923070" lon="17.308354"><ele>110.2</ele></trkpt>
   <trkpt lat="68.923084" lon="17.308226"><ele>110.2</ele></trkpt>
   <trkpt lat="68.923110" lon="17.308098"><ele>110.6</ele></trkpt>
   <trkpt lat="68.923130" lon="17.307998"><ele>111.2</ele></trkpt>
   <trkpt lat="68.923149" lon="17.307886"><ele>111.6</ele></trkpt>
   <trkpt lat="68.923153" lon="17.307864"><ele>111.8</ele></trkpt>
   <trkpt lat="68.923158" lon="17.307837"><ele>112.0</ele></trkpt>
   <trkpt lat="68.923177" lon="17.307765"><ele>112.2</ele></trkpt>
   <trkpt lat="68.923205" lon="17.307609"><ele>113.0</ele></trkpt>
   <trkpt lat="68.923206" lon="17.307576"><ele>113.2</ele></trkpt>
   <trkpt lat="68.923208" lon="17.307550"><ele>113.4</ele></trkpt>
   <trkpt lat="68.923219" lon="17.307426"><ele>114.4</ele></trkpt>
   <trkpt lat="68.923229" lon="17.307293"><ele>115.0</ele></trkpt>
   <trkpt lat="68.923227" lon="17.307188"><ele>115.4</ele></trkpt>
   <trkpt lat="68.923208" lon="17.307055"><ele>115.6</ele></trkpt>
   <trkpt lat="68.923198" lon="17.307044"><ele>115.8</ele></trkpt>
   <trkpt lat="68.923168" lon="17.306966"><ele>116.4</ele></trkpt>
   <trkpt lat="68.923130" lon="17.306862"><ele>116.4</ele></trkpt>
   <trkpt lat="68.923119" lon="17.306839"><ele>116.4</ele></trkpt>
   <trkpt lat="68.923049" lon="17.306694"><ele>116.8</ele></trkpt>
   <trkpt lat="68.923045" lon="17.306670"><ele>117.0</ele></trkpt>
   <trkpt lat="68.923031" lon="17.306628"><ele>117.2</ele></trkpt>
   <trkpt lat="68.923010" lon="17.306574"><ele>117.6</ele></trkpt>
   <trkpt lat="68.922969" lon="17.306496"><ele>118.6</ele></trkpt>
   <trkpt lat="68.922898" lon="17.306455"><ele>119.4</ele></trkpt>
   <trkpt lat="68.922875" lon="17.306477"><ele>119.6</ele></trkpt>
   <trkpt lat="68.922839" lon="17.306543"><ele>120.4</ele></trkpt>
   <trkpt lat="68.922831" lon="17.306548"><ele>120.8</ele></trkpt>
   <trkpt lat="68.922809" lon="17.306562"><ele>121.4</ele></trkpt>
   <trkpt lat="68.922785" lon="17.306562"><ele>122.0</ele></trkpt>
   <trkpt lat="68.922704" lon="17.306563"><ele>122.8</ele></trkpt>
   <trkpt lat="68.922678" lon="17.306573"><ele>123.0</ele></trkpt>
   <trkpt lat="68.922592" lon="17.306665"><ele>123.6</ele></trkpt>
   <trkpt lat="68.922579" lon="17.306701"><ele>123.6</ele></trkpt>
   <trkpt lat="68.922576" lon="17.306913"><ele>124.0</ele></trkpt>
   <trkpt lat="68.922579" lon="17.306948"><ele>124.0</ele></trkpt>
   <trkpt lat="68.922581" lon="17.306991"><ele>124.2</ele></trkpt>
   <trkpt lat="68.922615" lon="17.307193"><ele>125.2</ele></trkpt>
   <trkpt lat="68.922617" lon="17.307233"><ele>125.4</ele></trkpt>
   <trkpt lat="68.922638" lon="17.307450"><ele>126.4</ele></trkpt>
   <trkpt lat="68.922634" lon="17.307524"><ele>126.6</ele></trkpt>
   <trkpt lat="68.922632" lon="17.307623"><ele>127.2</ele></trkpt>
   <trkpt lat="68.922616" lon="17.307692"><ele>127.4</ele></trkpt>
   <trkpt lat="68.922610" lon="17.307724"><ele>127.6</ele></trkpt>
   <trkpt lat="68.922567" lon="17.307814"><ele>128.6</ele></trkpt>
   <trkpt lat="68.922535" lon="17.307855"><ele>129.2</ele></trkpt>
   <trkpt lat="68.922504" lon="17.307881"><ele>129.6</ele></trkpt>
   <trkpt lat="68.922455" lon="17.307939"><ele>130.6</ele></trkpt>
   <trkpt lat="68.922441" lon="17.307951"><ele>131.0</ele></trkpt>
   <trkpt lat="68.922390" lon="17.308011"><ele>131.6</ele></trkpt>
   <trkpt lat="68.922373" lon="17.308059"><ele>132.2</ele></trkpt>
   <trkpt lat="68.922328" lon="17.308150"><ele>132.8</ele></trkpt>
   <trkpt lat="68.922304" lon="17.308188"><ele>133.2</ele></trkpt>
   <trkpt lat="68.922278" lon="17.308268"><ele>133.8</ele></trkpt>
   <trkpt lat="68.922263" lon="17.308364"><ele>134.4</ele></trkpt>
   <trkpt lat="68.922239" lon="17.308414"><ele>135.0</ele></trkpt>
   <trkpt lat="68.922215" lon="17.308448"><ele>135.6</ele></trkpt>
   <trkpt lat="68.922177" lon="17.308493"><ele>136.6</ele></trkpt>
   <trkpt lat="68.922167" lon="17.308501"><ele>136.8</ele></trkpt>
   <trkpt lat="68.922126" lon="17.308548"><ele>137.6</ele></trkpt>
   <trkpt lat="68.922064" lon="17.308612"><ele>138.6</ele></trkpt>
   <trkpt lat="68.922052" lon="17.308628"><ele>138.8</ele></trkpt>
   <trkpt lat="68.921989" lon="17.308721"><ele>139.8</ele></trkpt>
   <trkpt lat="68.921945" lon="17.308732"><ele>140.6</ele></trkpt>
   <trkpt lat="68.921924" lon="17.308752"><ele>140.8</ele></trkpt>
   <trkpt lat="68.921847" lon="17.308753"><ele>141.8</ele></trkpt>
   <trkpt lat="68.921817" lon="17.308763"><ele>142.0</ele></trkpt>
   <trkpt lat="68.921745" lon="17.308768"><ele>143.0</ele></trkpt>
   <trkpt lat="68.921734" lon="17.308780"><ele>143.2</ele></trkpt>
   <trkpt lat="68.921714" lon="17.308785"><ele>143.6</ele></trkpt>
   <trkpt lat="68.921689" lon="17.308810"><ele>144.0</ele></trkpt>
   <trkpt lat="68.921680" lon="17.308802"><ele>144.0</ele></trkpt>
   <trkpt lat="68.921663" lon="17.308816"><ele>144.4</ele></trkpt>
   <trkpt lat="68.921649" lon="17.308824"><ele>144.6</ele></trkpt>
   <trkpt lat="68.921612" lon="17.308831"><ele>145.0</ele></trkpt>
   <trkpt lat="68.921592" lon="17.308836"><ele>145.4</ele></trkpt>
   <trkpt lat="68.921561" lon="17.308867"><ele>146.0</ele></trkpt>
   <trkpt lat="68.921541" lon="17.308885"><ele>146.6</ele></trkpt>
   <trkpt lat="68.921487" lon="17.308956"><ele>147.6</ele></trkpt>
   <trkpt lat="68.921455" lon="17.308982"><ele>148.4</ele></trkpt>
   <trkpt lat="68.921433" lon="17.308994"><ele>149.0</ele></trkpt>
   <trkpt lat="68.921426" lon="17.309003"><ele>149.0</ele></trkpt>
   <trkpt lat="68.921387" lon="17.309110"><ele>149.8</ele></trkpt>
   <trkpt lat="68.921381" lon="17.309125"><ele>150.0</ele></trkpt>
   <trkpt lat="68.921359" lon="17.309195"><ele>151.0</ele></trkpt>
   <trkpt lat="68.921353" lon="17.309198"><ele>151.2</ele></trkpt>
   <trkpt lat="68.921346" lon="17.309212"><ele>151.4</ele></trkpt>
   <trkpt lat="68.921333" lon="17.309309"><ele>152.2</ele></trkpt>
   <trkpt lat="68.921329" lon="17.309346"><ele>152.6</ele></trkpt>
   <trkpt lat="68.921310" lon="17.309432"><ele>153.2</ele></trkpt>
   <trkpt lat="68.921303" lon="17.309480"><ele>153.8</ele></trkpt>
   <trkpt lat="68.921303" lon="17.309512"><ele>154.2</ele></trkpt>
   <trkpt lat="68.921295" lon="17.309516"><ele>154.2</ele></trkpt>
   <trkpt lat="68.921288" lon="17.309557"><ele>154.2</ele></trkpt>
   <trkpt lat="68.921282" lon="17.309579"><ele>154.4</ele></trkpt>
   <trkpt lat="68.921261" lon="17.309657"><ele>155.4</ele></trkpt>
   <trkpt lat="68.921253" lon="17.309713"><ele>155.8</ele></trkpt>
   <trkpt lat="68.921245" lon="17.309728"><ele>156.0</ele></trkpt>
   <trkpt lat="68.921237" lon="17.309756"><ele>156.4</ele></trkpt>
   <trkpt lat="68.921203" lon="17.309854"><ele>157.4</ele></trkpt>
   <trkpt lat="68.921182" lon="17.309922"><ele>158.0</ele></trkpt>
   <trkpt lat="68.921133" lon="17.310051"><ele>158.6</ele></trkpt>
   <trkpt lat="68.921124" lon="17.310070"><ele>158.8</ele></trkpt>
   <trkpt lat="68.921074" lon="17.310123"><ele>159.8</ele></trkpt>
   <trkpt lat="68.921012" lon="17.310187"><ele>160.8</ele></trkpt>
   <trkpt lat="68.920949" lon="17.310194"><ele>161.8</ele></trkpt>
   <trkpt lat="68.920941" lon="17.310188"><ele>162.0</ele></trkpt>
   <trkpt lat="68.920931" lon="17.310181"><ele>162.2</ele></trkpt>
   <trkpt lat="68.920862" lon="17.310146"><ele>162.8</ele></trkpt>
   <trkpt lat="68.920850" lon="17.310154"><ele>163.0</ele></trkpt>
   <trkpt lat="68.920818" lon="17.310166"><ele>163.6</ele></trkpt>
   <trkpt lat="68.920791" lon="17.310189"><ele>164.0</ele></trkpt>
   <trkpt lat="68.920741" lon="17.310225"><ele>165.2</ele></trkpt>
   <trkpt lat="68.920736" lon="17.310226"><ele>165.4</ele></trkpt>
   <trkpt lat="68.920698" lon="17.310247"><ele>166.4</ele></trkpt>
   <trkpt lat="68.920655" lon="17.310302"><ele>167.6</ele></trkpt>
   <trkpt lat="68.920619" lon="17.310357"><ele>168.8</ele></trkpt>
   <trkpt lat="68.920588" lon="17.310437"><ele>169.8</ele></trkpt>
   <trkpt lat="68.920568" lon="17.310483"><ele>170.4</ele></trkpt>
   <trkpt lat="68.920554" lon="17.310537"><ele>170.8</ele></trkpt>
   <trkpt lat="68.920548" lon="17.310558"><ele>171.0</ele></trkpt>
   <trkpt lat="68.920534" lon="17.310586"><ele>171.4</ele></trkpt>
   <trkpt lat="68.920521" lon="17.310631"><ele>172.0</ele></trkpt>
   <trkpt lat="68.920498" lon="17.310697"><ele>172.6</ele></trkpt>
   <trkpt lat="68.920484" lon="17.310726"><ele>173.2</ele></trkpt>
   <trkpt lat="68.920450" lon="17.310806"><ele>174.4</ele></trkpt>
   <trkpt lat="68.920412" lon="17.310900"><ele>175.6</ele></trkpt>
   <trkpt lat="68.920404" lon="17.310915"><ele>175.8</ele></trkpt>
   <trkpt lat="68.920350" lon="17.311008"><ele>176.6</ele></trkpt>
   <trkpt lat="68.920315" lon="17.311074"><ele>177.4</ele></trkpt>
   <trkpt lat="68.920298" lon="17.311100"><ele>177.8</ele></trkpt>
   <trkpt lat="68.920252" lon="17.311178"><ele>179.0</ele></trkpt>
   <trkpt lat="68.920215" lon="17.311210"><ele>179.8</ele></trkpt>
   <trkpt lat="68.920190" lon="17.311227"><ele>180.2</ele></trkpt>
   <trkpt lat="68.920122" lon="17.311267"><ele>180.6</ele></trkpt>
   <trkpt lat="68.920090" lon="17.311305"><ele>181.2</ele></trkpt>
   <trkpt lat="68.920040" lon="17.311375"><ele>182.2</ele></trkpt>
   <trkpt lat="68.920020" lon="17.311424"><ele>183.0</ele></trkpt>
   <trkpt lat="68.920011" lon="17.311433"><ele>183.2</ele></trkpt>
   <trkpt lat="68.919973" lon="17.311484"><ele>184.4</ele></trkpt>
   <trkpt lat="68.919941" lon="17.311509"><ele>185.2</ele></trkpt>
   <trkpt lat="68.919934" lon="17.311517"><ele>185.6</ele></trkpt>
   <trkpt lat="68.919892" lon="17.311633"><ele>186.4</ele></trkpt>
   <trkpt lat="68.919880" lon="17.311663"><ele>186.6</ele></trkpt>
   <trkpt lat="68.919849" lon="17.311688"><ele>187.8</ele></trkpt>
   <trkpt lat="68.919808" lon="17.311682"><ele>189.2</ele></trkpt>
   <trkpt lat="68.919798" lon="17.311673"><ele>189.4</ele></trkpt>
   <trkpt lat="68.919767" lon="17.311720"><ele>190.4</ele></trkpt>
   <trkpt lat="68.919752" lon="17.311780"><ele>191.2</ele></trkpt>
   <trkpt lat="68.919732" lon="17.311813"><ele>191.6</ele></trkpt>
   <trkpt lat="68.919703" lon="17.311840"><ele>192.8</ele></trkpt>
   <trkpt lat="68.919661" lon="17.311899"><ele>194.0</ele></trkpt>
   <trkpt lat="68.919641" lon="17.311973"><ele>195.4</ele></trkpt>
   <trkpt lat="68.919621" lon="17.312029"><ele>196.0</ele></trkpt>
   <trkpt lat="68.919605" lon="17.312026"><ele>196.4</ele></trkpt>
   <trkpt lat="68.919578" lon="17.312023"><ele>197.6</ele></trkpt>
   <trkpt lat="68.919573" lon="17.312019"><ele>197.8</ele></trkpt>
   <trkpt lat="68.919557" lon="17.312104"><ele>198.8</ele></trkpt>
   <trkpt lat="68.919552" lon="17.312132"><ele>199.0</ele></trkpt>
   <trkpt lat="68.919527" lon="17.312170"><ele>200.0</ele></trkpt>
   <trkpt lat="68.919504" lon="17.312203"><ele>200.6</ele></trkpt>
   <trkpt lat="68.919479" lon="17.312194"><ele>201.2</ele></trkpt>
   <trkpt lat="68.919447" lon="17.312222"><ele>202.4</ele></trkpt>
   <trkpt lat="68.919441" lon="17.312240"><ele>202.6</ele></trkpt>
   <trkpt lat="68.919418" lon="17.312290"><ele>203.6</ele></trkpt>
   <trkpt lat="68.919380" lon="17.312362"><ele>204.6</ele></trkpt>
   <trkpt lat="68.919354" lon="17.312389"><ele>205.4</ele></trkpt>
   <trkpt lat="68.919324" lon="17.312448"><ele>205.8</ele></trkpt>
   <trkpt lat="68.919303" lon="17.312478"><ele>206.4</ele></trkpt>
   <trkpt lat="68.919289" lon="17.312545"><ele>207.0</ele></trkpt>
   <trkpt lat="68.919282" lon="17.312553"><ele>207.4</ele></trkpt>
   <trkpt lat="68.919229" lon="17.312606"><ele>208.2</ele></trkpt>
   <trkpt lat="68.919203" lon="17.312620"><ele>208.4</ele></trkpt>
   <trkpt lat="68.919156" lon="17.312621"><ele>209.2</ele></trkpt>
   <trkpt lat="68.919145" lon="17.312613"><ele>209.6</ele></trkpt>
   <trkpt lat="68.919127" lon="17.312621"><ele>210.4</ele></trkpt>
   <trkpt lat="68.919112" lon="17.312685"><ele>211.0</ele></trkpt>
   <trkpt lat="68.919092" lon="17.312704"><ele>211.4</ele></trkpt>
   <trkpt lat="68.919076" lon="17.312725"><ele>211.8</ele></trkpt>
   <trkpt lat="68.919062" lon="17.312743"><ele>212.6</ele></trkpt>
   <trkpt lat="68.919045" lon="17.312776"><ele>212.8</ele></trkpt>
   <trkpt lat="68.919015" lon="17.312789"><ele>213.6</ele></trkpt>
   <trkpt lat="68.919002" lon="17.312804"><ele>214.8</ele></trkpt>
   <trkpt lat="68.918992" lon="17.312822"><ele>215.2</ele></trkpt>
   <trkpt lat="68.918970" lon="17.312821"><ele>215.8</ele></trkpt>
   <trkpt lat="68.918952" lon="17.312819"><ele>216.6</ele></trkpt>
   <trkpt lat="68.918944" lon="17.312818"><ele>217.0</ele></trkpt>
   <trkpt lat="68.918914" lon="17.312918"><ele>218.0</ele></trkpt>
   <trkpt lat="68.918882" lon="17.313010"><ele>219.2</ele></trkpt>
   <trkpt lat="68.918852" lon="17.313047"><ele>220.0</ele></trkpt>
   <trkpt lat="68.918844" lon="17.313062"><ele>220.4</ele></trkpt>
   <trkpt lat="68.918819" lon="17.313077"><ele>221.4</ele></trkpt>
   <trkpt lat="68.918814" lon="17.313122"><ele>222.2</ele></trkpt>
   <trkpt lat="68.918791" lon="17.313158"><ele>222.4</ele></trkpt>
   <trkpt lat="68.918775" lon="17.313179"><ele>223.4</ele></trkpt>
   <trkpt lat="68.918768" lon="17.313184"><ele>223.6</ele></trkpt>
   <trkpt lat="68.918742" lon="17.313208"><ele>224.8</ele></trkpt>
   <trkpt lat="68.918725" lon="17.313251"><ele>225.6</ele></trkpt>
   <trkpt lat="68.918719" lon="17.313260"><ele>225.8</ele></trkpt>
   <trkpt lat="68.918669" lon="17.313283"><ele>227.0</ele></trkpt>
   <trkpt lat="68.918660" lon="17.313292"><ele>227.4</ele></trkpt>
   <trkpt lat="68.918645" lon="17.313303"><ele>228.2</ele></trkpt>
   <trkpt lat="68.918624" lon="17.313362"><ele>229.2</ele></trkpt>
   <trkpt lat="68.918617" lon="17.313377"><ele>229.4</ele></trkpt>
   <trkpt lat="68.918573" lon="17.313368"><ele>230.6</ele></trkpt>
   <trkpt lat="68.918545" lon="17.313445"><ele>231.6</ele></trkpt>
   <trkpt lat="68.918533" lon="17.313487"><ele>231.8</ele></trkpt>
   <trkpt lat="68.918507" lon="17.313541"><ele>232.8</ele></trkpt>
   <trkpt lat="68.918475" lon="17.313629"><ele>234.0</ele></trkpt>
   <trkpt lat="68.918463" lon="17.313614"><ele>235.2</ele></trkpt>
   <trkpt lat="68.918461" lon="17.313631"><ele>235.6</ele></trkpt>
   <trkpt lat="68.918453" lon="17.313657"><ele>236.2</ele></trkpt>
   <trkpt lat="68.918421" lon="17.313726"><ele>237.4</ele></trkpt>
   <trkpt lat="68.918408" lon="17.313732"><ele>237.8</ele></trkpt>
   <trkpt lat="68.918387" lon="17.313783"><ele>238.6</ele></trkpt>
   <trkpt lat="68.918371" lon="17.313872"><ele>239.0</ele></trkpt>
   <trkpt lat="68.918350" lon="17.313913"><ele>239.6</ele></trkpt>
   <trkpt lat="68.918343" lon="17.313913"><ele>240.0</ele></trkpt>
   <trkpt lat="68.918318" lon="17.313953"><ele>240.6</ele></trkpt>
   <trkpt lat="68.918311" lon="17.313969"><ele>241.0</ele></trkpt>
   <trkpt lat="68.918283" lon="17.314014"><ele>242.0</ele></trkpt>
   <trkpt lat="68.918263" lon="17.314035"><ele>242.6</ele></trkpt>
   <trkpt lat="68.918260" lon="17.314055"><ele>243.0</ele></trkpt>
   <trkpt lat="68.918241" lon="17.314046"><ele>244.4</ele></trkpt>
   <trkpt lat="68.918217" lon="17.314070"><ele>245.6</ele></trkpt>
   <trkpt lat="68.918214" lon="17.314107"><ele>246.0</ele></trkpt>
   <trkpt lat="68.918196" lon="17.314143"><ele>246.6</ele></trkpt>
   <trkpt lat="68.918188" lon="17.314153"><ele>246.6</ele></trkpt>
   <trkpt lat="68.918173" lon="17.314179"><ele>247.0</ele></trkpt>
   <trkpt lat="68.918150" lon="17.314249"><ele>247.8</ele></trkpt>
   <trkpt lat="68.918134" lon="17.314284"><ele>248.2</ele></trkpt>
   <trkpt lat="68.918106" lon="17.314314"><ele>248.8</ele></trkpt>
   <trkpt lat="68.918079" lon="17.314356"><ele>249.8</ele></trkpt>
   <trkpt lat="68.918069" lon="17.314371"><ele>250.4</ele></trkpt>
   <trkpt lat="68.918041" lon="17.314410"><ele>251.2</ele></trkpt>
   <trkpt lat="68.918018" lon="17.314436"><ele>251.8</ele></trkpt>
   <trkpt lat="68.917990" lon="17.314476"><ele>252.4</ele></trkpt>
   <trkpt lat="68.917964" lon="17.314512"><ele>253.4</ele></trkpt>
   <trkpt lat="68.917947" lon="17.314559"><ele>254.2</ele></trkpt>
   <trkpt lat="68.917939" lon="17.314594"><ele>254.6</ele></trkpt>
   <trkpt lat="68.917917" lon="17.314660"><ele>255.6</ele></trkpt>
   <trkpt lat="68.917897" lon="17.314714"><ele>256.8</ele></trkpt>
   <trkpt lat="68.917891" lon="17.314722"><ele>257.2</ele></trkpt>
   <trkpt lat="68.917866" lon="17.314750"><ele>258.0</ele></trkpt>
   <trkpt lat="68.917842" lon="17.314773"><ele>259.0</ele></trkpt>
   <trkpt lat="68.917836" lon="17.314788"><ele>259.6</ele></trkpt>
   <trkpt lat="68.917836" lon="17.314808"><ele>260.2</ele></trkpt>
   <trkpt lat="68.917830" lon="17.314941"><ele>260.8</ele></trkpt>
   <trkpt lat="68.917828" lon="17.315025"><ele>261.2</ele></trkpt>
   <trkpt lat="68.917821" lon="17.315054"><ele>261.8</ele></trkpt>
   <trkpt lat="68.917809" lon="17.315076"><ele>262.6</ele></trkpt>
   <trkpt lat="68.917797" lon="17.315126"><ele>263.2</ele></trkpt>
   <trkpt lat="68.917773" lon="17.315223"><ele>263.6</ele></trkpt>
   <trkpt lat="68.917769" lon="17.315242"><ele>263.8</ele></trkpt>
   <trkpt lat="68.917740" lon="17.315286"><ele>264.6</ele></trkpt>
   <trkpt lat="68.917729" lon="17.315320"><ele>265.4</ele></trkpt>
   <trkpt lat="68.917723" lon="17.315331"><ele>265.8</ele></trkpt>
   <trkpt lat="68.917700" lon="17.315377"><ele>267.0</ele></trkpt>
   <trkpt lat="68.917669" lon="17.315417"><ele>268.2</ele></trkpt>
   <trkpt lat="68.917654" lon="17.315422"><ele>269.0</ele></trkpt>
   <trkpt lat="68.917647" lon="17.315468"><ele>269.2</ele></trkpt>
   <trkpt lat="68.917636" lon="17.315548"><ele>269.6</ele></trkpt>
   <trkpt lat="68.917629" lon="17.315577"><ele>270.4</ele></trkpt>
   <trkpt lat="68.917607" lon="17.315670"><ele>271.2</ele></trkpt>
   <trkpt lat="68.917597" lon="17.315677"><ele>271.4</ele></trkpt>
   <trkpt lat="68.917581" lon="17.315690"><ele>272.6</ele></trkpt>
   <trkpt lat="68.917574" lon="17.315710"><ele>272.8</ele></trkpt>
   <trkpt lat="68.917558" lon="17.315731"><ele>273.6</ele></trkpt>
   <trkpt lat="68.917543" lon="17.315735"><ele>274.0</ele></trkpt>
   <trkpt lat="68.917530" lon="17.315758"><ele>274.4</ele></trkpt>
   <trkpt lat="68.917514" lon="17.315802"><ele>274.8</ele></trkpt>
   <trkpt lat="68.917504" lon="17.315914"><ele>275.6</ele></trkpt>
   <trkpt lat="68.917481" lon="17.316032"><ele>276.0</ele></trkpt>
   <trkpt lat="68.917479" lon="17.316049"><ele>276.4</ele></trkpt>
   <trkpt lat="68.917466" lon="17.316125"><ele>277.2</ele></trkpt>
   <trkpt lat="68.917443" lon="17.316160"><ele>278.2</ele></trkpt>
   <trkpt lat="68.917440" lon="17.316171"><ele>278.6</ele></trkpt>
   <trkpt lat="68.917419" lon="17.316226"><ele>279.6</ele></trkpt>
   <trkpt lat="68.917412" lon="17.316252"><ele>280.0</ele></trkpt>
   <trkpt lat="68.917407" lon="17.316272"><ele>280.6</ele></trkpt>
   <trkpt lat="68.917401" lon="17.316349"><ele>281.2</ele></trkpt>
   <trkpt lat="68.917389" lon="17.316415"><ele>281.8</ele></trkpt>
   <trkpt lat="68.917363" lon="17.316518"><ele>282.8</ele></trkpt>
   <trkpt lat="68.917356" lon="17.316523"><ele>283.0</ele></trkpt>
   <trkpt lat="68.917335" lon="17.316511"><ele>284.0</ele></trkpt>
   <trkpt lat="68.917333" lon="17.316508"><ele>284.4</ele></trkpt>
   <trkpt lat="68.917312" lon="17.316505"><ele>285.2</ele></trkpt>
   <trkpt lat="68.917299" lon="17.316481"><ele>286.2</ele></trkpt>
   <trkpt lat="68.917297" lon="17.316488"><ele>286.4</ele></trkpt>
   <trkpt lat="68.917261" lon="17.316491"><ele>287.2</ele></trkpt>
   <trkpt lat="68.917243" lon="17.316484"><ele>288.2</ele></trkpt>
   <trkpt lat="68.917220" lon="17.316492"><ele>289.4</ele></trkpt>
   <trkpt lat="68.917203" lon="17.316551"><ele>290.4</ele></trkpt>
   <trkpt lat="68.917179" lon="17.316653"><ele>291.6</ele></trkpt>
   <trkpt lat="68.917171" lon="17.316742"><ele>291.8</ele></trkpt>
   <trkpt lat="68.917158" lon="17.316839"><ele>292.2</ele></trkpt>
   <trkpt lat="68.917155" lon="17.316850"><ele>292.4</ele></trkpt>
   <trkpt lat="68.917147" lon="17.316880"><ele>292.6</ele></trkpt>
   <trkpt lat="68.917127" lon="17.316968"><ele>293.2</ele></trkpt>
   <trkpt lat="68.917117" lon="17.317027"><ele>293.6</ele></trkpt>
   <trkpt lat="68.917111" lon="17.317084"><ele>294.6</ele></trkpt>
   <trkpt lat="68.917100" lon="17.317148"><ele>295.4</ele></trkpt>
   <trkpt lat="68.917095" lon="17.317197"><ele>295.8</ele></trkpt>
   <trkpt lat="68.917080" lon="17.317218"><ele>296.2</ele></trkpt>
   <trkpt lat="68.917060" lon="17.317244"><ele>297.2</ele></trkpt>
   <trkpt lat="68.917049" lon="17.317324"><ele>298.2</ele></trkpt>
   <trkpt lat="68.917012" lon="17.317372"><ele>299.0</ele></trkpt>
   <trkpt lat="68.917004" lon="17.317363"><ele>299.4</ele></trkpt>
   <trkpt lat="68.916994" lon="17.317370"><ele>299.8</ele></trkpt>
   <trkpt lat="68.916983" lon="17.317369"><ele>300.6</ele></trkpt>
   <trkpt lat="68.916964" lon="17.317345"><ele>301.6</ele></trkpt>
   <trkpt lat="68.916946" lon="17.317333"><ele>302.4</ele></trkpt>
   <trkpt lat="68.916939" lon="17.317327"><ele>302.8</ele></trkpt>
   <trkpt lat="68.916922" lon="17.317345"><ele>303.8</ele></trkpt>
   <trkpt lat="68.916911" lon="17.317333"><ele>304.2</ele></trkpt>
   <trkpt lat="68.916882" lon="17.317300"><ele>305.0</ele></trkpt>
   <trkpt lat="68.916857" lon="17.317279"><ele>306.0</ele></trkpt>
   <trkpt lat="68.916851" lon="17.317282"><ele>306.4</ele></trkpt>
   <trkpt lat="68.916838" lon="17.317285"><ele>307.2</ele></trkpt>
   <trkpt lat="68.916816" lon="17.317356"><ele>308.0</ele></trkpt>
   <trkpt lat="68.916810" lon="17.317388"><ele>308.2</ele></trkpt>
   <trkpt lat="68.916788" lon="17.317484"><ele>308.0</ele></trkpt>
   <trkpt lat="68.916761" lon="17.317611"><ele>308.2</ele></trkpt>
   <trkpt lat="68.916758" lon="17.317620"><ele>308.2</ele></trkpt>
   <trkpt lat="68.916726" lon="17.317718"><ele>308.8</ele></trkpt>
   <trkpt lat="68.916700" lon="17.317720"><ele>309.2</ele></trkpt>
   <trkpt lat="68.916677" lon="17.317702"><ele>310.6</ele></trkpt>
   <trkpt lat="68.916664" lon="17.317707"><ele>311.2</ele></trkpt>
   <trkpt lat="68.916651" lon="17.317714"><ele>311.6</ele></trkpt>
   <trkpt lat="68.916628" lon="17.317730"><ele>312.8</ele></trkpt>
   <trkpt lat="68.916615" lon="17.317737"><ele>313.2</ele></trkpt>
   <trkpt lat="68.916604" lon="17.317735"><ele>314.0</ele></trkpt>
   <trkpt lat="68.916581" lon="17.317768"><ele>315.0</ele></trkpt>
   <trkpt lat="68.916572" lon="17.317799"><ele>315.6</ele></trkpt>
   <trkpt lat="68.916563" lon="17.317837"><ele>315.8</ele></trkpt>
   <trkpt lat="68.916551" lon="17.317862"><ele>316.2</ele></trkpt>
   <trkpt lat="68.916533" lon="17.317904"><ele>317.2</ele></trkpt>
   <trkpt lat="68.916527" lon="17.317917"><ele>317.4</ele></trkpt>
   <trkpt lat="68.916508" lon="17.317928"><ele>318.4</ele></trkpt>
   <trkpt lat="68.916505" lon="17.317921"><ele>318.6</ele></trkpt>
   <trkpt lat="68.916486" lon="17.317893"><ele>319.6</ele></trkpt>
   <trkpt lat="68.916470" lon="17.317868"><ele>320.8</ele></trkpt>
   <trkpt lat="68.916465" lon="17.317861"><ele>321.0</ele></trkpt>
   <trkpt lat="68.916447" lon="17.317853"><ele>321.8</ele></trkpt>
   <trkpt lat="68.916431" lon="17.317842"><ele>323.0</ele></trkpt>
   <trkpt lat="68.916427" lon="17.317844"><ele>323.4</ele></trkpt>
   <trkpt lat="68.916413" lon="17.317837"><ele>324.0</ele></trkpt>
   <trkpt lat="68.916391" lon="17.317891"><ele>325.2</ele></trkpt>
   <trkpt lat="68.916369" lon="17.317927"><ele>326.4</ele></trkpt>
   <trkpt lat="68.916355" lon="17.317936"><ele>327.4</ele></trkpt>
   <trkpt lat="68.916348" lon="17.317948"><ele>327.6</ele></trkpt>
   <trkpt lat="68.916324" lon="17.317933"><ele>328.8</ele></trkpt>
   <trkpt lat="68.916312" lon="17.317927"><ele>329.4</ele></trkpt>
   <trkpt lat="68.916307" lon="17.317924"><ele>329.8</ele></trkpt>
   <trkpt lat="68.916292" lon="17.317906"><ele>330.8</ele></trkpt>
   <trkpt lat="68.916275" lon="17.317884"><ele>331.8</ele></trkpt>
   <trkpt lat="68.916268" lon="17.317881"><ele>332.0</ele></trkpt>
   <trkpt lat="68.916245" lon="17.317870"><ele>333.2</ele></trkpt>
   <trkpt lat="68.916239" lon="17.317862"><ele>333.6</ele></trkpt>
   <trkpt lat="68.916226" lon="17.317851"><ele>334.4</ele></trkpt>
   <trkpt lat="68.916217" lon="17.317846"><ele>335.4</ele></trkpt>
   <trkpt lat="68.916209" lon="17.317843"><ele>335.6</ele></trkpt>
   <trkpt lat="68.916194" lon="17.317860"><ele>336.6</ele></trkpt>
   <trkpt lat="68.916176" lon="17.317818"><ele>337.8</ele></trkpt>
   <trkpt lat="68.916168" lon="17.317818"><ele>338.2</ele></trkpt>
   <trkpt lat="68.916162" lon="17.317820"><ele>339.0</ele></trkpt>
   <trkpt lat="68.916134" lon="17.317838"><ele>339.8</ele></trkpt>
   <trkpt lat="68.916128" lon="17.317838"><ele>340.2</ele></trkpt>
   <trkpt lat="68.916105" lon="17.317808"><ele>341.2</ele></trkpt>
   <trkpt lat="68.916076" lon="17.317730"><ele>342.4</ele></trkpt>
   <trkpt lat="68.916050" lon="17.317698"><ele>343.4</ele></trkpt>
   <trkpt lat="68.916031" lon="17.317716"><ele>344.2</ele></trkpt>
   <trkpt lat="68.916027" lon="17.317714"><ele>344.6</ele></trkpt>
   <trkpt lat="68.916011" lon="17.317697"><ele>345.6</ele></trkpt>
   <trkpt lat="68.916012" lon="17.317673"><ele>346.2</ele></trkpt>
   <trkpt lat="68.916007" lon="17.317665"><ele>346.6</ele></trkpt>
   <trkpt lat="68.915999" lon="17.317622"><ele>348.0</ele></trkpt>
   <trkpt lat="68.915997" lon="17.317621"><ele>348.2</ele></trkpt>
   <trkpt lat="68.915983" lon="17.317604"><ele>349.0</ele></trkpt>
   <trkpt lat="68.915974" lon="17.317624"><ele>350.2</ele></trkpt>
   <trkpt lat="68.915956" lon="17.317599"><ele>351.2</ele></trkpt>
   <trkpt lat="68.915940" lon="17.317576"><ele>352.2</ele></trkpt>
   <trkpt lat="68.915934" lon="17.317601"><ele>353.2</ele></trkpt>
   <trkpt lat="68.915934" lon="17.317611"><ele>353.4</ele></trkpt>
   <trkpt lat="68.915922" lon="17.317657"><ele>354.2</ele></trkpt>
   <trkpt lat="68.915903" lon="17.317632"><ele>355.4</ele></trkpt>
   <trkpt lat="68.915896" lon="17.317632"><ele>355.6</ele></trkpt>
   <trkpt lat="68.915884" lon="17.317624"><ele>356.6</ele></trkpt>
   <trkpt lat="68.915880" lon="17.317608"><ele>357.6</ele></trkpt>
   <trkpt lat="68.915876" lon="17.317593"><ele>358.0</ele></trkpt>
   <trkpt lat="68.915865" lon="17.317579"><ele>358.6</ele></trkpt>
   <trkpt lat="68.915843" lon="17.317587"><ele>359.4</ele></trkpt>
   <trkpt lat="68.915834" lon="17.317569"><ele>359.8</ele></trkpt>
   <trkpt lat="68.915813" lon="17.317555"><ele>361.0</ele></trkpt>
   <trkpt lat="68.915806" lon="17.317561"><ele>361.2</ele></trkpt>
   <trkpt lat="68.915801" lon="17.317565"><ele>362.2</ele></trkpt>
   <trkpt lat="68.915777" lon="17.317552"><ele>363.4</ele></trkpt>
   <trkpt lat="68.915772" lon="17.317553"><ele>363.8</ele></trkpt>
   <trkpt lat="68.915750" lon="17.317585"><ele>364.6</ele></trkpt>
   <trkpt lat="68.915746" lon="17.317549"><ele>365.2</ele></trkpt>
   <trkpt lat="68.915743" lon="17.317569"><ele>365.6</ele></trkpt>
   <trkpt lat="68.915716" lon="17.317536"><ele>366.4</ele></trkpt>
   <trkpt lat="68.915711" lon="17.317522"><ele>366.8</ele></trkpt>
   <trkpt lat="68.915700" lon="17.317496"><ele>368.0</ele></trkpt>
   <trkpt lat="68.915698" lon="17.317490"><ele>368.4</ele></trkpt>
   <trkpt lat="68.915702" lon="17.317476"><ele>368.4</ele></trkpt>
   <trkpt lat="68.915702" lon="17.317476"><ele>368.4</ele></trkpt>
   <trkpt lat="68.915702" lon="17.317476"><ele>368.4</ele></trkpt>
   <trkpt lat="68.915702" lon="17.317477"><ele>368.4</ele></trkpt>
   <trkpt lat="68.915707" lon="17.317485"><ele>368.4</ele></trkpt>
   <trkpt lat="68.915711" lon="17.317481"><ele>368.4</ele></trkpt>
   <trkpt lat="68.915712" lon="17.317476"><ele>368.2</ele></trkpt>
   <trkpt lat="68.915713" lon="17.317471"><ele>368.2</ele></trkpt>
   <trkpt lat="68.915714" lon="17.317457"><ele>368.6</ele></trkpt>
   <trkpt lat="68.915716" lon="17.317439"><ele>368.2</ele></trkpt>
   <trkpt lat="68.915718" lon="17.317432"><ele>368.6</ele></trkpt>
   <trkpt lat="68.915718" lon="17.317431"><ele>368.8</ele></trkpt>
   <trkpt lat="68.915718" lon="17.317431"><ele>369.0</ele></trkpt>
   <trkpt lat="68.915717" lon="17.317427"><ele>369.2</ele></trkpt>
   <trkpt lat="68.915716" lon="17.317425"><ele>368.8</ele></trkpt>
   <trkpt lat="68.915715" lon="17.317423"><ele>368.8</ele></trkpt>
   <trkpt lat="68.915715" lon="17.317418"><ele>370.2</ele></trkpt>
   <trkpt lat="68.915714" lon="17.317418"><ele>371.2</ele></trkpt>
   <trkpt lat="68.915714" lon="17.317418"><ele>372.4</ele></trkpt>
   <trkpt lat="68.915703" lon="17.317418"><ele>373.6</ele></trkpt>
   <trkpt lat="68.915682" lon="17.317427"><ele>375.0</ele></trkpt>
   <trkpt lat="68.915634" lon="17.317456"><ele>376.2</ele></trkpt>
   <trkpt lat="68.915618" lon="17.317469"><ele>376.6</ele></trkpt>
   <trkpt lat="68.915570" lon="17.317510"><ele>377.4</ele></trkpt>
   <trkpt lat="68.915535" lon="17.317586"><ele>378.4</ele></trkpt>
   <trkpt lat="68.915535" lon="17.317598"><ele>378.8</ele></trkpt>
   <trkpt lat="68.915527" lon="17.317646"><ele>379.6</ele></trkpt>
   <trkpt lat="68.915515" lon="17.317649"><ele>380.6</ele></trkpt>
   <trkpt lat="68.915508" lon="17.317655"><ele>381.0</ele></trkpt>
   <trkpt lat="68.915493" lon="17.317679"><ele>381.8</ele></trkpt>
   <trkpt lat="68.915487" lon="17.317714"><ele>382.8</ele></trkpt>
   <trkpt lat="68.915479" lon="17.317678"><ele>384.0</ele></trkpt>
   <trkpt lat="68.915472" lon="17.317717"><ele>384.4</ele></trkpt>
   <trkpt lat="68.915458" lon="17.317771"><ele>385.2</ele></trkpt>
   <trkpt lat="68.915444" lon="17.317785"><ele>386.0</ele></trkpt>
   <trkpt lat="68.915441" lon="17.317769"><ele>386.4</ele></trkpt>
   <trkpt lat="68.915436" lon="17.317717"><ele>387.4</ele></trkpt>
   <trkpt lat="68.915422" lon="17.317682"><ele>388.4</ele></trkpt>
   <trkpt lat="68.915425" lon="17.317760"><ele>389.6</ele></trkpt>
   <trkpt lat="68.915422" lon="17.317801"><ele>390.8</ele></trkpt>
   <trkpt lat="68.915424" lon="17.317811"><ele>391.0</ele></trkpt>
   <trkpt lat="68.915424" lon="17.317867"><ele>391.8</ele></trkpt>
   <trkpt lat="68.915411" lon="17.317911"><ele>392.4</ele></trkpt>
   <trkpt lat="68.915408" lon="17.317926"><ele>392.8</ele></trkpt>
   <trkpt lat="68.915393" lon="17.317982"><ele>394.0</ele></trkpt>
   <trkpt lat="68.915378" lon="17.318042"><ele>394.8</ele></trkpt>
   <trkpt lat="68.915377" lon="17.318053"><ele>395.2</ele></trkpt>
   <trkpt lat="68.915378" lon="17.318100"><ele>396.4</ele></trkpt>
   <trkpt lat="68.915373" lon="17.318095"><ele>396.6</ele></trkpt>
   <trkpt lat="68.915359" lon="17.318095"><ele>397.6</ele></trkpt>
   <trkpt lat="68.915355" lon="17.318117"><ele>398.0</ele></trkpt>
   <trkpt lat="68.915347" lon="17.318134"><ele>398.6</ele></trkpt>
   <trkpt lat="68.915351" lon="17.318180"><ele>399.8</ele></trkpt>
   <trkpt lat="68.915349" lon="17.318197"><ele>400.2</ele></trkpt>
   <trkpt lat="68.915337" lon="17.318276"><ele>401.0</ele></trkpt>
   <trkpt lat="68.915335" lon="17.318302"><ele>401.4</ele></trkpt>
   <trkpt lat="68.915326" lon="17.318332"><ele>402.0</ele></trkpt>
   <trkpt lat="68.915306" lon="17.318358"><ele>403.2</ele></trkpt>
   <trkpt lat="68.915294" lon="17.318394"><ele>403.8</ele></trkpt>
   <trkpt lat="68.915272" lon="17.318434"><ele>404.2</ele></trkpt>
   <trkpt lat="68.915239" lon="17.318423"><ele>405.0</ele></trkpt>
   <trkpt lat="68.915231" lon="17.318395"><ele>405.4</ele></trkpt>
   <trkpt lat="68.915211" lon="17.318381"><ele>406.4</ele></trkpt>
   <trkpt lat="68.915209" lon="17.318371"><ele>406.6</ele></trkpt>
   <trkpt lat="68.915212" lon="17.318275"><ele>407.8</ele></trkpt>
   <trkpt lat="68.915211" lon="17.318238"><ele>408.2</ele></trkpt>
   <trkpt lat="68.915197" lon="17.318191"><ele>409.0</ele></trkpt>
   <trkpt lat="68.915180" lon="17.318206"><ele>409.8</ele></trkpt>
   <trkpt lat="68.915177" lon="17.318213"><ele>410.4</ele></trkpt>
   <trkpt lat="68.915164" lon="17.318189"><ele>411.4</ele></trkpt>
   <trkpt lat="68.915141" lon="17.318202"><ele>412.6</ele></trkpt>
   <trkpt lat="68.915127" lon="17.318243"><ele>413.8</ele></trkpt>
   <trkpt lat="68.915124" lon="17.318262"><ele>414.0</ele></trkpt>
   <trkpt lat="68.915102" lon="17.318270"><ele>415.0</ele></trkpt>
   <trkpt lat="68.915084" lon="17.318321"><ele>416.0</ele></trkpt>
   <trkpt lat="68.915071" lon="17.318350"><ele>416.8</ele></trkpt>
   <trkpt lat="68.915052" lon="17.318384"><ele>417.2</ele></trkpt>
   <trkpt lat="68.915019" lon="17.318420"><ele>418.2</ele></trkpt>
   <trkpt lat="68.915007" lon="17.318451"><ele>418.8</ele></trkpt>
   <trkpt lat="68.914992" lon="17.318488"><ele>419.4</ele></trkpt>
   <trkpt lat="68.914976" lon="17.318511"><ele>420.4</ele></trkpt>
   <trkpt lat="68.914957" lon="17.318510"><ele>421.6</ele></trkpt>
   <trkpt lat="68.914953" lon="17.318513"><ele>421.8</ele></trkpt>
   <trkpt lat="68.914933" lon="17.318541"><ele>422.8</ele></trkpt>
   <trkpt lat="68.914908" lon="17.318588"><ele>423.6</ele></trkpt>
   <trkpt lat="68.914901" lon="17.318590"><ele>424.0</ele></trkpt>
   <trkpt lat="68.914884" lon="17.318579"><ele>424.8</ele></trkpt>
   <trkpt lat="68.914879" lon="17.318578"><ele>425.0</ele></trkpt>
   <trkpt lat="68.914861" lon="17.318509"><ele>426.2</ele></trkpt>
   <trkpt lat="68.914857" lon="17.318490"><ele>426.4</ele></trkpt>
   <trkpt lat="68.914840" lon="17.318434"><ele>427.4</ele></trkpt>
   <trkpt lat="68.914822" lon="17.318362"><ele>428.4</ele></trkpt>
   <trkpt lat="68.914818" lon="17.318359"><ele>428.6</ele></trkpt>
   <trkpt lat="68.914790" lon="17.318365"><ele>429.4</ele></trkpt>
   <trkpt lat="68.914782" lon="17.318364"><ele>429.8</ele></trkpt>
   <trkpt lat="68.914775" lon="17.318358"><ele>430.0</ele></trkpt>
   <trkpt lat="68.914758" lon="17.318304"><ele>431.0</ele></trkpt>
   <trkpt lat="68.914748" lon="17.318256"><ele>431.8</ele></trkpt>
   <trkpt lat="68.914747" lon="17.318217"><ele>432.2</ele></trkpt>
   <trkpt lat="68.914747" lon="17.318115"><ele>433.2</ele></trkpt>
   <trkpt lat="68.914749" lon="17.318085"><ele>433.6</ele></trkpt>
   <trkpt lat="68.914750" lon="17.318024"><ele>434.6</ele></trkpt>
   <trkpt lat="68.914730" lon="17.317970"><ele>435.8</ele></trkpt>
   <trkpt lat="68.914726" lon="17.317978"><ele>436.2</ele></trkpt>
   <trkpt lat="68.914703" lon="17.317966"><ele>437.0</ele></trkpt>
   <trkpt lat="68.914699" lon="17.317934"><ele>437.4</ele></trkpt>
   <trkpt lat="68.914689" lon="17.317898"><ele>438.2</ele></trkpt>
   <trkpt lat="68.914681" lon="17.317841"><ele>439.2</ele></trkpt>
   <trkpt lat="68.914677" lon="17.317850"><ele>439.4</ele></trkpt>
   <trkpt lat="68.914644" lon="17.317875"><ele>440.4</ele></trkpt>
   <trkpt lat="68.914640" lon="17.317866"><ele>440.6</ele></trkpt>
   <trkpt lat="68.914611" lon="17.317839"><ele>441.4</ele></trkpt>
   <trkpt lat="68.914605" lon="17.317838"><ele>441.6</ele></trkpt>
   <trkpt lat="68.914596" lon="17.317838"><ele>441.8</ele></trkpt>
   <trkpt lat="68.914559" lon="17.317851"><ele>442.8</ele></trkpt>
   <trkpt lat="68.914538" lon="17.317836"><ele>443.2</ele></trkpt>
   <trkpt lat="68.914517" lon="17.317805"><ele>443.8</ele></trkpt>
   <trkpt lat="68.914492" lon="17.317793"><ele>444.4</ele></trkpt>
   <trkpt lat="68.914471" lon="17.317747"><ele>444.8</ele></trkpt>
   <trkpt lat="68.914465" lon="17.317689"><ele>445.8</ele></trkpt>
   <trkpt lat="68.914445" lon="17.317704"><ele>447.0</ele></trkpt>
   <trkpt lat="68.914415" lon="17.317688"><ele>448.0</ele></trkpt>
   <trkpt lat="68.914399" lon="17.317672"><ele>448.6</ele></trkpt>
   <trkpt lat="68.914392" lon="17.317675"><ele>449.0</ele></trkpt>
   <trkpt lat="68.914353" lon="17.317695"><ele>450.2</ele></trkpt>
   <trkpt lat="68.914338" lon="17.317690"><ele>450.8</ele></trkpt>
   <trkpt lat="68.914336" lon="17.317672"><ele>451.4</ele></trkpt>
   <trkpt lat="68.914336" lon="17.317633"><ele>452.2</ele></trkpt>
   <trkpt lat="68.914337" lon="17.317611"><ele>452.6</ele></trkpt>
   <trkpt lat="68.914336" lon="17.317554"><ele>453.8</ele></trkpt>
   <trkpt lat="68.914329" lon="17.317558"><ele>454.8</ele></trkpt>
   <trkpt lat="68.914300" lon="17.317563"><ele>455.8</ele></trkpt>
   <trkpt lat="68.914286" lon="17.317570"><ele>456.6</ele></trkpt>
   <trkpt lat="68.914277" lon="17.317585"><ele>457.0</ele></trkpt>
   <trkpt lat="68.914266" lon="17.317593"><ele>457.6</ele></trkpt>
   <trkpt lat="68.914255" lon="17.317599"><ele>458.0</ele></trkpt>
   <trkpt lat="68.914232" lon="17.317582"><ele>459.0</ele></trkpt>
   <trkpt lat="68.914227" lon="17.317573"><ele>459.2</ele></trkpt>
   <trkpt lat="68.914204" lon="17.317563"><ele>460.2</ele></trkpt>
   <trkpt lat="68.914172" lon="17.317590"><ele>461.4</ele></trkpt>
   <trkpt lat="68.914160" lon="17.317595"><ele>462.0</ele></trkpt>
   <trkpt lat="68.914153" lon="17.317597"><ele>462.4</ele></trkpt>
   <trkpt lat="68.914140" lon="17.317595"><ele>463.6</ele></trkpt>
   <trkpt lat="68.914126" lon="17.317631"><ele>464.6</ele></trkpt>
   <trkpt lat="68.914117" lon="17.317636"><ele>465.0</ele></trkpt>
   <trkpt lat="68.914113" lon="17.317645"><ele>465.6</ele></trkpt>
   <trkpt lat="68.914094" lon="17.317699"><ele>465.8</ele></trkpt>
   <trkpt lat="68.914077" lon="17.317728"><ele>466.4</ele></trkpt>
   <trkpt lat="68.914072" lon="17.317722"><ele>466.6</ele></trkpt>
   <trkpt lat="68.914054" lon="17.317753"><ele>467.8</ele></trkpt>
   <trkpt lat="68.914051" lon="17.317756"><ele>468.4</ele></trkpt>
   <trkpt lat="68.914049" lon="17.317777"><ele>469.0</ele></trkpt>
   <trkpt lat="68.914046" lon="17.317778"><ele>469.2</ele></trkpt>
   <trkpt lat="68.914046" lon="17.317777"><ele>469.8</ele></trkpt>
   <trkpt lat="68.914046" lon="17.317776"><ele>470.4</ele></trkpt>
   <trkpt lat="68.914046" lon="17.317767"><ele>471.2</ele></trkpt>
   <trkpt lat="68.914045" lon="17.317760"><ele>471.6</ele></trkpt>
   <trkpt lat="68.914042" lon="17.317758"><ele>471.8</ele></trkpt>
   <trkpt lat="68.914027" lon="17.317758"><ele>472.6</ele></trkpt>
   <trkpt lat="68.913982" lon="17.317796"><ele>473.8</ele></trkpt>
   <trkpt lat="68.913954" lon="17.317821"><ele>474.2</ele></trkpt>
   <trkpt lat="68.913927" lon="17.317831"><ele>474.8</ele></trkpt>
   <trkpt lat="68.913871" lon="17.317863"><ele>476.2</ele></trkpt>
   <trkpt lat="68.913853" lon="17.317866"><ele>477.0</ele></trkpt>
   <trkpt lat="68.913849" lon="17.317876"><ele>477.4</ele></trkpt>
   <trkpt lat="68.913819" lon="17.317915"><ele>478.4</ele></trkpt>
   <trkpt lat="68.913804" lon="17.317920"><ele>479.4</ele></trkpt>
   <trkpt lat="68.913785" lon="17.317920"><ele>480.6</ele></trkpt>
   <trkpt lat="68.913768" lon="17.317942"><ele>481.8</ele></trkpt>
   <trkpt lat="68.913743" lon="17.317940"><ele>483.0</ele></trkpt>
   <trkpt lat="68.913731" lon="17.317975"><ele>483.8</ele></trkpt>
   <trkpt lat="68.913725" lon="17.317994"><ele>484.2</ele></trkpt>
   <trkpt lat="68.913703" lon="17.318050"><ele>485.2</ele></trkpt>
   <trkpt lat="68.913677" lon="17.318106"><ele>486.2</ele></trkpt>
   <trkpt lat="68.913674" lon="17.318119"><ele>486.4</ele></trkpt>
   <trkpt lat="68.913643" lon="17.318178"><ele>487.6</ele></trkpt>
   <trkpt lat="68.913620" lon="17.318190"><ele>488.6</ele></trkpt>
   <trkpt lat="68.913590" lon="17.318217"><ele>489.6</ele></trkpt>
   <trkpt lat="68.913558" lon="17.318269"><ele>490.8</ele></trkpt>
   <trkpt lat="68.913529" lon="17.318310"><ele>492.0</ele></trkpt>
   <trkpt lat="68.913525" lon="17.318325"><ele>492.2</ele></trkpt>
   <trkpt lat="68.913509" lon="17.318351"><ele>493.0</ele></trkpt>
   <trkpt lat="68.913489" lon="17.318383"><ele>494.0</ele></trkpt>
   <trkpt lat="68.913486" lon="17.318397"><ele>494.2</ele></trkpt>
   <trkpt lat="68.913465" lon="17.318435"><ele>495.2</ele></trkpt>
   <trkpt lat="68.913445" lon="17.318411"><ele>496.0</ele></trkpt>
   <trkpt lat="68.913439" lon="17.318404"><ele>496.4</ele></trkpt>
   <trkpt lat="68.913423" lon="17.318345"><ele>497.6</ele></trkpt>
   <trkpt lat="68.913409" lon="17.318358"><ele>498.4</ele></trkpt>
   <trkpt lat="68.913407" lon="17.318345"><ele>498.6</ele></trkpt>
   <trkpt lat="68.913385" lon="17.318338"><ele>499.8</ele></trkpt>
   <trkpt lat="68.913376" lon="17.318353"><ele>500.4</ele></trkpt>
   <trkpt lat="68.913375" lon="17.318356"><ele>500.8</ele></trkpt>
   <trkpt lat="68.913370" lon="17.318398"><ele>501.6</ele></trkpt>
   <trkpt lat="68.913377" lon="17.318390"><ele>501.8</ele></trkpt>
   <trkpt lat="68.913381" lon="17.318386"><ele>502.4</ele></trkpt>
   <trkpt lat="68.913381" lon="17.318386"><ele>502.2</ele></trkpt>
   <trkpt lat="68.913381" lon="17.318383"><ele>502.2</ele></trkpt>
   <trkpt lat="68.913378" lon="17.318378"><ele>502.6</ele></trkpt>
   <trkpt lat="68.913378" lon="17.318377"><ele>503.2</ele></trkpt>
   <trkpt lat="68.913378" lon="17.318376"><ele>503.6</ele></trkpt>
   <trkpt lat="68.913378" lon="17.318375"><ele>503.8</ele></trkpt>
   <trkpt lat="68.913378" lon="17.318374"><ele>503.8</ele></trkpt>
   <trkpt lat="68.913378" lon="17.318372"><ele>504.4</ele></trkpt>
   <trkpt lat="68.913375" lon="17.318367"><ele>505.4</ele></trkpt>
   <trkpt lat="68.913363" lon="17.318366"><ele>506.0</ele></trkpt>
   <trkpt lat="68.913353" lon="17.318366"><ele>506.6</ele></trkpt>
   <trkpt lat="68.913340" lon="17.318368"><ele>507.8</ele></trkpt>
   <trkpt lat="68.913318" lon="17.318380"><ele>508.8</ele></trkpt>
   <trkpt lat="68.913266" lon="17.318463"><ele>509.2</ele></trkpt>
   <trkpt lat="68.913217" lon="17.318569"><ele>509.4</ele></trkpt>
   <trkpt lat="68.913168" lon="17.318680"><ele>510.0</ele></trkpt>
   <trkpt lat="68.913120" lon="17.318783"><ele>511.0</ele></trkpt>
   <trkpt lat="68.913114" lon="17.318790"><ele>511.6</ele></trkpt>
   <trkpt lat="68.913090" lon="17.318831"><ele>512.6</ele></trkpt>
   <trkpt lat="68.913061" lon="17.318896"><ele>513.8</ele></trkpt>
   <trkpt lat="68.913055" lon="17.318908"><ele>513.8</ele></trkpt>
   <trkpt lat="68.913014" lon="17.318936"><ele>514.4</ele></trkpt>
   <trkpt lat="68.912963" lon="17.318937"><ele>514.8</ele></trkpt>
   <trkpt lat="68.912910" lon="17.318972"><ele>515.4</ele></trkpt>
   <trkpt lat="68.912904" lon="17.318982"><ele>515.6</ele></trkpt>
   <trkpt lat="68.912873" lon="17.319005"><ele>516.0</ele></trkpt>
   <trkpt lat="68.912824" lon="17.319014"><ele>517.2</ele></trkpt>
   <trkpt lat="68.912780" lon="17.318970"><ele>518.2</ele></trkpt>
   <trkpt lat="68.912758" lon="17.318956"><ele>519.4</ele></trkpt>
   <trkpt lat="68.912732" lon="17.318972"><ele>520.6</ele></trkpt>
   <trkpt lat="68.912714" lon="17.318976"><ele>521.0</ele></trkpt>
   <trkpt lat="68.912683" lon="17.319002"><ele>521.2</ele></trkpt>
   <trkpt lat="68.912668" lon="17.318995"><ele>521.8</ele></trkpt>
   <trkpt lat="68.912650" lon="17.318972"><ele>522.4</ele></trkpt>
   <trkpt lat="68.912621" lon="17.318947"><ele>522.8</ele></trkpt>
   <trkpt lat="68.912563" lon="17.318981"><ele>523.6</ele></trkpt>
   <trkpt lat="68.912556" lon="17.318984"><ele>524.0</ele></trkpt>
   <trkpt lat="68.912534" lon="17.319003"><ele>524.2</ele></trkpt>
   <trkpt lat="68.912505" lon="17.319021"><ele>524.8</ele></trkpt>
   <trkpt lat="68.912498" lon="17.319026"><ele>525.0</ele></trkpt>
   <trkpt lat="68.912483" lon="17.319050"><ele>525.4</ele></trkpt>
   <trkpt lat="68.912452" lon="17.319125"><ele>526.0</ele></trkpt>
   <trkpt lat="68.912420" lon="17.319162"><ele>526.4</ele></trkpt>
   <trkpt lat="68.912380" lon="17.319180"><ele>527.0</ele></trkpt>
   <trkpt lat="68.912372" lon="17.319188"><ele>527.2</ele></trkpt>
   <trkpt lat="68.912358" lon="17.319208"><ele>527.4</ele></trkpt>
   <trkpt lat="68.912322" lon="17.319260"><ele>528.2</ele></trkpt>
   <trkpt lat="68.912284" lon="17.319288"><ele>528.8</ele></trkpt>
   <trkpt lat="68.912275" lon="17.319285"><ele>528.8</ele></trkpt>
   <trkpt lat="68.912251" lon="17.319269"><ele>529.2</ele></trkpt>
   <trkpt lat="68.912204" lon="17.319266"><ele>529.6</ele></trkpt>
   <trkpt lat="68.912181" lon="17.319265"><ele>529.4</ele></trkpt>
   <trkpt lat="68.912167" lon="17.319361"><ele>529.6</ele></trkpt>
   <trkpt lat="68.912158" lon="17.319381"><ele>529.8</ele></trkpt>
   <trkpt lat="68.912138" lon="17.319399"><ele>530.0</ele></trkpt>
   <trkpt lat="68.912121" lon="17.319411"><ele>530.4</ele></trkpt>
   <trkpt lat="68.912106" lon="17.319431"><ele>530.6</ele></trkpt>
   <trkpt lat="68.912052" lon="17.319475"><ele>531.0</ele></trkpt>
   <trkpt lat="68.912035" lon="17.319486"><ele>531.4</ele></trkpt>
   <trkpt lat="68.912008" lon="17.319516"><ele>532.6</ele></trkpt>
   <trkpt lat="68.912008" lon="17.319533"><ele>532.8</ele></trkpt>
   <trkpt lat="68.912000" lon="17.319610"><ele>533.6</ele></trkpt>
   <trkpt lat="68.911995" lon="17.319606"><ele>534.0</ele></trkpt>
   <trkpt lat="68.911982" lon="17.319629"><ele>535.0</ele></trkpt>
   <trkpt lat="68.911963" lon="17.319635"><ele>535.8</ele></trkpt>
   <trkpt lat="68.911957" lon="17.319637"><ele>536.0</ele></trkpt>
   <trkpt lat="68.911924" lon="17.319639"><ele>537.0</ele></trkpt>
   <trkpt lat="68.911901" lon="17.319684"><ele>538.2</ele></trkpt>
   <trkpt lat="68.911897" lon="17.319690"><ele>538.4</ele></trkpt>
   <trkpt lat="68.911877" lon="17.319701"><ele>539.4</ele></trkpt>
   <trkpt lat="68.911861" lon="17.319645"><ele>540.4</ele></trkpt>
   <trkpt lat="68.911834" lon="17.319672"><ele>541.4</ele></trkpt>
   <trkpt lat="68.911797" lon="17.319699"><ele>542.6</ele></trkpt>
   <trkpt lat="68.911761" lon="17.319696"><ele>543.6</ele></trkpt>
   <trkpt lat="68.911725" lon="17.319742"><ele>544.6</ele></trkpt>
   <trkpt lat="68.911704" lon="17.319779"><ele>545.0</ele></trkpt>
   <trkpt lat="68.911674" lon="17.319824"><ele>545.6</ele></trkpt>
   <trkpt lat="68.911665" lon="17.319840"><ele>545.8</ele></trkpt>
   <trkpt lat="68.911603" lon="17.319901"><ele>546.8</ele></trkpt>
   <trkpt lat="68.911591" lon="17.319894"><ele>547.0</ele></trkpt>
   <trkpt lat="68.911549" lon="17.319891"><ele>548.0</ele></trkpt>
   <trkpt lat="68.911535" lon="17.319924"><ele>548.8</ele></trkpt>
   <trkpt lat="68.911533" lon="17.319945"><ele>549.0</ele></trkpt>
   <trkpt lat="68.911506" lon="17.320051"><ele>550.2</ele></trkpt>
   <trkpt lat="68.911500" lon="17.320073"><ele>550.4</ele></trkpt>
   <trkpt lat="68.911484" lon="17.320147"><ele>551.2</ele></trkpt>
   <trkpt lat="68.911435" lon="17.320211"><ele>551.4</ele></trkpt>
   <trkpt lat="68.911428" lon="17.320220"><ele>551.4</ele></trkpt>
   <trkpt lat="68.911402" lon="17.320233"><ele>552.0</ele></trkpt>
   <trkpt lat="68.911370" lon="17.320313"><ele>552.2</ele></trkpt>
   <trkpt lat="68.911358" lon="17.320344"><ele>552.6</ele></trkpt>
   <trkpt lat="68.911341" lon="17.320389"><ele>553.2</ele></trkpt>
   <trkpt lat="68.911311" lon="17.320466"><ele>554.2</ele></trkpt>
   <trkpt lat="68.911309" lon="17.320468"><ele>554.4</ele></trkpt>
   <trkpt lat="68.911276" lon="17.320529"><ele>555.4</ele></trkpt>
   <trkpt lat="68.911273" lon="17.320548"><ele>555.4</ele></trkpt>
   <trkpt lat="68.911266" lon="17.320626"><ele>556.4</ele></trkpt>
   <trkpt lat="68.911235" lon="17.320665"><ele>557.4</ele></trkpt>
   <trkpt lat="68.911228" lon="17.320670"><ele>557.6</ele></trkpt>
   <trkpt lat="68.911190" lon="17.320667"><ele>558.8</ele></trkpt>
   <trkpt lat="68.911179" lon="17.320647"><ele>559.6</ele></trkpt>
   <trkpt lat="68.911164" lon="17.320636"><ele>560.0</ele></trkpt>
   <trkpt lat="68.911151" lon="17.320602"><ele>561.4</ele></trkpt>
   <trkpt lat="68.911129" lon="17.320565"><ele>561.8</ele></trkpt>
   <trkpt lat="68.911124" lon="17.320527"><ele>562.4</ele></trkpt>
   <trkpt lat="68.911111" lon="17.320486"><ele>563.4</ele></trkpt>
   <trkpt lat="68.911099" lon="17.320467"><ele>564.2</ele></trkpt>
   <trkpt lat="68.911088" lon="17.320451"><ele>564.6</ele></trkpt>
   <trkpt lat="68.911065" lon="17.320473"><ele>565.4</ele></trkpt>
   <trkpt lat="68.911056" lon="17.320481"><ele>565.8</ele></trkpt>
   <trkpt lat="68.911008" lon="17.320539"><ele>566.8</ele></trkpt>
   <trkpt lat="68.910977" lon="17.320522"><ele>567.4</ele></trkpt>
   <trkpt lat="68.910950" lon="17.320514"><ele>567.8</ele></trkpt>
   <trkpt lat="68.910920" lon="17.320524"><ele>569.2</ele></trkpt>
   <trkpt lat="68.910893" lon="17.320597"><ele>570.2</ele></trkpt>
   <trkpt lat="68.910884" lon="17.320606"><ele>570.2</ele></trkpt>
   <trkpt lat="68.910889" lon="17.320586"><ele>570.0</ele></trkpt>
   <trkpt lat="68.910886" lon="17.320598"><ele>570.2</ele></trkpt>
   <trkpt lat="68.910878" lon="17.320575"><ele>570.4</ele></trkpt>
   <trkpt lat="68.910878" lon="17.320575"><ele>570.8</ele></trkpt>
   <trkpt lat="68.910878" lon="17.320575"><ele>570.8</ele></trkpt>
   <trkpt lat="68.910878" lon="17.320575"><ele>570.2</ele></trkpt>
   <trkpt lat="68.910878" lon="17.320575"><ele>570.0</ele></trkpt>
   <trkpt lat="68.910879" lon="17.320575"><ele>570.6</ele></trkpt>
   <trkpt lat="68.910890" lon="17.320579"><ele>571.4</ele></trkpt>
   <trkpt lat="68.910896" lon="17.320578"><ele>572.0</ele></trkpt>
   <trkpt lat="68.910896" lon="17.320578"><ele>572.2</ele></trkpt>
   <trkpt lat="68.910918" lon="17.320578"><ele>572.4</ele></trkpt>
   <trkpt lat="68.910923" lon="17.320578"><ele>572.6</ele></trkpt>
   <trkpt lat="68.910923" lon="17.320578"><ele>572.6</ele></trkpt>
   <trkpt lat="68.910924" lon="17.320566"><ele>572.2</ele></trkpt>
   <trkpt lat="68.910925" lon="17.320566"><ele>572.2</ele></trkpt>
   <trkpt lat="68.910926" lon="17.320566"><ele>573.0</ele></trkpt>
   <trkpt lat="68.910926" lon="17.320568"><ele>573.2</ele></trkpt>
   <trkpt lat="68.910926" lon="17.320569"><ele>573.2</ele></trkpt>
   <trkpt lat="68.910927" lon="17.320574"><ele>573.0</ele></trkpt>
   <trkpt lat="68.910928" lon="17.320577"><ele>572.6</ele></trkpt>
   <trkpt lat="68.910928" lon="17.320578"><ele>572.6</ele></trkpt>
   <trkpt lat="68.910928" lon="17.320581"><ele>572.6</ele></trkpt>
   <trkpt lat="68.910928" lon="17.320580"><ele>572.8</ele></trkpt>
   <trkpt lat="68.910922" lon="17.320583"><ele>572.8</ele></trkpt>
   <trkpt lat="68.910921" lon="17.320586"><ele>573.0</ele></trkpt>
   <trkpt lat="68.910920" lon="17.320588"><ele>572.8</ele></trkpt>
   <trkpt lat="68.910921" lon="17.320589"><ele>572.8</ele></trkpt>
   <trkpt lat="68.910923" lon="17.320590"><ele>572.6</ele></trkpt>
   <trkpt lat="68.910928" lon="17.320590"><ele>572.8</ele></trkpt>
   <trkpt lat="68.910931" lon="17.320590"><ele>572.8</ele></trkpt>
   <trkpt lat="68.910931" lon="17.320581"><ele>572.6</ele></trkpt>
   <trkpt lat="68.910931" lon="17.320580"><ele>572.6</ele></trkpt>
   <trkpt lat="68.910931" lon="17.320580"><ele>572.4</ele></trkpt>
   <trkpt lat="68.910927" lon="17.320576"><ele>572.4</ele></trkpt>
   <trkpt lat="68.910926" lon="17.320568"><ele>572.4</ele></trkpt>
   <trkpt lat="68.910926" lon="17.320558"><ele>572.4</ele></trkpt>
   <trkpt lat="68.910928" lon="17.320536"><ele>572.2</ele></trkpt>
   <trkpt lat="68.910929" lon="17.320514"><ele>572.2</ele></trkpt>
   <trkpt lat="68.910932" lon="17.320507"><ele>572.0</ele></trkpt>
   <trkpt lat="68.910934" lon="17.320505"><ele>572.2</ele></trkpt>
   <trkpt lat="68.910935" lon="17.320508"><ele>572.2</ele></trkpt>
   <trkpt lat="68.910935" lon="17.320512"><ele>572.2</ele></trkpt>
   <trkpt lat="68.910935" lon="17.320515"><ele>572.4</ele></trkpt>
   <trkpt lat="68.910935" lon="17.320515"><ele>572.4</ele></trkpt>
   <trkpt lat="68.910933" lon="17.320520"><ele>572.2</ele></trkpt>
   <trkpt lat="68.910931" lon="17.320527"><ele>572.8</ele></trkpt>
   <trkpt lat="68.910931" lon="17.320529"><ele>572.6</ele></trkpt>
   <trkpt lat="68.910930" lon="17.320530"><ele>572.0</ele></trkpt>
   <trkpt lat="68.910930" lon="17.320530"><ele>572.0</ele></trkpt>
   <trkpt lat="68.910930" lon="17.320531"><ele>571.8</ele></trkpt>
   <trkpt lat="68.910930" lon="17.320531"><ele>571.6</ele></trkpt>
   <trkpt lat="68.910929" lon="17.320532"><ele>571.8</ele></trkpt>
   <trkpt lat="68.910929" lon="17.320533"><ele>571.6</ele></trkpt>
   <trkpt lat="68.910929" lon="17.320533"><ele>571.6</ele></trkpt>
   <trkpt lat="68.910928" lon="17.320534"><ele>571.6</ele></trkpt>
   <trkpt lat="68.910928" lon="17.320535"><ele>571.6</ele></trkpt>
   <trkpt lat="68.910928" lon="17.320535"><ele>571.6</ele></trkpt>
   <trkpt lat="68.910927" lon="17.320536"><ele>572.4</ele></trkpt>
   <trkpt lat="68.910927" lon="17.320537"><ele>572.4</ele></trkpt>
   <trkpt lat="68.910927" lon="17.320537"><ele>572.0</ele></trkpt>
   <trkpt lat="68.910926" lon="17.320537"><ele>572.0</ele></trkpt>
   <trkpt lat="68.910926" lon="17.320538"><ele>571.8</ele></trkpt>
   <trkpt lat="68.910926" lon="17.320538"><ele>572.2</ele></trkpt>
   <trkpt lat="68.910926" lon="17.320538"><ele>572.0</ele></trkpt>
   <trkpt lat="68.910926" lon="17.320538"><ele>572.6</ele></trkpt>
   <trkpt lat="68.910925" lon="17.320539"><ele>573.6</ele></trkpt>
   <trkpt lat="68.910849" lon="17.320653"><ele>573.4</ele></trkpt>
   <trkpt lat="68.910828" lon="17.320683"><ele>573.4</ele></trkpt>
   <trkpt lat="68.910787" lon="17.320754"><ele>573.4</ele></trkpt>
   <trkpt lat="68.910746" lon="17.320806"><ele>573.6</ele></trkpt>
   <trkpt lat="68.910728" lon="17.320839"><ele>573.6</ele></trkpt>
   <trkpt lat="68.910721" lon="17.320859"><ele>573.8</ele></trkpt>
   <trkpt lat="68.910678" lon="17.320938"><ele>574.6</ele></trkpt>
   <trkpt lat="68.910673" lon="17.320955"><ele>574.8</ele></trkpt>
   <trkpt lat="68.910644" lon="17.320990"><ele>575.6</ele></trkpt>
   <trkpt lat="68.910625" lon="17.321008"><ele>576.0</ele></trkpt>
   <trkpt lat="68.910605" lon="17.321012"><ele>576.4</ele></trkpt>
   <trkpt lat="68.910574" lon="17.320984"><ele>577.0</ele></trkpt>
   <trkpt lat="68.910539" lon="17.320949"><ele>578.2</ele></trkpt>
   <trkpt lat="68.910512" lon="17.320927"><ele>578.6</ele></trkpt>
   <trkpt lat="68.910442" lon="17.320871"><ele>579.0</ele></trkpt>
   <trkpt lat="68.910416" lon="17.320833"><ele>579.2</ele></trkpt>
   <trkpt lat="68.910405" lon="17.320821"><ele>579.2</ele></trkpt>
   <trkpt lat="68.910350" lon="17.320734"><ele>579.4</ele></trkpt>
   <trkpt lat="68.910318" lon="17.320642"><ele>579.4</ele></trkpt>
   <trkpt lat="68.910292" lon="17.320563"><ele>579.4</ele></trkpt>
   <trkpt lat="68.910271" lon="17.320497"><ele>579.4</ele></trkpt>
   <trkpt lat="68.910260" lon="17.320429"><ele>579.4</ele></trkpt>
   <trkpt lat="68.910247" lon="17.320405"><ele>579.4</ele></trkpt>
   <trkpt lat="68.910212" lon="17.320322"><ele>579.2</ele></trkpt>
   <trkpt lat="68.910207" lon="17.320294"><ele>579.2</ele></trkpt>
   <trkpt lat="68.910201" lon="17.320276"><ele>579.0</ele></trkpt>
   <trkpt lat="68.910146" lon="17.320117"><ele>578.6</ele></trkpt>
   <trkpt lat="68.910142" lon="17.320085"><ele>578.6</ele></trkpt>
   <trkpt lat="68.910092" lon="17.319916"><ele>578.6</ele></trkpt>
   <trkpt lat="68.910076" lon="17.319855"><ele>578.6</ele></trkpt>
   <trkpt lat="68.910026" lon="17.319776"><ele>578.6</ele></trkpt>
   <trkpt lat="68.909991" lon="17.319719"><ele>578.6</ele></trkpt>
   <trkpt lat="68.909929" lon="17.319639"><ele>578.2</ele></trkpt>
   <trkpt lat="68.909901" lon="17.319608"><ele>578.2</ele></trkpt>
   <trkpt lat="68.909892" lon="17.319587"><ele>578.2</ele></trkpt>
   <trkpt lat="68.909851" lon="17.319485"><ele>578.4</ele></trkpt>
   <trkpt lat="68.909840" lon="17.319473"><ele>578.4</ele></trkpt>
   <trkpt lat="68.909812" lon="17.319476"><ele>578.4</ele></trkpt>
   <trkpt lat="68.909738" lon="17.319463"><ele>578.4</ele></trkpt>
   <trkpt lat="68.909731" lon="17.319471"><ele>578.4</ele></trkpt>
   <trkpt lat="68.909677" lon="17.319520"><ele>578.6</ele></trkpt>
   <trkpt lat="68.909658" lon="17.319556"><ele>578.8</ele></trkpt>
   <trkpt lat="68.909602" lon="17.319699"><ele>578.8</ele></trkpt>
   <trkpt lat="68.909558" lon="17.319775"><ele>579.0</ele></trkpt>
   <trkpt lat="68.909546" lon="17.319779"><ele>579.0</ele></trkpt>
   <trkpt lat="68.909508" lon="17.319853"><ele>579.4</ele></trkpt>
   <trkpt lat="68.909504" lon="17.319880"><ele>579.4</ele></trkpt>
   <trkpt lat="68.909466" lon="17.319991"><ele>579.6</ele></trkpt>
   <trkpt lat="68.909452" lon="17.320186"><ele>579.8</ele></trkpt>
   <trkpt lat="68.909403" lon="17.320338"><ele>580.0</ele></trkpt>
   <trkpt lat="68.909369" lon="17.320432"><ele>580.2</ele></trkpt>
   <trkpt lat="68.909358" lon="17.320463"><ele>580.2</ele></trkpt>
   <trkpt lat="68.909319" lon="17.320606"><ele>581.0</ele></trkpt>
   <trkpt lat="68.909313" lon="17.320637"><ele>581.2</ele></trkpt>
   <trkpt lat="68.909308" lon="17.320658"><ele>581.4</ele></trkpt>
   <trkpt lat="68.909266" lon="17.320748"><ele>582.4</ele></trkpt>
   <trkpt lat="68.909243" lon="17.320779"><ele>582.8</ele></trkpt>
   <trkpt lat="68.909208" lon="17.320836"><ele>583.6</ele></trkpt>
   <trkpt lat="68.909149" lon="17.320904"><ele>584.6</ele></trkpt>
   <trkpt lat="68.909133" lon="17.320961"><ele>585.0</ele></trkpt>
   <trkpt lat="68.909124" lon="17.321051"><ele>586.0</ele></trkpt>
   <trkpt lat="68.909116" lon="17.321109"><ele>586.4</ele></trkpt>
   <trkpt lat="68.909111" lon="17.321154"><ele>587.2</ele></trkpt>
   <trkpt lat="68.909111" lon="17.321250"><ele>588.2</ele></trkpt>
   <trkpt lat="68.909106" lon="17.321270"><ele>588.6</ele></trkpt>
   <trkpt lat="68.909088" lon="17.321281"><ele>589.8</ele></trkpt>
   <trkpt lat="68.909063" lon="17.321254"><ele>590.6</ele></trkpt>
   <trkpt lat="68.909052" lon="17.321276"><ele>591.0</ele></trkpt>
   <trkpt lat="68.909036" lon="17.321360"><ele>592.0</ele></trkpt>
   <trkpt lat="68.909019" lon="17.321424"><ele>593.0</ele></trkpt>
   <trkpt lat="68.909011" lon="17.321452"><ele>593.2</ele></trkpt>
   <trkpt lat="68.908992" lon="17.321531"><ele>593.8</ele></trkpt>
   <trkpt lat="68.908971" lon="17.321601"><ele>594.4</ele></trkpt>
   <trkpt lat="68.908949" lon="17.321637"><ele>594.8</ele></trkpt>
   <trkpt lat="68.908926" lon="17.321676"><ele>595.4</ele></trkpt>
   <trkpt lat="68.908884" lon="17.321784"><ele>596.6</ele></trkpt>
   <trkpt lat="68.908871" lon="17.321832"><ele>597.0</ele></trkpt>
   <trkpt lat="68.908855" lon="17.321865"><ele>597.6</ele></trkpt>
   <trkpt lat="68.908848" lon="17.321877"><ele>597.6</ele></trkpt>
   <trkpt lat="68.908800" lon="17.321967"><ele>598.6</ele></trkpt>
   <trkpt lat="68.908780" lon="17.322011"><ele>598.8</ele></trkpt>
   <trkpt lat="68.908750" lon="17.322105"><ele>599.6</ele></trkpt>
   <trkpt lat="68.908722" lon="17.322207"><ele>600.6</ele></trkpt>
   <trkpt lat="68.908715" lon="17.322227"><ele>600.8</ele></trkpt>
   <trkpt lat="68.908675" lon="17.322309"><ele>601.8</ele></trkpt>
   <trkpt lat="68.908665" lon="17.322336"><ele>602.0</ele></trkpt>
   <trkpt lat="68.908641" lon="17.322401"><ele>602.6</ele></trkpt>
   <trkpt lat="68.908624" lon="17.322440"><ele>603.0</ele></trkpt>
   <trkpt lat="68.908574" lon="17.322551"><ele>604.2</ele></trkpt>
   <trkpt lat="68.908510" lon="17.322645"><ele>605.2</ele></trkpt>
   <trkpt lat="68.908469" lon="17.322747"><ele>606.0</ele></trkpt>
   <trkpt lat="68.908456" lon="17.322798"><ele>606.4</ele></trkpt>
   <trkpt lat="68.908414" lon="17.322816"><ele>607.4</ele></trkpt>
   <trkpt lat="68.908408" lon="17.322828"><ele>607.6</ele></trkpt>
   <trkpt lat="68.908405" lon="17.322851"><ele>608.0</ele></trkpt>
   <trkpt lat="68.908406" lon="17.322875"><ele>608.2</ele></trkpt>
   <trkpt lat="68.908401" lon="17.322921"><ele>608.8</ele></trkpt>
   <trkpt lat="68.908387" lon="17.322963"><ele>609.4</ele></trkpt>
   <trkpt lat="68.908376" lon="17.322993"><ele>610.0</ele></trkpt>
   <trkpt lat="68.908353" lon="17.323027"><ele>611.0</ele></trkpt>
   <trkpt lat="68.908328" lon="17.323060"><ele>612.0</ele></trkpt>
   <trkpt lat="68.908325" lon="17.323073"><ele>612.4</ele></trkpt>
   <trkpt lat="68.908319" lon="17.323083"><ele>612.6</ele></trkpt>
   <trkpt lat="68.908290" lon="17.323121"><ele>613.6</ele></trkpt>
   <trkpt lat="68.908275" lon="17.323160"><ele>614.0</ele></trkpt>
   <trkpt lat="68.908259" lon="17.323221"><ele>614.4</ele></trkpt>
   <trkpt lat="68.908255" lon="17.323268"><ele>614.8</ele></trkpt>
   <trkpt lat="68.908243" lon="17.323370"><ele>615.6</ele></trkpt>
   <trkpt lat="68.908232" lon="17.323389"><ele>615.8</ele></trkpt>
   <trkpt lat="68.908223" lon="17.323415"><ele>616.0</ele></trkpt>
   <trkpt lat="68.908189" lon="17.323487"><ele>616.2</ele></trkpt>
   <trkpt lat="68.908153" lon="17.323508"><ele>616.6</ele></trkpt>
   <trkpt lat="68.908144" lon="17.323508"><ele>616.8</ele></trkpt>
   <trkpt lat="68.908084" lon="17.323577"><ele>617.6</ele></trkpt>
   <trkpt lat="68.908077" lon="17.323591"><ele>617.8</ele></trkpt>
   <trkpt lat="68.908063" lon="17.323625"><ele>618.0</ele></trkpt>
   <trkpt lat="68.908011" lon="17.323725"><ele>618.6</ele></trkpt>
   <trkpt lat="68.907996" lon="17.323793"><ele>619.2</ele></trkpt>
   <trkpt lat="68.907990" lon="17.323826"><ele>619.6</ele></trkpt>
   <trkpt lat="68.907978" lon="17.323870"><ele>620.2</ele></trkpt>
   <trkpt lat="68.907956" lon="17.323921"><ele>621.0</ele></trkpt>
   <trkpt lat="68.907943" lon="17.323962"><ele>621.6</ele></trkpt>
   <trkpt lat="68.907908" lon="17.324038"><ele>622.4</ele></trkpt>
   <trkpt lat="68.907898" lon="17.324044"><ele>622.8</ele></trkpt>
   <trkpt lat="68.907865" lon="17.324074"><ele>624.0</ele></trkpt>
   <trkpt lat="68.907859" lon="17.324075"><ele>624.4</ele></trkpt>
   <trkpt lat="68.907840" lon="17.324122"><ele>625.2</ele></trkpt>
   <trkpt lat="68.907838" lon="17.324161"><ele>625.8</ele></trkpt>
   <trkpt lat="68.907842" lon="17.324210"><ele>626.4</ele></trkpt>
   <trkpt lat="68.907831" lon="17.324336"><ele>627.4</ele></trkpt>
   <trkpt lat="68.907829" lon="17.324351"><ele>627.4</ele></trkpt>
   <trkpt lat="68.907817" lon="17.324390"><ele>627.6</ele></trkpt>
   <trkpt lat="68.907795" lon="17.324523"><ele>628.4</ele></trkpt>
   <trkpt lat="68.907787" lon="17.324597"><ele>628.6</ele></trkpt>
   <trkpt lat="68.907757" lon="17.324685"><ele>629.8</ele></trkpt>
   <trkpt lat="68.907734" lon="17.324734"><ele>631.2</ele></trkpt>
   <trkpt lat="68.907718" lon="17.324726"><ele>632.4</ele></trkpt>
   <trkpt lat="68.907705" lon="17.324718"><ele>633.0</ele></trkpt>
   <trkpt lat="68.907684" lon="17.324722"><ele>633.4</ele></trkpt>
   <trkpt lat="68.907662" lon="17.324707"><ele>634.0</ele></trkpt>
   <trkpt lat="68.907629" lon="17.324720"><ele>634.4</ele></trkpt>
   <trkpt lat="68.907626" lon="17.324718"><ele>634.6</ele></trkpt>
   <trkpt lat="68.907616" lon="17.324736"><ele>635.0</ele></trkpt>
   <trkpt lat="68.907570" lon="17.324791"><ele>635.6</ele></trkpt>
   <trkpt lat="68.907557" lon="17.324811"><ele>635.8</ele></trkpt>
   <trkpt lat="68.907542" lon="17.324841"><ele>636.2</ele></trkpt>
   <trkpt lat="68.907520" lon="17.324862"><ele>636.4</ele></trkpt>
   <trkpt lat="68.907509" lon="17.324880"><ele>636.8</ele></trkpt>
   <trkpt lat="68.907468" lon="17.324928"><ele>638.0</ele></trkpt>
   <trkpt lat="68.907440" lon="17.325007"><ele>639.0</ele></trkpt>
   <trkpt lat="68.907422" lon="17.325038"><ele>639.4</ele></trkpt>
   <trkpt lat="68.907380" lon="17.325085"><ele>640.0</ele></trkpt>
   <trkpt lat="68.907376" lon="17.325104"><ele>640.0</ele></trkpt>
   <trkpt lat="68.907366" lon="17.325151"><ele>640.6</ele></trkpt>
   <trkpt lat="68.907345" lon="17.325193"><ele>641.2</ele></trkpt>
   <trkpt lat="68.907309" lon="17.325245"><ele>642.0</ele></trkpt>
   <trkpt lat="68.907300" lon="17.325262"><ele>642.2</ele></trkpt>
   <trkpt lat="68.907270" lon="17.325346"><ele>643.4</ele></trkpt>
   <trkpt lat="68.907255" lon="17.325378"><ele>643.8</ele></trkpt>
   <trkpt lat="68.907234" lon="17.325398"><ele>644.6</ele></trkpt>
   <trkpt lat="68.907201" lon="17.325428"><ele>645.8</ele></trkpt>
   <trkpt lat="68.907194" lon="17.325436"><ele>646.0</ele></trkpt>
   <trkpt lat="68.907181" lon="17.325455"><ele>646.8</ele></trkpt>
   <trkpt lat="68.907167" lon="17.325514"><ele>647.6</ele></trkpt>
   <trkpt lat="68.907165" lon="17.325533"><ele>648.0</ele></trkpt>
   <trkpt lat="68.907143" lon="17.325570"><ele>649.0</ele></trkpt>
   <trkpt lat="68.907113" lon="17.325615"><ele>650.0</ele></trkpt>
   <trkpt lat="68.907105" lon="17.325610"><ele>650.4</ele></trkpt>
   <trkpt lat="68.907070" lon="17.325601"><ele>651.0</ele></trkpt>
   <trkpt lat="68.907036" lon="17.325625"><ele>651.6</ele></trkpt>
   <trkpt lat="68.907025" lon="17.325653"><ele>652.4</ele></trkpt>
   <trkpt lat="68.907007" lon="17.325675"><ele>653.0</ele></trkpt>
   <trkpt lat="68.906990" lon="17.325674"><ele>653.6</ele></trkpt>
   <trkpt lat="68.906973" lon="17.325708"><ele>653.8</ele></trkpt>
   <trkpt lat="68.906957" lon="17.325732"><ele>654.4</ele></trkpt>
   <trkpt lat="68.906954" lon="17.325740"><ele>654.6</ele></trkpt>
   <trkpt lat="68.906943" lon="17.325787"><ele>655.4</ele></trkpt>
   <trkpt lat="68.906944" lon="17.325801"><ele>655.6</ele></trkpt>
   <trkpt lat="68.906916" lon="17.325819"><ele>656.8</ele></trkpt>
   <trkpt lat="68.906890" lon="17.325852"><ele>657.8</ele></trkpt>
   <trkpt lat="68.906873" lon="17.325864"><ele>659.0</ele></trkpt>
   <trkpt lat="68.906843" lon="17.325903"><ele>660.2</ele></trkpt>
   <trkpt lat="68.906811" lon="17.325914"><ele>661.0</ele></trkpt>
   <trkpt lat="68.906804" lon="17.325919"><ele>661.4</ele></trkpt>
   <trkpt lat="68.906788" lon="17.325948"><ele>662.4</ele></trkpt>
   <trkpt lat="68.906780" lon="17.325966"><ele>662.8</ele></trkpt>
   <trkpt lat="68.906748" lon="17.325994"><ele>663.6</ele></trkpt>
   <trkpt lat="68.906739" lon="17.326012"><ele>664.8</ele></trkpt>
   <trkpt lat="68.906713" lon="17.326077"><ele>665.8</ele></trkpt>
   <trkpt lat="68.906705" lon="17.326079"><ele>666.2</ele></trkpt>
   <trkpt lat="68.906694" lon="17.326089"><ele>666.8</ele></trkpt>
   <trkpt lat="68.906689" lon="17.326094"><ele>667.0</ele></trkpt>
   <trkpt lat="68.906664" lon="17.326103"><ele>667.8</ele></trkpt>
   <trkpt lat="68.906659" lon="17.326102"><ele>668.0</ele></trkpt>
   <trkpt lat="68.906628" lon="17.326123"><ele>669.2</ele></trkpt>
   <trkpt lat="68.906606" lon="17.326147"><ele>670.2</ele></trkpt>
   <trkpt lat="68.906586" lon="17.326220"><ele>671.4</ele></trkpt>
   <trkpt lat="68.906578" lon="17.326233"><ele>671.6</ele></trkpt>
   <trkpt lat="68.906571" lon="17.326251"><ele>672.6</ele></trkpt>
   <trkpt lat="68.906546" lon="17.326256"><ele>673.4</ele></trkpt>
   <trkpt lat="68.906538" lon="17.326259"><ele>673.6</ele></trkpt>
   <trkpt lat="68.906511" lon="17.326276"><ele>674.8</ele></trkpt>
   <trkpt lat="68.906492" lon="17.326303"><ele>675.6</ele></trkpt>
   <trkpt lat="68.906485" lon="17.326305"><ele>675.8</ele></trkpt>
   <trkpt lat="68.906472" lon="17.326331"><ele>677.2</ele></trkpt>
   <trkpt lat="68.906452" lon="17.326363"><ele>678.6</ele></trkpt>
   <trkpt lat="68.906449" lon="17.326402"><ele>679.6</ele></trkpt>
   <trkpt lat="68.906440" lon="17.326412"><ele>680.0</ele></trkpt>
   <trkpt lat="68.906413" lon="17.326431"><ele>680.8</ele></trkpt>
   <trkpt lat="68.906395" lon="17.326427"><ele>681.8</ele></trkpt>
   <trkpt lat="68.906386" lon="17.326462"><ele>682.2</ele></trkpt>
   <trkpt lat="68.906359" lon="17.326455"><ele>683.0</ele></trkpt>
   <trkpt lat="68.906341" lon="17.326457"><ele>683.8</ele></trkpt>
   <trkpt lat="68.906332" lon="17.326471"><ele>684.4</ele></trkpt>
   <trkpt lat="68.906294" lon="17.326528"><ele>685.4</ele></trkpt>
   <trkpt lat="68.906258" lon="17.326600"><ele>686.4</ele></trkpt>
   <trkpt lat="68.906245" lon="17.326682"><ele>687.6</ele></trkpt>
   <trkpt lat="68.906242" lon="17.326712"><ele>687.6</ele></trkpt>
   <trkpt lat="68.906231" lon="17.326783"><ele>688.6</ele></trkpt>
   <trkpt lat="68.906227" lon="17.326797"><ele>688.8</ele></trkpt>
   <trkpt lat="68.906226" lon="17.326895"><ele>689.8</ele></trkpt>
   <trkpt lat="68.906203" lon="17.327003"><ele>691.0</ele></trkpt>
   <trkpt lat="68.906169" lon="17.327129"><ele>692.2</ele></trkpt>
   <trkpt lat="68.906158" lon="17.327238"><ele>693.2</ele></trkpt>
   <trkpt lat="68.906158" lon="17.327269"><ele>693.2</ele></trkpt>
   <trkpt lat="68.906137" lon="17.327422"><ele>694.2</ele></trkpt>
   <trkpt lat="68.906130" lon="17.327452"><ele>694.6</ele></trkpt>
   <trkpt lat="68.906133" lon="17.327461"><ele>695.4</ele></trkpt>
   <trkpt lat="68.906149" lon="17.327527"><ele>696.6</ele></trkpt>
   <trkpt lat="68.906163" lon="17.327586"><ele>697.6</ele></trkpt>
   <trkpt lat="68.906170" lon="17.327642"><ele>698.0</ele></trkpt>
   <trkpt lat="68.906159" lon="17.327666"><ele>698.8</ele></trkpt>
   <trkpt lat="68.906168" lon="17.327732"><ele>700.0</ele></trkpt>
   <trkpt lat="68.906161" lon="17.327773"><ele>701.2</ele></trkpt>
   <trkpt lat="68.906154" lon="17.327762"><ele>702.0</ele></trkpt>
   <trkpt lat="68.906154" lon="17.327790"><ele>702.4</ele></trkpt>
   <trkpt lat="68.906139" lon="17.327833"><ele>703.6</ele></trkpt>
   <trkpt lat="68.906138" lon="17.327888"><ele>704.8</ele></trkpt>
   <trkpt lat="68.906146" lon="17.327938"><ele>705.8</ele></trkpt>
   <trkpt lat="68.906115" lon="17.328004"><ele>707.0</ele></trkpt>
   <trkpt lat="68.906098" lon="17.328031"><ele>707.4</ele></trkpt>
   <trkpt lat="68.906088" lon="17.328048"><ele>708.2</ele></trkpt>
   <trkpt lat="68.906084" lon="17.328084"><ele>709.2</ele></trkpt>
   <trkpt lat="68.906086" lon="17.328108"><ele>709.8</ele></trkpt>
   <trkpt lat="68.906090" lon="17.328132"><ele>710.4</ele></trkpt>
   <trkpt lat="68.906101" lon="17.328149"><ele>710.6</ele></trkpt>
   <trkpt lat="68.906109" lon="17.328162"><ele>711.0</ele></trkpt>
   <trkpt lat="68.906105" lon="17.328179"><ele>711.8</ele></trkpt>
   <trkpt lat="68.906076" lon="17.328265"><ele>712.8</ele></trkpt>
   <trkpt lat="68.906065" lon="17.328297"><ele>713.0</ele></trkpt>
   <trkpt lat="68.906067" lon="17.328333"><ele>714.2</ele></trkpt>
   <trkpt lat="68.906073" lon="17.328431"><ele>715.2</ele></trkpt>
   <trkpt lat="68.906067" lon="17.328517"><ele>716.2</ele></trkpt>
   <trkpt lat="68.906058" lon="17.328592"><ele>717.4</ele></trkpt>
   <trkpt lat="68.906042" lon="17.328667"><ele>718.4</ele></trkpt>
   <trkpt lat="68.906040" lon="17.328677"><ele>718.6</ele></trkpt>
   <trkpt lat="68.906029" lon="17.328695"><ele>719.6</ele></trkpt>
   <trkpt lat="68.906033" lon="17.328678"><ele>720.6</ele></trkpt>
   <trkpt lat="68.906034" lon="17.328671"><ele>720.2</ele></trkpt>
   <trkpt lat="68.906034" lon="17.328671"><ele>720.6</ele></trkpt>
   <trkpt lat="68.906034" lon="17.328671"><ele>720.8</ele></trkpt>
   <trkpt lat="68.906034" lon="17.328671"><ele>721.0</ele></trkpt>
   <trkpt lat="68.906033" lon="17.328681"><ele>720.8</ele></trkpt>
   <trkpt lat="68.906033" lon="17.328676"><ele>720.4</ele></trkpt>
   <trkpt lat="68.906032" lon="17.328676"><ele>720.4</ele></trkpt>
   <trkpt lat="68.906032" lon="17.328676"><ele>720.2</ele></trkpt>
   <trkpt lat="68.906030" lon="17.328680"><ele>720.4</ele></trkpt>
   <trkpt lat="68.906028" lon="17.328780"><ele>722.0</ele></trkpt>
   <trkpt lat="68.906015" lon="17.328849"><ele>722.8</ele></trkpt>
   <trkpt lat="68.906006" lon="17.328882"><ele>723.2</ele></trkpt>
   <trkpt lat="68.905977" lon="17.328975"><ele>724.4</ele></trkpt>
   <trkpt lat="68.905964" lon="17.329008"><ele>725.2</ele></trkpt>
   <trkpt lat="68.905962" lon="17.329004"><ele>725.4</ele></trkpt>
   <trkpt lat="68.905953" lon="17.329075"><ele>726.0</ele></trkpt>
   <trkpt lat="68.905953" lon="17.329117"><ele>726.8</ele></trkpt>
   <trkpt lat="68.905950" lon="17.329182"><ele>728.2</ele></trkpt>
   <trkpt lat="68.905954" lon="17.329235"><ele>729.4</ele></trkpt>
   <trkpt lat="68.905970" lon="17.329269"><ele>730.6</ele></trkpt>
   <trkpt lat="68.905961" lon="17.329323"><ele>731.2</ele></trkpt>
   <trkpt lat="68.905948" lon="17.329352"><ele>732.0</ele></trkpt>
   <trkpt lat="68.905936" lon="17.329386"><ele>733.0</ele></trkpt>
   <trkpt lat="68.905932" lon="17.329394"><ele>733.2</ele></trkpt>
   <trkpt lat="68.905924" lon="17.329419"><ele>734.2</ele></trkpt>
   <trkpt lat="68.905902" lon="17.329492"><ele>735.2</ele></trkpt>
   <trkpt lat="68.905889" lon="17.329527"><ele>735.8</ele></trkpt>
   <trkpt lat="68.905881" lon="17.329564"><ele>736.2</ele></trkpt>
   <trkpt lat="68.905879" lon="17.329643"><ele>737.4</ele></trkpt>
   <trkpt lat="68.905871" lon="17.329704"><ele>738.6</ele></trkpt>
   <trkpt lat="68.905859" lon="17.329750"><ele>739.4</ele></trkpt>
   <trkpt lat="68.905857" lon="17.329771"><ele>739.6</ele></trkpt>
   <trkpt lat="68.905857" lon="17.329797"><ele>740.8</ele></trkpt>
   <trkpt lat="68.905855" lon="17.329821"><ele>741.4</ele></trkpt>
   <trkpt lat="68.905854" lon="17.329889"><ele>742.2</ele></trkpt>
   <trkpt lat="68.905853" lon="17.329967"><ele>743.4</ele></trkpt>
   <trkpt lat="68.905843" lon="17.330034"><ele>744.6</ele></trkpt>
   <trkpt lat="68.905840" lon="17.330049"><ele>745.2</ele></trkpt>
   <trkpt lat="68.905825" lon="17.330092"><ele>745.6</ele></trkpt>
   <trkpt lat="68.905804" lon="17.330144"><ele>746.8</ele></trkpt>
   <trkpt lat="68.905787" lon="17.330150"><ele>747.2</ele></trkpt>
   <trkpt lat="68.905776" lon="17.330192"><ele>748.0</ele></trkpt>
   <trkpt lat="68.905758" lon="17.330251"><ele>749.2</ele></trkpt>
   <trkpt lat="68.905742" lon="17.330285"><ele>750.2</ele></trkpt>
   <trkpt lat="68.905724" lon="17.330309"><ele>750.6</ele></trkpt>
   <trkpt lat="68.905705" lon="17.330327"><ele>751.4</ele></trkpt>
   <trkpt lat="68.905695" lon="17.330348"><ele>752.4</ele></trkpt>
   <trkpt lat="68.905691" lon="17.330364"><ele>752.6</ele></trkpt>
   <trkpt lat="68.905679" lon="17.330422"><ele>753.6</ele></trkpt>
   <trkpt lat="68.905676" lon="17.330444"><ele>753.8</ele></trkpt>
   <trkpt lat="68.905676" lon="17.330520"><ele>755.0</ele></trkpt>
   <trkpt lat="68.905681" lon="17.330534"><ele>755.8</ele></trkpt>
   <trkpt lat="68.905684" lon="17.330537"><ele>756.0</ele></trkpt>
   <trkpt lat="68.905711" lon="17.330574"><ele>757.2</ele></trkpt>
   <trkpt lat="68.905724" lon="17.330605"><ele>757.8</ele></trkpt>
   <trkpt lat="68.905735" lon="17.330634"><ele>758.4</ele></trkpt>
   <trkpt lat="68.905730" lon="17.330688"><ele>759.6</ele></trkpt>
   <trkpt lat="68.905733" lon="17.330772"><ele>760.8</ele></trkpt>
   <trkpt lat="68.905730" lon="17.330796"><ele>762.0</ele></trkpt>
   <trkpt lat="68.905729" lon="17.330844"><ele>762.8</ele></trkpt>
   <trkpt lat="68.905727" lon="17.330867"><ele>763.0</ele></trkpt>
   <trkpt lat="68.905709" lon="17.330883"><ele>764.0</ele></trkpt>
   <trkpt lat="68.905708" lon="17.330885"><ele>764.4</ele></trkpt>
   <trkpt lat="68.905698" lon="17.330940"><ele>765.2</ele></trkpt>
   <trkpt lat="68.905694" lon="17.330966"><ele>765.6</ele></trkpt>
   <trkpt lat="68.905692" lon="17.331001"><ele>766.4</ele></trkpt>
   <trkpt lat="68.905688" lon="17.331022"><ele>767.6</ele></trkpt>
   <trkpt lat="68.905692" lon="17.331032"><ele>768.0</ele></trkpt>
   <trkpt lat="68.905680" lon="17.331064"><ele>768.8</ele></trkpt>
   <trkpt lat="68.905666" lon="17.331094"><ele>769.6</ele></trkpt>
   <trkpt lat="68.905667" lon="17.331105"><ele>770.0</ele></trkpt>
   <trkpt lat="68.905672" lon="17.331150"><ele>771.0</ele></trkpt>
   <trkpt lat="68.905669" lon="17.331163"><ele>771.2</ele></trkpt>
   <trkpt lat="68.905670" lon="17.331161"><ele>772.0</ele></trkpt>
   <trkpt lat="68.905652" lon="17.331174"><ele>772.8</ele></trkpt>
   <trkpt lat="68.905647" lon="17.331203"><ele>773.2</ele></trkpt>
   <trkpt lat="68.905646" lon="17.331281"><ele>774.0</ele></trkpt>
   <trkpt lat="68.905647" lon="17.331299"><ele>774.4</ele></trkpt>
   <trkpt lat="68.905647" lon="17.331329"><ele>775.2</ele></trkpt>
   <trkpt lat="68.905652" lon="17.331326"><ele>775.4</ele></trkpt>
   <trkpt lat="68.905628" lon="17.331410"><ele>776.6</ele></trkpt>
   <trkpt lat="68.905619" lon="17.331438"><ele>777.0</ele></trkpt>
   <trkpt lat="68.905609" lon="17.331458"><ele>777.6</ele></trkpt>
   <trkpt lat="68.905579" lon="17.331533"><ele>778.4</ele></trkpt>
   <trkpt lat="68.905561" lon="17.331543"><ele>778.6</ele></trkpt>
   <trkpt lat="68.905565" lon="17.331581"><ele>779.4</ele></trkpt>
   <trkpt lat="68.905570" lon="17.331608"><ele>779.8</ele></trkpt>
   <trkpt lat="68.905565" lon="17.331640"><ele>781.0</ele></trkpt>
   <trkpt lat="68.905560" lon="17.331616"><ele>781.2</ele></trkpt>
   <trkpt lat="68.905560" lon="17.331616"><ele>781.8</ele></trkpt>
   <trkpt lat="68.905560" lon="17.331616"><ele>782.0</ele></trkpt>
   <trkpt lat="68.905560" lon="17.331618"><ele>783.2</ele></trkpt>
   <trkpt lat="68.905560" lon="17.331624"><ele>784.2</ele></trkpt>
   <trkpt lat="68.905560" lon="17.331633"><ele>784.8</ele></trkpt>
   <trkpt lat="68.905560" lon="17.331637"><ele>785.2</ele></trkpt>
   <trkpt lat="68.905543" lon="17.331692"><ele>786.4</ele></trkpt>
   <trkpt lat="68.905530" lon="17.331729"><ele>786.6</ele></trkpt>
   <trkpt lat="68.905517" lon="17.331793"><ele>787.4</ele></trkpt>
   <trkpt lat="68.905504" lon="17.331866"><ele>788.0</ele></trkpt>
   <trkpt lat="68.905506" lon="17.331896"><ele>788.4</ele></trkpt>
   <trkpt lat="68.905513" lon="17.331946"><ele>789.6</ele></trkpt>
   <trkpt lat="68.905511" lon="17.331966"><ele>789.8</ele></trkpt>
   <trkpt lat="68.905502" lon="17.332026"><ele>790.6</ele></trkpt>
   <trkpt lat="68.905492" lon="17.332073"><ele>791.8</ele></trkpt>
   <trkpt lat="68.905483" lon="17.332063"><ele>792.4</ele></trkpt>
   <trkpt lat="68.905485" lon="17.332041"><ele>792.6</ele></trkpt>
   <trkpt lat="68.905487" lon="17.332029"><ele>792.6</ele></trkpt>
   <trkpt lat="68.905487" lon="17.332029"><ele>792.8</ele></trkpt>
   <trkpt lat="68.905486" lon="17.332040"><ele>793.6</ele></trkpt>
   <trkpt lat="68.905486" lon="17.332040"><ele>793.8</ele></trkpt>
   <trkpt lat="68.905486" lon="17.332053"><ele>794.6</ele></trkpt>
   <trkpt lat="68.905486" lon="17.332063"><ele>795.4</ele></trkpt>
   <trkpt lat="68.905486" lon="17.332071"><ele>796.4</ele></trkpt>
   <trkpt lat="68.905486" lon="17.332086"><ele>797.8</ele></trkpt>
   <trkpt lat="68.905487" lon="17.332133"><ele>798.8</ele></trkpt>
   <trkpt lat="68.905491" lon="17.332185"><ele>800.0</ele></trkpt>
   <trkpt lat="68.905492" lon="17.332271"><ele>801.0</ele></trkpt>
   <trkpt lat="68.905492" lon="17.332346"><ele>801.2</ele></trkpt>
   <trkpt lat="68.905475" lon="17.332415"><ele>801.8</ele></trkpt>
   <trkpt lat="68.905468" lon="17.332417"><ele>802.2</ele></trkpt>
   <trkpt lat="68.905453" lon="17.332424"><ele>803.2</ele></trkpt>
   <trkpt lat="68.905449" lon="17.332430"><ele>804.0</ele></trkpt>
   <trkpt lat="68.905448" lon="17.332432"><ele>804.2</ele></trkpt>
   <trkpt lat="68.905436" lon="17.332468"><ele>805.2</ele></trkpt>
   <trkpt lat="68.905436" lon="17.332473"><ele>805.4</ele></trkpt>
   <trkpt lat="68.905414" lon="17.332534"><ele>806.6</ele></trkpt>
   <trkpt lat="68.905394" lon="17.332591"><ele>807.8</ele></trkpt>
   <trkpt lat="68.905388" lon="17.332660"><ele>809.0</ele></trkpt>
   <trkpt lat="68.905381" lon="17.332703"><ele>810.2</ele></trkpt>
   <trkpt lat="68.905378" lon="17.332749"><ele>810.6</ele></trkpt>
   <trkpt lat="68.905375" lon="17.332788"><ele>811.2</ele></trkpt>
   <trkpt lat="68.905376" lon="17.332846"><ele>812.2</ele></trkpt>
   <trkpt lat="68.905371" lon="17.332882"><ele>813.6</ele></trkpt>
   <trkpt lat="68.905367" lon="17.332947"><ele>814.6</ele></trkpt>
   <trkpt lat="68.905366" lon="17.332963"><ele>814.6</ele></trkpt>
   <trkpt lat="68.905348" lon="17.333064"><ele>815.8</ele></trkpt>
   <trkpt lat="68.905335" lon="17.333241"><ele>817.0</ele></trkpt>
   <trkpt lat="68.905313" lon="17.333330"><ele>818.0</ele></trkpt>
   <trkpt lat="68.905310" lon="17.333335"><ele>818.4</ele></trkpt>
   <trkpt lat="68.905303" lon="17.333387"><ele>819.2</ele></trkpt>
   <trkpt lat="68.905284" lon="17.333421"><ele>820.2</ele></trkpt>
   <trkpt lat="68.905278" lon="17.333449"><ele>821.6</ele></trkpt>
   <trkpt lat="68.905277" lon="17.333458"><ele>821.8</ele></trkpt>
   <trkpt lat="68.905275" lon="17.333500"><ele>822.6</ele></trkpt>
   <trkpt lat="68.905268" lon="17.333538"><ele>823.8</ele></trkpt>
   <trkpt lat="68.905267" lon="17.333538"><ele>824.0</ele></trkpt>
   <trkpt lat="68.905262" lon="17.333567"><ele>824.8</ele></trkpt>
   <trkpt lat="68.905266" lon="17.333574"><ele>824.8</ele></trkpt>
   <trkpt lat="68.905276" lon="17.333579"><ele>826.0</ele></trkpt>
   <trkpt lat="68.905266" lon="17.333592"><ele>826.4</ele></trkpt>
   <trkpt lat="68.905273" lon="17.333587"><ele>827.2</ele></trkpt>
   <trkpt lat="68.905285" lon="17.333590"><ele>827.6</ele></trkpt>
   <trkpt lat="68.905268" lon="17.333596"><ele>828.4</ele></trkpt>
   <trkpt lat="68.905271" lon="17.333624"><ele>829.0</ele></trkpt>
   <trkpt lat="68.905294" lon="17.333622"><ele>829.6</ele></trkpt>
   <trkpt lat="68.905302" lon="17.333653"><ele>830.6</ele></trkpt>
   <trkpt lat="68.905297" lon="17.333659"><ele>831.0</ele></trkpt>
   <trkpt lat="68.905285" lon="17.333678"><ele>831.8</ele></trkpt>
   <trkpt lat="68.905271" lon="17.333735"><ele>833.0</ele></trkpt>
   <trkpt lat="68.905272" lon="17.333743"><ele>833.2</ele></trkpt>
   <trkpt lat="68.905282" lon="17.333782"><ele>834.0</ele></trkpt>
   <trkpt lat="68.905288" lon="17.333832"><ele>835.2</ele></trkpt>
   <trkpt lat="68.905288" lon="17.333847"><ele>835.6</ele></trkpt>
   <trkpt lat="68.905277" lon="17.333844"><ele>836.2</ele></trkpt>
   <trkpt lat="68.905270" lon="17.333861"><ele>836.2</ele></trkpt>
   <trkpt lat="68.905249" lon="17.333963"><ele>837.2</ele></trkpt>
   <trkpt lat="68.905246" lon="17.333986"><ele>838.0</ele></trkpt>
   <trkpt lat="68.905230" lon="17.334013"><ele>838.4</ele></trkpt>
   <trkpt lat="68.905213" lon="17.334028"><ele>839.2</ele></trkpt>
   <trkpt lat="68.905212" lon="17.334039"><ele>839.4</ele></trkpt>
   <trkpt lat="68.905199" lon="17.334058"><ele>840.4</ele></trkpt>
   <trkpt lat="68.905195" lon="17.334051"><ele>840.8</ele></trkpt>
   <trkpt lat="68.905195" lon="17.334056"><ele>841.6</ele></trkpt>
   <trkpt lat="68.905194" lon="17.334088"><ele>842.4</ele></trkpt>
   <trkpt lat="68.905200" lon="17.334090"><ele>842.8</ele></trkpt>
   <trkpt lat="68.905191" lon="17.334101"><ele>843.6</ele></trkpt>
   <trkpt lat="68.905194" lon="17.334090"><ele>843.8</ele></trkpt>
   <trkpt lat="68.905194" lon="17.334090"><ele>844.0</ele></trkpt>
   <trkpt lat="68.905197" lon="17.334090"><ele>844.0</ele></trkpt>
   <trkpt lat="68.905204" lon="17.334071"><ele>844.8</ele></trkpt>
   <trkpt lat="68.905205" lon="17.334060"><ele>844.8</ele></trkpt>
   <trkpt lat="68.905208" lon="17.334050"><ele>845.2</ele></trkpt>
   <trkpt lat="68.905209" lon="17.334028"><ele>845.6</ele></trkpt>
   <trkpt lat="68.905209" lon="17.334009"><ele>845.4</ele></trkpt>
   <trkpt lat="68.905211" lon="17.333993"><ele>845.0</ele></trkpt>
   <trkpt lat="68.905216" lon="17.333967"><ele>844.6</ele></trkpt>
   <trkpt lat="68.905229" lon="17.333965"><ele>844.8</ele></trkpt>
   <trkpt lat="68.905234" lon="17.333961"><ele>845.0</ele></trkpt>
   <trkpt lat="68.905239" lon="17.333964"><ele>845.0</ele></trkpt>
   <trkpt lat="68.905247" lon="17.333968"><ele>844.8</ele></trkpt>
   <trkpt lat="68.905249" lon="17.333968"><ele>844.8</ele></trkpt>
   <trkpt lat="68.905252" lon="17.333968"><ele>844.8</ele></trkpt>
   <trkpt lat="68.905252" lon="17.333968"><ele>844.8</ele></trkpt>
   <trkpt lat="68.905252" lon="17.333969"><ele>844.8</ele></trkpt>
   <trkpt lat="68.905253" lon="17.333969"><ele>845.0</ele></trkpt>
   <trkpt lat="68.905254" lon="17.333969"><ele>845.4</ele></trkpt>
   <trkpt lat="68.905254" lon="17.333968"><ele>846.0</ele></trkpt>
   <trkpt lat="68.905253" lon="17.333963"><ele>846.4</ele></trkpt>
   <trkpt lat="68.905252" lon="17.333941"><ele>846.6</ele></trkpt>
   <trkpt lat="68.905252" lon="17.333938"><ele>847.0</ele></trkpt>
   <trkpt lat="68.905253" lon="17.333938"><ele>847.4</ele></trkpt>
   <trkpt lat="68.905252" lon="17.333945"><ele>847.4</ele></trkpt>
   <trkpt lat="68.905249" lon="17.333947"><ele>848.0</ele></trkpt>
   <trkpt lat="68.905248" lon="17.333948"><ele>848.0</ele></trkpt>
   <trkpt lat="68.905241" lon="17.333951"><ele>848.0</ele></trkpt>
   <trkpt lat="68.905240" lon="17.333953"><ele>847.4</ele></trkpt>
   <trkpt lat="68.905239" lon="17.333958"><ele>847.4</ele></trkpt>
   <trkpt lat="68.905239" lon="17.333969"><ele>847.8</ele></trkpt>
   <trkpt lat="68.905238" lon="17.333974"><ele>847.8</ele></trkpt>
   <trkpt lat="68.905235" lon="17.333978"><ele>848.6</ele></trkpt>
   <trkpt lat="68.905232" lon="17.333982"><ele>848.4</ele></trkpt>
   <trkpt lat="68.905230" lon="17.333987"><ele>849.0</ele></trkpt>
   <trkpt lat="68.905225" lon="17.333996"><ele>850.0</ele></trkpt>
   <trkpt lat="68.905222" lon="17.334005"><ele>850.0</ele></trkpt>
   <trkpt lat="68.905219" lon="17.334018"><ele>850.0</ele></trkpt>
   <trkpt lat="68.905212" lon="17.334059"><ele>851.0</ele></trkpt>
   <trkpt lat="68.905210" lon="17.334063"><ele>851.2</ele></trkpt>
   <trkpt lat="68.905204" lon="17.334084"><ele>852.2</ele></trkpt>
   <trkpt lat="68.905201" lon="17.334096"><ele>853.4</ele></trkpt>
   <trkpt lat="68.905200" lon="17.334101"><ele>854.6</ele></trkpt>
   <trkpt lat="68.905200" lon="17.334104"><ele>855.4</ele></trkpt>
   <trkpt lat="68.905199" lon="17.334105"><ele>855.8</ele></trkpt>
   <trkpt lat="68.905196" lon="17.334141"><ele>857.0</ele></trkpt>
   <trkpt lat="68.905186" lon="17.334258"><ele>857.6</ele></trkpt>
   <trkpt lat="68.905175" lon="17.334310"><ele>858.0</ele></trkpt>
   <trkpt lat="68.905166" lon="17.334348"><ele>858.2</ele></trkpt>
   <trkpt lat="68.905145" lon="17.334419"><ele>859.0</ele></trkpt>
   <trkpt lat="68.905123" lon="17.334497"><ele>859.8</ele></trkpt>
   <trkpt lat="68.905117" lon="17.334508"><ele>860.0</ele></trkpt>
   <trkpt lat="68.905100" lon="17.334532"><ele>861.0</ele></trkpt>
   <trkpt lat="68.905103" lon="17.334523"><ele>861.0</ele></trkpt>
   <trkpt lat="68.905110" lon="17.334503"><ele>860.8</ele></trkpt>
   <trkpt lat="68.905116" lon="17.334511"><ele>861.2</ele></trkpt>
   <trkpt lat="68.905119" lon="17.334540"><ele>861.8</ele></trkpt>
   <trkpt lat="68.905119" lon="17.334540"><ele>861.8</ele></trkpt>
   <trkpt lat="68.905117" lon="17.334540"><ele>862.0</ele></trkpt>
   <trkpt lat="68.905116" lon="17.334540"><ele>862.0</ele></trkpt>
   <trkpt lat="68.905116" lon="17.334540"><ele>862.0</ele></trkpt>
   <trkpt lat="68.905116" lon="17.334540"><ele>862.0</ele></trkpt>
   <trkpt lat="68.905116" lon="17.334540"><ele>862.2</ele></trkpt>
   <trkpt lat="68.905116" lon="17.334537"><ele>863.0</ele></trkpt>
   <trkpt lat="68.905116" lon="17.334522"><ele>863.4</ele></trkpt>
   <trkpt lat="68.905127" lon="17.334569"><ele>864.6</ele></trkpt>
   <trkpt lat="68.905127" lon="17.334608"><ele>865.2</ele></trkpt>
   <trkpt lat="68.905124" lon="17.334630"><ele>865.6</ele></trkpt>
   <trkpt lat="68.905105" lon="17.334718"><ele>866.8</ele></trkpt>
   <trkpt lat="68.905103" lon="17.334716"><ele>867.2</ele></trkpt>
   <trkpt lat="68.905095" lon="17.334719"><ele>867.6</ele></trkpt>
   <trkpt lat="68.905095" lon="17.334743"><ele>867.4</ele></trkpt>
   <trkpt lat="68.905095" lon="17.334764"><ele>867.6</ele></trkpt>
   <trkpt lat="68.905095" lon="17.334764"><ele>867.6</ele></trkpt>
   <trkpt lat="68.905095" lon="17.334764"><ele>868.0</ele></trkpt>
   <trkpt lat="68.905095" lon="17.334762"><ele>869.2</ele></trkpt>
   <trkpt lat="68.905089" lon="17.334771"><ele>870.2</ele></trkpt>
   <trkpt lat="68.905067" lon="17.334850"><ele>871.2</ele></trkpt>
   <trkpt lat="68.905063" lon="17.334868"><ele>871.6</ele></trkpt>
   <trkpt lat="68.905044" lon="17.334913"><ele>872.6</ele></trkpt>
   <trkpt lat="68.905016" lon="17.334985"><ele>873.8</ele></trkpt>
   <trkpt lat="68.905013" lon="17.334988"><ele>874.2</ele></trkpt>
   <trkpt lat="68.905004" lon="17.335020"><ele>875.0</ele></trkpt>
   <trkpt lat="68.904999" lon="17.335068"><ele>876.4</ele></trkpt>
   <trkpt lat="68.905001" lon="17.335067"><ele>876.6</ele></trkpt>
   <trkpt lat="68.905023" lon="17.335029"><ele>877.6</ele></trkpt>
   <trkpt lat="68.905032" lon="17.335053"><ele>878.4</ele></trkpt>
   <trkpt lat="68.905036" lon="17.335064"><ele>878.6</ele></trkpt>
   <trkpt lat="68.905031" lon="17.335087"><ele>879.0</ele></trkpt>
   <trkpt lat="68.905016" lon="17.335121"><ele>879.6</ele></trkpt>
   <trkpt lat="68.905010" lon="17.335135"><ele>880.0</ele></trkpt>
   <trkpt lat="68.904997" lon="17.335156"><ele>880.6</ele></trkpt>
   <trkpt lat="68.904990" lon="17.335207"><ele>881.8</ele></trkpt>
   <trkpt lat="68.904981" lon="17.335244"><ele>882.6</ele></trkpt>
   <trkpt lat="68.904983" lon="17.335254"><ele>882.8</ele></trkpt>
   <trkpt lat="68.904987" lon="17.335305"><ele>883.6</ele></trkpt>
   <trkpt lat="68.904987" lon="17.335318"><ele>884.0</ele></trkpt>
   <trkpt lat="68.904997" lon="17.335360"><ele>885.0</ele></trkpt>
   <trkpt lat="68.905012" lon="17.335406"><ele>886.0</ele></trkpt>
   <trkpt lat="68.905015" lon="17.335415"><ele>886.0</ele></trkpt>
   <trkpt lat="68.905027" lon="17.335443"><ele>886.8</ele></trkpt>
   <trkpt lat="68.905031" lon="17.335446"><ele>887.0</ele></trkpt>
   <trkpt lat="68.905035" lon="17.335454"><ele>887.2</ele></trkpt>
   <trkpt lat="68.905035" lon="17.335482"><ele>887.8</ele></trkpt>
   <trkpt lat="68.905037" lon="17.335509"><ele>888.2</ele></trkpt>
   <trkpt lat="68.905055" lon="17.335556"><ele>889.6</ele></trkpt>
   <trkpt lat="68.905068" lon="17.335564"><ele>890.0</ele></trkpt>
   <trkpt lat="68.905077" lon="17.335590"><ele>890.6</ele></trkpt>
   <trkpt lat="68.905083" lon="17.335631"><ele>891.2</ele></trkpt>
   <trkpt lat="68.905090" lon="17.335626"><ele>891.6</ele></trkpt>
   <trkpt lat="68.905094" lon="17.335603"><ele>892.0</ele></trkpt>
   <trkpt lat="68.905101" lon="17.335688"><ele>892.8</ele></trkpt>
   <trkpt lat="68.905109" lon="17.335771"><ele>894.0</ele></trkpt>
   <trkpt lat="68.905107" lon="17.335845"><ele>894.8</ele></trkpt>
   <trkpt lat="68.905106" lon="17.335909"><ele>895.4</ele></trkpt>
   <trkpt lat="68.905091" lon="17.335942"><ele>896.6</ele></trkpt>
   <trkpt lat="68.905098" lon="17.335905"><ele>897.0</ele></trkpt>
   <trkpt lat="68.905094" lon="17.335906"><ele>897.6</ele></trkpt>
   <trkpt lat="68.905085" lon="17.335935"><ele>898.6</ele></trkpt>
   <trkpt lat="68.905071" lon="17.336005"><ele>899.6</ele></trkpt>
   <trkpt lat="68.905068" lon="17.336019"><ele>899.6</ele></trkpt>
   <trkpt lat="68.905069" lon="17.336019"><ele>899.8</ele></trkpt>
   <trkpt lat="68.905093" lon="17.336048"><ele>900.8</ele></trkpt>
   <trkpt lat="68.905085" lon="17.336064"><ele>902.0</ele></trkpt>
   <trkpt lat="68.905085" lon="17.336081"><ele>902.2</ele></trkpt>
   <trkpt lat="68.905070" lon="17.336119"><ele>903.2</ele></trkpt>
   <trkpt lat="68.905061" lon="17.336120"><ele>904.0</ele></trkpt>
   <trkpt lat="68.905057" lon="17.336121"><ele>904.2</ele></trkpt>
   <trkpt lat="68.905027" lon="17.336083"><ele>905.6</ele></trkpt>
   <trkpt lat="68.905021" lon="17.336086"><ele>905.6</ele></trkpt>
   <trkpt lat="68.904998" lon="17.336085"><ele>906.4</ele></trkpt>
   <trkpt lat="68.904991" lon="17.336094"><ele>906.8</ele></trkpt>
   <trkpt lat="68.904977" lon="17.336124"><ele>907.6</ele></trkpt>
   <trkpt lat="68.904975" lon="17.336128"><ele>907.8</ele></trkpt>
   <trkpt lat="68.904963" lon="17.336138"><ele>908.8</ele></trkpt>
   <trkpt lat="68.904949" lon="17.336167"><ele>909.8</ele></trkpt>
   <trkpt lat="68.904947" lon="17.336164"><ele>910.0</ele></trkpt>
   <trkpt lat="68.904930" lon="17.336197"><ele>911.0</ele></trkpt>
   <trkpt lat="68.904934" lon="17.336196"><ele>911.2</ele></trkpt>
   <trkpt lat="68.904945" lon="17.336194"><ele>912.2</ele></trkpt>
   <trkpt lat="68.904958" lon="17.336182"><ele>912.6</ele></trkpt>
   <trkpt lat="68.904958" lon="17.336182"><ele>912.8</ele></trkpt>
   <trkpt lat="68.904964" lon="17.336212"><ele>913.4</ele></trkpt>
   <trkpt lat="68.904978" lon="17.336277"><ele>914.2</ele></trkpt>
   <trkpt lat="68.904981" lon="17.336292"><ele>914.4</ele></trkpt>
   <trkpt lat="68.904982" lon="17.336347"><ele>915.2</ele></trkpt>
   <trkpt lat="68.904974" lon="17.336400"><ele>915.8</ele></trkpt>
   <trkpt lat="68.904964" lon="17.336476"><ele>916.8</ele></trkpt>
   <trkpt lat="68.904959" lon="17.336486"><ele>917.2</ele></trkpt>
   <trkpt lat="68.904947" lon="17.336485"><ele>917.4</ele></trkpt>
   <trkpt lat="68.904948" lon="17.336505"><ele>917.6</ele></trkpt>
   <trkpt lat="68.904943" lon="17.336551"><ele>918.0</ele></trkpt>
   <trkpt lat="68.904944" lon="17.336582"><ele>918.4</ele></trkpt>
   <trkpt lat="68.904943" lon="17.336612"><ele>919.0</ele></trkpt>
   <trkpt lat="68.904941" lon="17.336603"><ele>920.0</ele></trkpt>
   <trkpt lat="68.904942" lon="17.336599"><ele>920.0</ele></trkpt>
   <trkpt lat="68.904942" lon="17.336599"><ele>920.4</ele></trkpt>
   <trkpt lat="68.904942" lon="17.336599"><ele>920.6</ele></trkpt>
   <trkpt lat="68.904943" lon="17.336599"><ele>920.8</ele></trkpt>
   <trkpt lat="68.904945" lon="17.336599"><ele>921.2</ele></trkpt>
   <trkpt lat="68.904960" lon="17.336608"><ele>922.2</ele></trkpt>
   <trkpt lat="68.904963" lon="17.336612"><ele>922.2</ele></trkpt>
   <trkpt lat="68.904967" lon="17.336614"><ele>923.0</ele></trkpt>
   <trkpt lat="68.904968" lon="17.336618"><ele>923.4</ele></trkpt>
   <trkpt lat="68.904974" lon="17.336658"><ele>924.8</ele></trkpt>
   <trkpt lat="68.904984" lon="17.336759"><ele>925.6</ele></trkpt>
   <trkpt lat="68.904987" lon="17.336795"><ele>925.6</ele></trkpt>
   <trkpt lat="68.904992" lon="17.336871"><ele>926.0</ele></trkpt>
   <trkpt lat="68.904996" lon="17.336968"><ele>926.2</ele></trkpt>
   <trkpt lat="68.905004" lon="17.336993"><ele>927.0</ele></trkpt>
   <trkpt lat="68.905005" lon="17.336994"><ele>927.2</ele></trkpt>
   <trkpt lat="68.905009" lon="17.337025"><ele>928.6</ele></trkpt>
   <trkpt lat="68.905016" lon="17.337068"><ele>929.6</ele></trkpt>
   <trkpt lat="68.905012" lon="17.337090"><ele>930.0</ele></trkpt>
   <trkpt lat="68.905022" lon="17.337096"><ele>930.6</ele></trkpt>
   <trkpt lat="68.905023" lon="17.337116"><ele>931.2</ele></trkpt>
   <trkpt lat="68.905016" lon="17.337164"><ele>931.8</ele></trkpt>
   <trkpt lat="68.904992" lon="17.337189"><ele>932.8</ele></trkpt>
   <trkpt lat="68.904985" lon="17.337193"><ele>933.0</ele></trkpt>
   <trkpt lat="68.904966" lon="17.337201"><ele>933.8</ele></trkpt>
   <trkpt lat="68.904958" lon="17.337212"><ele>934.2</ele></trkpt>
   <trkpt lat="68.904951" lon="17.337223"><ele>934.4</ele></trkpt>
   <trkpt lat="68.904944" lon="17.337230"><ele>935.2</ele></trkpt>
   <trkpt lat="68.904935" lon="17.337237"><ele>936.0</ele></trkpt>
   <trkpt lat="68.904933" lon="17.337256"><ele>936.4</ele></trkpt>
   <trkpt lat="68.904928" lon="17.337307"><ele>937.6</ele></trkpt>
   <trkpt lat="68.904931" lon="17.337316"><ele>938.0</ele></trkpt>
   <trkpt lat="68.904944" lon="17.337366"><ele>938.8</ele></trkpt>
   <trkpt lat="68.904952" lon="17.337406"><ele>939.4</ele></trkpt>
   <trkpt lat="68.904961" lon="17.337428"><ele>939.8</ele></trkpt>
   <trkpt lat="68.904976" lon="17.337463"><ele>941.2</ele></trkpt>
   <trkpt lat="68.904976" lon="17.337463"><ele>941.4</ele></trkpt>
   <trkpt lat="68.904967" lon="17.337483"><ele>942.2</ele></trkpt>
   <trkpt lat="68.904957" lon="17.337485"><ele>942.8</ele></trkpt>
   <trkpt lat="68.904951" lon="17.337496"><ele>943.2</ele></trkpt>
   <trkpt lat="68.904949" lon="17.337535"><ele>944.0</ele></trkpt>
   <trkpt lat="68.904949" lon="17.337535"><ele>944.0</ele></trkpt>
   <trkpt lat="68.904949" lon="17.337533"><ele>944.4</ele></trkpt>
   <trkpt lat="68.904948" lon="17.337533"><ele>945.4</ele></trkpt>
   <trkpt lat="68.904935" lon="17.337585"><ele>946.4</ele></trkpt>
   <trkpt lat="68.904915" lon="17.337653"><ele>946.8</ele></trkpt>
   <trkpt lat="68.904880" lon="17.337782"><ele>947.6</ele></trkpt>
   <trkpt lat="68.904852" lon="17.337866"><ele>948.6</ele></trkpt>
   <trkpt lat="68.904839" lon="17.337921"><ele>949.8</ele></trkpt>
   <trkpt lat="68.904850" lon="17.337920"><ele>950.2</ele></trkpt>
   <trkpt lat="68.904859" lon="17.337931"><ele>951.0</ele></trkpt>
   <trkpt lat="68.904848" lon="17.337973"><ele>951.6</ele></trkpt>
   <trkpt lat="68.904849" lon="17.337994"><ele>952.0</ele></trkpt>
   <trkpt lat="68.904846" lon="17.338005"><ele>952.2</ele></trkpt>
   <trkpt lat="68.904849" lon="17.337990"><ele>953.0</ele></trkpt>
   <trkpt lat="68.904851" lon="17.337978"><ele>953.0</ele></trkpt>
   <trkpt lat="68.904851" lon="17.337978"><ele>953.0</ele></trkpt>
   <trkpt lat="68.904849" lon="17.337989"><ele>953.6</ele></trkpt>
   <trkpt lat="68.904847" lon="17.338000"><ele>954.2</ele></trkpt>
   <trkpt lat="68.904846" lon="17.338009"><ele>955.0</ele></trkpt>
   <trkpt lat="68.904845" lon="17.338011"><ele>955.2</ele></trkpt>
   <trkpt lat="68.904845" lon="17.338028"><ele>956.0</ele></trkpt>
   <trkpt lat="68.904843" lon="17.338034"><ele>956.0</ele></trkpt>
   <trkpt lat="68.904838" lon="17.338036"><ele>956.2</ele></trkpt>
   <trkpt lat="68.904826" lon="17.338126"><ele>956.6</ele></trkpt>
   <trkpt lat="68.904823" lon="17.338166"><ele>957.6</ele></trkpt>
   <trkpt lat="68.904821" lon="17.338201"><ele>958.8</ele></trkpt>
   <trkpt lat="68.904819" lon="17.338214"><ele>959.8</ele></trkpt>
   <trkpt lat="68.904805" lon="17.338255"><ele>961.0</ele></trkpt>
   <trkpt lat="68.904797" lon="17.338285"><ele>961.8</ele></trkpt>
   <trkpt lat="68.904797" lon="17.338299"><ele>962.0</ele></trkpt>
   <trkpt lat="68.904849" lon="17.338398"><ele>962.8</ele></trkpt>
   <trkpt lat="68.904861" lon="17.338436"><ele>963.2</ele></trkpt>
   <trkpt lat="68.904893" lon="17.338503"><ele>964.0</ele></trkpt>
   <trkpt lat="68.904896" lon="17.338510"><ele>964.0</ele></trkpt>
   <trkpt lat="68.904899" lon="17.338520"><ele>964.4</ele></trkpt>
   <trkpt lat="68.904931" lon="17.338553"><ele>965.2</ele></trkpt>
   <trkpt lat="68.904937" lon="17.338557"><ele>965.4</ele></trkpt>
   <trkpt lat="68.904957" lon="17.338582"><ele>966.0</ele></trkpt>
   <trkpt lat="68.904957" lon="17.338581"><ele>966.4</ele></trkpt>
   <trkpt lat="68.904959" lon="17.338574"><ele>966.2</ele></trkpt>
   <trkpt lat="68.904957" lon="17.338577"><ele>966.0</ele></trkpt>
   <trkpt lat="68.904957" lon="17.338577"><ele>966.0</ele></trkpt>
   <trkpt lat="68.904957" lon="17.338577"><ele>966.0</ele></trkpt>
   <trkpt lat="68.904957" lon="17.338577"><ele>966.6</ele></trkpt>
   <trkpt lat="68.904957" lon="17.338577"><ele>967.2</ele></trkpt>
   <trkpt lat="68.904957" lon="17.338577"><ele>967.4</ele></trkpt>
   <trkpt lat="68.904958" lon="17.338579"><ele>968.8</ele></trkpt>
   <trkpt lat="68.904961" lon="17.338628"><ele>969.8</ele></trkpt>
   <trkpt lat="68.904963" lon="17.338658"><ele>970.2</ele></trkpt>
   <trkpt lat="68.904964" lon="17.338696"><ele>970.6</ele></trkpt>
   <trkpt lat="68.904965" lon="17.338722"><ele>970.8</ele></trkpt>
   <trkpt lat="68.904976" lon="17.338793"><ele>971.8</ele></trkpt>
   <trkpt lat="68.904977" lon="17.338797"><ele>972.0</ele></trkpt>
   <trkpt lat="68.905004" lon="17.338890"><ele>972.8</ele></trkpt>
   <trkpt lat="68.905004" lon="17.338890"><ele>973.0</ele></trkpt>
   <trkpt lat="68.905005" lon="17.338923"><ele>973.6</ele></trkpt>
   <trkpt lat="68.905018" lon="17.338932"><ele>973.8</ele></trkpt>
   <trkpt lat="68.905019" lon="17.338942"><ele>974.0</ele></trkpt>
   <trkpt lat="68.905020" lon="17.338948"><ele>975.2</ele></trkpt>
   <trkpt lat="68.905020" lon="17.338955"><ele>976.2</ele></trkpt>
   <trkpt lat="68.905019" lon="17.338990"><ele>977.4</ele></trkpt>
   <trkpt lat="68.905025" lon="17.339042"><ele>978.4</ele></trkpt>
   <trkpt lat="68.905025" lon="17.339074"><ele>979.2</ele></trkpt>
   <trkpt lat="68.905025" lon="17.339098"><ele>979.6</ele></trkpt>
   <trkpt lat="68.905026" lon="17.339175"><ele>980.6</ele></trkpt>
   <trkpt lat="68.905037" lon="17.339196"><ele>981.6</ele></trkpt>
   <trkpt lat="68.905056" lon="17.339223"><ele>983.0</ele></trkpt>
   <trkpt lat="68.905057" lon="17.339255"><ele>984.0</ele></trkpt>
   <trkpt lat="68.905057" lon="17.339280"><ele>984.8</ele></trkpt>
   <trkpt lat="68.905057" lon="17.339292"><ele>985.2</ele></trkpt>
   <trkpt lat="68.905057" lon="17.339343"><ele>986.2</ele></trkpt>
   <trkpt lat="68.905036" lon="17.339393"><ele>987.6</ele></trkpt>
   <trkpt lat="68.905027" lon="17.339468"><ele>988.2</ele></trkpt>
   <trkpt lat="68.905009" lon="17.339502"><ele>988.4</ele></trkpt>
   <trkpt lat="68.905002" lon="17.339568"><ele>988.4</ele></trkpt>
   <trkpt lat="68.904997" lon="17.339587"><ele>988.0</ele></trkpt>
   <trkpt lat="68.904996" lon="17.339588"><ele>988.6</ele></trkpt>
   <trkpt lat="68.904996" lon="17.339590"><ele>988.8</ele></trkpt>
   <trkpt lat="68.904996" lon="17.339590"><ele>989.0</ele></trkpt>
   <trkpt lat="68.905000" lon="17.339587"><ele>989.0</ele></trkpt>
   <trkpt lat="68.905004" lon="17.339569"><ele>989.0</ele></trkpt>
   <trkpt lat="68.905004" lon="17.339564"><ele>989.4</ele></trkpt>
   <trkpt lat="68.905004" lon="17.339564"><ele>989.6</ele></trkpt>
   <trkpt lat="68.905004" lon="17.339564"><ele>989.8</ele></trkpt>
   <trkpt lat="68.905003" lon="17.339566"><ele>990.8</ele></trkpt>
   <trkpt lat="68.905001" lon="17.339595"><ele>991.4</ele></trkpt>
   <trkpt lat="68.905000" lon="17.339628"><ele>991.4</ele></trkpt>
   <trkpt lat="68.904999" lon="17.339701"><ele>991.0</ele></trkpt>
   <trkpt lat="68.904995" lon="17.339724"><ele>990.6</ele></trkpt>
   <trkpt lat="68.904993" lon="17.339730"><ele>990.6</ele></trkpt>
   <trkpt lat="68.904991" lon="17.339734"><ele>990.6</ele></trkpt>
   <trkpt lat="68.905004" lon="17.339751"><ele>991.6</ele></trkpt>
   <trkpt lat="68.905012" lon="17.339759"><ele>992.0</ele></trkpt>
   <trkpt lat="68.905034" lon="17.339763"><ele>992.6</ele></trkpt>
   <trkpt lat="68.905060" lon="17.339787"><ele>993.2</ele></trkpt>
   <trkpt lat="68.905064" lon="17.339792"><ele>993.4</ele></trkpt>
   <trkpt lat="68.905063" lon="17.339786"><ele>993.8</ele></trkpt>
   <trkpt lat="68.905063" lon="17.339786"><ele>993.6</ele></trkpt>
   <trkpt lat="68.905063" lon="17.339787"><ele>993.6</ele></trkpt>
   <trkpt lat="68.905061" lon="17.339791"><ele>993.8</ele></trkpt>
   <trkpt lat="68.905059" lon="17.339806"><ele>993.8</ele></trkpt>
   <trkpt lat="68.905058" lon="17.339849"><ele>994.4</ele></trkpt>
   <trkpt lat="68.905057" lon="17.339855"><ele>995.6</ele></trkpt>
   <trkpt lat="68.905056" lon="17.339860"><ele>996.6</ele></trkpt>
   <trkpt lat="68.905062" lon="17.339914"><ele>997.2</ele></trkpt>
   <trkpt lat="68.905072" lon="17.339959"><ele>997.8</ele></trkpt>
   <trkpt lat="68.905077" lon="17.339984"><ele>998.0</ele></trkpt>
   <trkpt lat="68.905091" lon="17.340085"><ele>998.8</ele></trkpt>
   <trkpt lat="68.905102" lon="17.340148"><ele>999.4</ele></trkpt>
   <trkpt lat="68.905103" lon="17.340177"><ele>1000.0</ele></trkpt>
   <trkpt lat="68.905107" lon="17.340222"><ele>1000.8</ele></trkpt>
   <trkpt lat="68.905114" lon="17.340240"><ele>1001.2</ele></trkpt>
   <trkpt lat="68.905123" lon="17.340231"><ele>1001.8</ele></trkpt>
   <trkpt lat="68.905132" lon="17.340277"><ele>1002.2</ele></trkpt>
   <trkpt lat="68.905140" lon="17.340306"><ele>1002.8</ele></trkpt>
   <trkpt lat="68.905149" lon="17.340323"><ele>1003.4</ele></trkpt>
   <trkpt lat="68.905178" lon="17.340346"><ele>1004.4</ele></trkpt>
   <trkpt lat="68.905187" lon="17.340352"><ele>1004.6</ele></trkpt>
   <trkpt lat="68.905177" lon="17.340434"><ele>1005.6</ele></trkpt>
   <trkpt lat="68.905176" lon="17.340447"><ele>1005.8</ele></trkpt>
   <trkpt lat="68.905189" lon="17.340471"><ele>1006.6</ele></trkpt>
   <trkpt lat="68.905205" lon="17.340488"><ele>1007.8</ele></trkpt>
   <trkpt lat="68.905211" lon="17.340525"><ele>1008.6</ele></trkpt>
   <trkpt lat="68.905211" lon="17.340539"><ele>1008.8</ele></trkpt>
   <trkpt lat="68.905207" lon="17.340571"><ele>1009.6</ele></trkpt>
   <trkpt lat="68.905207" lon="17.340583"><ele>1010.0</ele></trkpt>
   <trkpt lat="68.905212" lon="17.340612"><ele>1010.8</ele></trkpt>
   <trkpt lat="68.905210" lon="17.340628"><ele>1011.0</ele></trkpt>
   <trkpt lat="68.905200" lon="17.340647"><ele>1011.6</ele></trkpt>
   <trkpt lat="68.905201" lon="17.340659"><ele>1012.0</ele></trkpt>
   <trkpt lat="68.905203" lon="17.340675"><ele>1012.6</ele></trkpt>
   <trkpt lat="68.905205" lon="17.340693"><ele>1013.2</ele></trkpt>
   <trkpt lat="68.905229" lon="17.340741"><ele>1014.2</ele></trkpt>
   <trkpt lat="68.905257" lon="17.340783"><ele>1015.0</ele></trkpt>
   <trkpt lat="68.905264" lon="17.340805"><ele>1015.2</ele></trkpt>
   <trkpt lat="68.905302" lon="17.340852"><ele>1016.4</ele></trkpt>
   <trkpt lat="68.905306" lon="17.340865"><ele>1016.6</ele></trkpt>
   <trkpt lat="68.905345" lon="17.340898"><ele>1017.4</ele></trkpt>
   <trkpt lat="68.905356" lon="17.340909"><ele>1017.6</ele></trkpt>
   <trkpt lat="68.905385" lon="17.340893"><ele>1018.2</ele></trkpt>
   <trkpt lat="68.905419" lon="17.340879"><ele>1018.6</ele></trkpt>
   <trkpt lat="68.905457" lon="17.340903"><ele>1019.4</ele></trkpt>
   <trkpt lat="68.905463" lon="17.340915"><ele>1019.6</ele></trkpt>
   <trkpt lat="68.905467" lon="17.340925"><ele>1019.6</ele></trkpt>
   <trkpt lat="68.905507" lon="17.340949"><ele>1020.6</ele></trkpt>
   <trkpt lat="68.905515" lon="17.340959"><ele>1020.8</ele></trkpt>
   <trkpt lat="68.905534" lon="17.340988"><ele>1021.8</ele></trkpt>
   <trkpt lat="68.905571" lon="17.341017"><ele>1022.4</ele></trkpt>
   <trkpt lat="68.905588" lon="17.341026"><ele>1022.8</ele></trkpt>
   <trkpt lat="68.905616" lon="17.341064"><ele>1023.4</ele></trkpt>
   <trkpt lat="68.905635" lon="17.341059"><ele>1024.0</ele></trkpt>
   <trkpt lat="68.905701" lon="17.341084"><ele>1024.8</ele></trkpt>
   <trkpt lat="68.905722" lon="17.341082"><ele>1025.2</ele></trkpt>
   <trkpt lat="68.905708" lon="17.341149"><ele>1026.0</ele></trkpt>
   <trkpt lat="68.905697" lon="17.341179"><ele>1026.2</ele></trkpt>
   <trkpt lat="68.905682" lon="17.341266"><ele>1027.2</ele></trkpt>
   <trkpt lat="68.905681" lon="17.341281"><ele>1027.2</ele></trkpt>
   <trkpt lat="68.905655" lon="17.341317"><ele>1028.6</ele></trkpt>
   <trkpt lat="68.905654" lon="17.341314"><ele>1028.8</ele></trkpt>
   <trkpt lat="68.905647" lon="17.341334"><ele>1029.6</ele></trkpt>
   <trkpt lat="68.905644" lon="17.341362"><ele>1029.8</ele></trkpt>
   <trkpt lat="68.905645" lon="17.341333"><ele>1030.0</ele></trkpt>
   <trkpt lat="68.905643" lon="17.341342"><ele>1030.0</ele></trkpt>
   <trkpt lat="68.905612" lon="17.341397"><ele>1030.6</ele></trkpt>
   <trkpt lat="68.905606" lon="17.341419"><ele>1030.8</ele></trkpt>
   <trkpt lat="68.905595" lon="17.341514"><ele>1031.8</ele></trkpt>
   <trkpt lat="68.905579" lon="17.341602"><ele>1032.4</ele></trkpt>
   <trkpt lat="68.905581" lon="17.341621"><ele>1032.6</ele></trkpt>
   <trkpt lat="68.905583" lon="17.341634"><ele>1033.0</ele></trkpt>
   <trkpt lat="68.905583" lon="17.341683"><ele>1034.0</ele></trkpt>
   <trkpt lat="68.905593" lon="17.341724"><ele>1034.4</ele></trkpt>
   <trkpt lat="68.905591" lon="17.341748"><ele>1035.0</ele></trkpt>
   <trkpt lat="68.905605" lon="17.341782"><ele>1035.8</ele></trkpt>
   <trkpt lat="68.905610" lon="17.341782"><ele>1036.0</ele></trkpt>
   <trkpt lat="68.905634" lon="17.341826"><ele>1037.2</ele></trkpt>
   <trkpt lat="68.905656" lon="17.341828"><ele>1038.0</ele></trkpt>
   <trkpt lat="68.905661" lon="17.341827"><ele>1038.2</ele></trkpt>
   <trkpt lat="68.905673" lon="17.341844"><ele>1039.0</ele></trkpt>
   <trkpt lat="68.905676" lon="17.341866"><ele>1039.2</ele></trkpt>
   <trkpt lat="68.905678" lon="17.341882"><ele>1039.4</ele></trkpt>
   <trkpt lat="68.905705" lon="17.341878"><ele>1040.4</ele></trkpt>
   <trkpt lat="68.905708" lon="17.341877"><ele>1040.6</ele></trkpt>
   <trkpt lat="68.905710" lon="17.341877"><ele>1040.8</ele></trkpt>
   <trkpt lat="68.905748" lon="17.341921"><ele>1041.8</ele></trkpt>
   <trkpt lat="68.905758" lon="17.341937"><ele>1042.8</ele></trkpt>
   <trkpt lat="68.905763" lon="17.341926"><ele>1043.2</ele></trkpt>
   <trkpt lat="68.905776" lon="17.341915"><ele>1043.8</ele></trkpt>
   <trkpt lat="68.905779" lon="17.341983"><ele>1044.6</ele></trkpt>
   <trkpt lat="68.905789" lon="17.341983"><ele>1045.0</ele></trkpt>
   <trkpt lat="68.905788" lon="17.342044"><ele>1045.6</ele></trkpt>
   <trkpt lat="68.905803" lon="17.342046"><ele>1046.2</ele></trkpt>
   <trkpt lat="68.905828" lon="17.342067"><ele>1047.0</ele></trkpt>
   <trkpt lat="68.905843" lon="17.342078"><ele>1047.4</ele></trkpt>
   <trkpt lat="68.905889" lon="17.342119"><ele>1048.6</ele></trkpt>
   <trkpt lat="68.905926" lon="17.342167"><ele>1049.6</ele></trkpt>
   <trkpt lat="68.905927" lon="17.342178"><ele>1050.0</ele></trkpt>
   <trkpt lat="68.905915" lon="17.342294"><ele>1050.8</ele></trkpt>
   <trkpt lat="68.905905" lon="17.342306"><ele>1051.2</ele></trkpt>
   <trkpt lat="68.905920" lon="17.342306"><ele>1051.6</ele></trkpt>
   <trkpt lat="68.905924" lon="17.342297"><ele>1052.0</ele></trkpt>
   <trkpt lat="68.905969" lon="17.342328"><ele>1053.2</ele></trkpt>
   <trkpt lat="68.906002" lon="17.342351"><ele>1054.0</ele></trkpt>
   <trkpt lat="68.906006" lon="17.342347"><ele>1054.4</ele></trkpt>
   <trkpt lat="68.906008" lon="17.342335"><ele>1054.6</ele></trkpt>
   <trkpt lat="68.906006" lon="17.342360"><ele>1055.4</ele></trkpt>
   <trkpt lat="68.906017" lon="17.342371"><ele>1056.0</ele></trkpt>
   <trkpt lat="68.906040" lon="17.342378"><ele>1056.6</ele></trkpt>
   <trkpt lat="68.906060" lon="17.342401"><ele>1057.8</ele></trkpt>
   <trkpt lat="68.906097" lon="17.342427"><ele>1058.6</ele></trkpt>
   <trkpt lat="68.906104" lon="17.342440"><ele>1059.0</ele></trkpt>
   <trkpt lat="68.906114" lon="17.342455"><ele>1059.4</ele></trkpt>
   <trkpt lat="68.906128" lon="17.342501"><ele>1060.0</ele></trkpt>
   <trkpt lat="68.906133" lon="17.342502"><ele>1060.2</ele></trkpt>
   <trkpt lat="68.906164" lon="17.342479"><ele>1060.8</ele></trkpt>
   <trkpt lat="68.906173" lon="17.342484"><ele>1061.2</ele></trkpt>
   <trkpt lat="68.906180" lon="17.342493"><ele>1061.6</ele></trkpt>
   <trkpt lat="68.906192" lon="17.342507"><ele>1062.0</ele></trkpt>
   <trkpt lat="68.906198" lon="17.342509"><ele>1062.2</ele></trkpt>
   <trkpt lat="68.906204" lon="17.342501"><ele>1062.2</ele></trkpt>
   <trkpt lat="68.906221" lon="17.342571"><ele>1063.6</ele></trkpt>
   <trkpt lat="68.906199" lon="17.342613"><ele>1064.6</ele></trkpt>
   <trkpt lat="68.906196" lon="17.342638"><ele>1064.8</ele></trkpt>
   <trkpt lat="68.906209" lon="17.342678"><ele>1065.6</ele></trkpt>
   <trkpt lat="68.906206" lon="17.342698"><ele>1066.2</ele></trkpt>
   <trkpt lat="68.906205" lon="17.342734"><ele>1066.8</ele></trkpt>
   <trkpt lat="68.906221" lon="17.342745"><ele>1067.8</ele></trkpt>
   <trkpt lat="68.906225" lon="17.342751"><ele>1068.2</ele></trkpt>
   <trkpt lat="68.906247" lon="17.342779"><ele>1069.2</ele></trkpt>
   <trkpt lat="68.906248" lon="17.342806"><ele>1069.6</ele></trkpt>
   <trkpt lat="68.906259" lon="17.342820"><ele>1070.2</ele></trkpt>
   <trkpt lat="68.906257" lon="17.342822"><ele>1070.6</ele></trkpt>
   <trkpt lat="68.906263" lon="17.342870"><ele>1071.4</ele></trkpt>
   <trkpt lat="68.906279" lon="17.342938"><ele>1072.6</ele></trkpt>
   <trkpt lat="68.906284" lon="17.342954"><ele>1073.2</ele></trkpt>
   <trkpt lat="68.906283" lon="17.342989"><ele>1073.8</ele></trkpt>
   <trkpt lat="68.906286" lon="17.343052"><ele>1074.6</ele></trkpt>
   <trkpt lat="68.906285" lon="17.343062"><ele>1074.8</ele></trkpt>
   <trkpt lat="68.906291" lon="17.343102"><ele>1075.8</ele></trkpt>
   <trkpt lat="68.906291" lon="17.343112"><ele>1076.0</ele></trkpt>
   <trkpt lat="68.906322" lon="17.343137"><ele>1077.0</ele></trkpt>
   <trkpt lat="68.906360" lon="17.343142"><ele>1078.2</ele></trkpt>
   <trkpt lat="68.906368" lon="17.343129"><ele>1078.2</ele></trkpt>
   <trkpt lat="68.906379" lon="17.343160"><ele>1079.0</ele></trkpt>
   <trkpt lat="68.906382" lon="17.343156"><ele>1079.2</ele></trkpt>
   <trkpt lat="68.906402" lon="17.343195"><ele>1079.6</ele></trkpt>
   <trkpt lat="68.906402" lon="17.343215"><ele>1079.8</ele></trkpt>
   <trkpt lat="68.906394" lon="17.343252"><ele>1080.2</ele></trkpt>
   <trkpt lat="68.906384" lon="17.343290"><ele>1081.0</ele></trkpt>
   <trkpt lat="68.906396" lon="17.343296"><ele>1081.6</ele></trkpt>
   <trkpt lat="68.906398" lon="17.343294"><ele>1081.8</ele></trkpt>
   <trkpt lat="68.906395" lon="17.343329"><ele>1082.6</ele></trkpt>
   <trkpt lat="68.906397" lon="17.343369"><ele>1083.2</ele></trkpt>
   <trkpt lat="68.906400" lon="17.343391"><ele>1083.8</ele></trkpt>
   <trkpt lat="68.906399" lon="17.343396"><ele>1084.0</ele></trkpt>
   <trkpt lat="68.906399" lon="17.343396"><ele>1084.8</ele></trkpt>
   <trkpt lat="68.906426" lon="17.343425"><ele>1086.0</ele></trkpt>
   <trkpt lat="68.906459" lon="17.343446"><ele>1086.6</ele></trkpt>
   <trkpt lat="68.906486" lon="17.343451"><ele>1087.2</ele></trkpt>
   <trkpt lat="68.906524" lon="17.343462"><ele>1088.4</ele></trkpt>
   <trkpt lat="68.906533" lon="17.343487"><ele>1088.8</ele></trkpt>
   <trkpt lat="68.906541" lon="17.343504"><ele>1089.4</ele></trkpt>
   <trkpt lat="68.906576" lon="17.343553"><ele>1090.4</ele></trkpt>
   <trkpt lat="68.906580" lon="17.343562"><ele>1090.6</ele></trkpt>
   <trkpt lat="68.906612" lon="17.343603"><ele>1091.6</ele></trkpt>
   <trkpt lat="68.906641" lon="17.343620"><ele>1092.6</ele></trkpt>
   <trkpt lat="68.906672" lon="17.343664"><ele>1093.0</ele></trkpt>
   <trkpt lat="68.906672" lon="17.343673"><ele>1093.0</ele></trkpt>
   <trkpt lat="68.906658" lon="17.343697"><ele>1093.6</ele></trkpt>
   <trkpt lat="68.906648" lon="17.343727"><ele>1094.2</ele></trkpt>
   <trkpt lat="68.906626" lon="17.343734"><ele>1094.8</ele></trkpt>
   <trkpt lat="68.906616" lon="17.343749"><ele>1095.2</ele></trkpt>
   <trkpt lat="68.906626" lon="17.343755"><ele>1095.8</ele></trkpt>
   <trkpt lat="68.906637" lon="17.343798"><ele>1096.2</ele></trkpt>
   <trkpt lat="68.906619" lon="17.343847"><ele>1096.8</ele></trkpt>
   <trkpt lat="68.906618" lon="17.343851"><ele>1096.8</ele></trkpt>
   <trkpt lat="68.906604" lon="17.343854"><ele>1098.0</ele></trkpt>
   <trkpt lat="68.906579" lon="17.343867"><ele>1098.6</ele></trkpt>
   <trkpt lat="68.906580" lon="17.343918"><ele>1099.0</ele></trkpt>
   <trkpt lat="68.906569" lon="17.343983"><ele>1099.8</ele></trkpt>
   <trkpt lat="68.906559" lon="17.344018"><ele>1100.2</ele></trkpt>
   <trkpt lat="68.906548" lon="17.344071"><ele>1101.0</ele></trkpt>
   <trkpt lat="68.906554" lon="17.344110"><ele>1101.4</ele></trkpt>
   <trkpt lat="68.906582" lon="17.344117"><ele>1102.4</ele></trkpt>
   <trkpt lat="68.906597" lon="17.344100"><ele>1102.6</ele></trkpt>
   <trkpt lat="68.906634" lon="17.344099"><ele>1103.6</ele></trkpt>
   <trkpt lat="68.906646" lon="17.344141"><ele>1104.0</ele></trkpt>
   <trkpt lat="68.906667" lon="17.344147"><ele>1104.6</ele></trkpt>
   <trkpt lat="68.906683" lon="17.344157"><ele>1105.0</ele></trkpt>
   <trkpt lat="68.906694" lon="17.344196"><ele>1105.6</ele></trkpt>
   <trkpt lat="68.906696" lon="17.344230"><ele>1105.8</ele></trkpt>
   <trkpt lat="68.906739" lon="17.344224"><ele>1106.8</ele></trkpt>
   <trkpt lat="68.906747" lon="17.344332"><ele>1107.8</ele></trkpt>
   <trkpt lat="68.906746" lon="17.344347"><ele>1108.0</ele></trkpt>
   <trkpt lat="68.906750" lon="17.344402"><ele>1109.0</ele></trkpt>
   <trkpt lat="68.906756" lon="17.344406"><ele>1109.2</ele></trkpt>
   <trkpt lat="68.906765" lon="17.344446"><ele>1110.2</ele></trkpt>
   <trkpt lat="68.906768" lon="17.344474"><ele>1110.8</ele></trkpt>
   <trkpt lat="68.906767" lon="17.344487"><ele>1111.2</ele></trkpt>
   <trkpt lat="68.906747" lon="17.344562"><ele>1112.0</ele></trkpt>
   <trkpt lat="68.906753" lon="17.344566"><ele>1112.4</ele></trkpt>
   <trkpt lat="68.906755" lon="17.344588"><ele>1112.6</ele></trkpt>
   <trkpt lat="68.906768" lon="17.344619"><ele>1113.0</ele></trkpt>
   <trkpt lat="68.906771" lon="17.344631"><ele>1113.2</ele></trkpt>
   <trkpt lat="68.906771" lon="17.344662"><ele>1113.4</ele></trkpt>
   <trkpt lat="68.906788" lon="17.344684"><ele>1114.2</ele></trkpt>
   <trkpt lat="68.906799" lon="17.344667"><ele>1114.4</ele></trkpt>
   <trkpt lat="68.906821" lon="17.344665"><ele>1114.6</ele></trkpt>
   <trkpt lat="68.906845" lon="17.344679"><ele>1115.0</ele></trkpt>
   <trkpt lat="68.906843" lon="17.344693"><ele>1115.0</ele></trkpt>
   <trkpt lat="68.906857" lon="17.344699"><ele>1115.0</ele></trkpt>
   <trkpt lat="68.906860" lon="17.344720"><ele>1115.0</ele></trkpt>
   <trkpt lat="68.906873" lon="17.344780"><ele>1115.8</ele></trkpt>
   <trkpt lat="68.906881" lon="17.344819"><ele>1116.8</ele></trkpt>
   <trkpt lat="68.906883" lon="17.344829"><ele>1117.0</ele></trkpt>
   <trkpt lat="68.906895" lon="17.344865"><ele>1118.0</ele></trkpt>
   <trkpt lat="68.906900" lon="17.344876"><ele>1118.2</ele></trkpt>
   <trkpt lat="68.906897" lon="17.344925"><ele>1119.0</ele></trkpt>
   <trkpt lat="68.906908" lon="17.344937"><ele>1120.0</ele></trkpt>
   <trkpt lat="68.906913" lon="17.344950"><ele>1120.2</ele></trkpt>
   <trkpt lat="68.906927" lon="17.344945"><ele>1120.8</ele></trkpt>
   <trkpt lat="68.906932" lon="17.345002"><ele>1121.0</ele></trkpt>
   <trkpt lat="68.906934" lon="17.345015"><ele>1121.2</ele></trkpt>
   <trkpt lat="68.906947" lon="17.345034"><ele>1122.2</ele></trkpt>
   <trkpt lat="68.906957" lon="17.345060"><ele>1122.4</ele></trkpt>
   <trkpt lat="68.906971" lon="17.345116"><ele>1123.2</ele></trkpt>
   <trkpt lat="68.906985" lon="17.345150"><ele>1123.6</ele></trkpt>
   <trkpt lat="68.906989" lon="17.345183"><ele>1124.2</ele></trkpt>
   <trkpt lat="68.906993" lon="17.345238"><ele>1125.0</ele></trkpt>
   <trkpt lat="68.906990" lon="17.345267"><ele>1125.4</ele></trkpt>
   <trkpt lat="68.906999" lon="17.345313"><ele>1126.2</ele></trkpt>
   <trkpt lat="68.907004" lon="17.345325"><ele>1126.6</ele></trkpt>
   <trkpt lat="68.907020" lon="17.345433"><ele>1127.2</ele></trkpt>
   <trkpt lat="68.907025" lon="17.345451"><ele>1127.4</ele></trkpt>
   <trkpt lat="68.907025" lon="17.345452"><ele>1127.4</ele></trkpt>
   <trkpt lat="68.907024" lon="17.345481"><ele>1127.6</ele></trkpt>
   <trkpt lat="68.907019" lon="17.345543"><ele>1128.4</ele></trkpt>
   <trkpt lat="68.907018" lon="17.345559"><ele>1128.8</ele></trkpt>
   <trkpt lat="68.907024" lon="17.345609"><ele>1129.8</ele></trkpt>
   <trkpt lat="68.907020" lon="17.345681"><ele>1131.0</ele></trkpt>
   <trkpt lat="68.907018" lon="17.345698"><ele>1131.4</ele></trkpt>
   <trkpt lat="68.907012" lon="17.345759"><ele>1132.2</ele></trkpt>
   <trkpt lat="68.907007" lon="17.345824"><ele>1133.2</ele></trkpt>
   <trkpt lat="68.906998" lon="17.345843"><ele>1133.6</ele></trkpt>
   <trkpt lat="68.907002" lon="17.345865"><ele>1133.8</ele></trkpt>
   <trkpt lat="68.907017" lon="17.345842"><ele>1134.0</ele></trkpt>
   <trkpt lat="68.907040" lon="17.345945"><ele>1134.4</ele></trkpt>
   <trkpt lat="68.907032" lon="17.345983"><ele>1134.6</ele></trkpt>
   <trkpt lat="68.907016" lon="17.346067"><ele>1135.2</ele></trkpt>
   <trkpt lat="68.907017" lon="17.346074"><ele>1135.2</ele></trkpt>
   <trkpt lat="68.907018" lon="17.346088"><ele>1135.4</ele></trkpt>
   <trkpt lat="68.907028" lon="17.346116"><ele>1135.6</ele></trkpt>
   <trkpt lat="68.907035" lon="17.346063"><ele>1135.8</ele></trkpt>
   <trkpt lat="68.907040" lon="17.346058"><ele>1135.8</ele></trkpt>
   <trkpt lat="68.907040" lon="17.346058"><ele>1135.8</ele></trkpt>
   <trkpt lat="68.907036" lon="17.346058"><ele>1136.0</ele></trkpt>
   <trkpt lat="68.907042" lon="17.346006"><ele>1135.4</ele></trkpt>
   <trkpt lat="68.907055" lon="17.345966"><ele>1135.4</ele></trkpt>
   <trkpt lat="68.907062" lon="17.345952"><ele>1135.4</ele></trkpt>
   <trkpt lat="68.907083" lon="17.345936"><ele>1136.6</ele></trkpt>
   <trkpt lat="68.907087" lon="17.345943"><ele>1137.0</ele></trkpt>
   <trkpt lat="68.907107" lon="17.345948"><ele>1137.8</ele></trkpt>
   <trkpt lat="68.907162" lon="17.345964"><ele>1138.4</ele></trkpt>
   <trkpt lat="68.907180" lon="17.345972"><ele>1139.2</ele></trkpt>
   <trkpt lat="68.907229" lon="17.345950"><ele>1140.0</ele></trkpt>
   <trkpt lat="68.907238" lon="17.345945"><ele>1140.0</ele></trkpt>
   <trkpt lat="68.907246" lon="17.345943"><ele>1140.2</ele></trkpt>
   <trkpt lat="68.907274" lon="17.345936"><ele>1140.6</ele></trkpt>
   <trkpt lat="68.907283" lon="17.345953"><ele>1141.0</ele></trkpt>
   <trkpt lat="68.907288" lon="17.345966"><ele>1141.2</ele></trkpt>
   <trkpt lat="68.907317" lon="17.345982"><ele>1141.8</ele></trkpt>
   <trkpt lat="68.907328" lon="17.345993"><ele>1142.2</ele></trkpt>
   <trkpt lat="68.907337" lon="17.346005"><ele>1142.4</ele></trkpt>
   <trkpt lat="68.907346" lon="17.346019"><ele>1143.0</ele></trkpt>
   <trkpt lat="68.907352" lon="17.346023"><ele>1143.2</ele></trkpt>
   <trkpt lat="68.907360" lon="17.346032"><ele>1143.4</ele></trkpt>
   <trkpt lat="68.907375" lon="17.346034"><ele>1143.8</ele></trkpt>
   <trkpt lat="68.907383" lon="17.346043"><ele>1144.2</ele></trkpt>
   <trkpt lat="68.907400" lon="17.346055"><ele>1144.6</ele></trkpt>
   <trkpt lat="68.907437" lon="17.346023"><ele>1145.6</ele></trkpt>
   <trkpt lat="68.907446" lon="17.346029"><ele>1145.8</ele></trkpt>
   <trkpt lat="68.907458" lon="17.346049"><ele>1146.0</ele></trkpt>
   <trkpt lat="68.907468" lon="17.346065"><ele>1147.0</ele></trkpt>
   <trkpt lat="68.907486" lon="17.346064"><ele>1147.6</ele></trkpt>
   <trkpt lat="68.907500" lon="17.346069"><ele>1148.0</ele></trkpt>
   <trkpt lat="68.907516" lon="17.346086"><ele>1148.8</ele></trkpt>
   <trkpt lat="68.907527" lon="17.346096"><ele>1149.2</ele></trkpt>
   <trkpt lat="68.907561" lon="17.346105"><ele>1150.2</ele></trkpt>
   <trkpt lat="68.907564" lon="17.346115"><ele>1150.6</ele></trkpt>
   <trkpt lat="68.907569" lon="17.346137"><ele>1151.2</ele></trkpt>
   <trkpt lat="68.907582" lon="17.346181"><ele>1151.6</ele></trkpt>
   <trkpt lat="68.907601" lon="17.346209"><ele>1152.8</ele></trkpt>
   <trkpt lat="68.907612" lon="17.346242"><ele>1153.8</ele></trkpt>
   <trkpt lat="68.907635" lon="17.346268"><ele>1154.8</ele></trkpt>
   <trkpt lat="68.907637" lon="17.346288"><ele>1155.0</ele></trkpt>
   <trkpt lat="68.907659" lon="17.346393"><ele>1156.0</ele></trkpt>
   <trkpt lat="68.907664" lon="17.346444"><ele>1157.0</ele></trkpt>
   <trkpt lat="68.907698" lon="17.346494"><ele>1158.0</ele></trkpt>
   <trkpt lat="68.907721" lon="17.346526"><ele>1158.8</ele></trkpt>
   <trkpt lat="68.907727" lon="17.346546"><ele>1159.2</ele></trkpt>
   <trkpt lat="68.907749" lon="17.346599"><ele>1160.4</ele></trkpt>
   <trkpt lat="68.907756" lon="17.346606"><ele>1160.6</ele></trkpt>
   <trkpt lat="68.907780" lon="17.346639"><ele>1161.8</ele></trkpt>
   <trkpt lat="68.907785" lon="17.346643"><ele>1162.0</ele></trkpt>
   <trkpt lat="68.907807" lon="17.346663"><ele>1163.0</ele></trkpt>
   <trkpt lat="68.907825" lon="17.346706"><ele>1163.8</ele></trkpt>
   <trkpt lat="68.907830" lon="17.346751"><ele>1164.0</ele></trkpt>
   <trkpt lat="68.907847" lon="17.346830"><ele>1165.2</ele></trkpt>
   <trkpt lat="68.907850" lon="17.346857"><ele>1165.4</ele></trkpt>
   <trkpt lat="68.907868" lon="17.346922"><ele>1166.2</ele></trkpt>
   <trkpt lat="68.907886" lon="17.347037"><ele>1167.0</ele></trkpt>
   <trkpt lat="68.907889" lon="17.347053"><ele>1167.4</ele></trkpt>
   <trkpt lat="68.907934" lon="17.347058"><ele>1168.4</ele></trkpt>
   <trkpt lat="68.907944" lon="17.347064"><ele>1168.8</ele></trkpt>
   <trkpt lat="68.907974" lon="17.347107"><ele>1169.2</ele></trkpt>
   <trkpt lat="68.908002" lon="17.347134"><ele>1169.4</ele></trkpt>
   <trkpt lat="68.908017" lon="17.347151"><ele>1169.8</ele></trkpt>
   <trkpt lat="68.908046" lon="17.347182"><ele>1170.4</ele></trkpt>
   <trkpt lat="68.908077" lon="17.347235"><ele>1170.8</ele></trkpt>
   <trkpt lat="68.908130" lon="17.347245"><ele>1171.4</ele></trkpt>
   <trkpt lat="68.908153" lon="17.347261"><ele>1171.8</ele></trkpt>
   <trkpt lat="68.908158" lon="17.347277"><ele>1172.0</ele></trkpt>
   <trkpt lat="68.908170" lon="17.347335"><ele>1172.2</ele></trkpt>
   <trkpt lat="68.908171" lon="17.347348"><ele>1172.2</ele></trkpt>
   <trkpt lat="68.908166" lon="17.347365"><ele>1172.2</ele></trkpt>
   <trkpt lat="68.908194" lon="17.347419"><ele>1172.6</ele></trkpt>
   <trkpt lat="68.908215" lon="17.347456"><ele>1172.8</ele></trkpt>
   <trkpt lat="68.908225" lon="17.347471"><ele>1172.8</ele></trkpt>
   <trkpt lat="68.908241" lon="17.347505"><ele>1173.0</ele></trkpt>
   <trkpt lat="68.908256" lon="17.347536"><ele>1173.2</ele></trkpt>
   <trkpt lat="68.908273" lon="17.347601"><ele>1173.6</ele></trkpt>
   <trkpt lat="68.908293" lon="17.347624"><ele>1174.0</ele></trkpt>
   <trkpt lat="68.908301" lon="17.347637"><ele>1174.0</ele></trkpt>
   <trkpt lat="68.908327" lon="17.347694"><ele>1174.2</ele></trkpt>
   <trkpt lat="68.908361" lon="17.347749"><ele>1175.0</ele></trkpt>
   <trkpt lat="68.908397" lon="17.347783"><ele>1175.6</ele></trkpt>
   <trkpt lat="68.908428" lon="17.347794"><ele>1175.8</ele></trkpt>
   <trkpt lat="68.908463" lon="17.347809"><ele>1176.0</ele></trkpt>
   <trkpt lat="68.908481" lon="17.347880"><ele>1176.2</ele></trkpt>
   <trkpt lat="68.908515" lon="17.347985"><ele>1176.4</ele></trkpt>
   <trkpt lat="68.908532" lon="17.348003"><ele>1176.6</ele></trkpt>
   <trkpt lat="68.908557" lon="17.348078"><ele>1177.0</ele></trkpt>
  </trkseg>
 </trk>
</gpx>
