<?xml version="1.0" encoding="UTF-8"?>
<gpx version="1.1" creator="HPGT flysteder" xmlns="http://www.topografix.com/GPX/1/1">
 <trk>
  <name>Nona – parkering til start</name>
  <trkseg>
   <trkpt lat="68.889910" lon="16.440512"><ele>26.6</ele></trkpt>
   <trkpt lat="68.889906" lon="16.440402"><ele>26.6</ele></trkpt>
   <trkpt lat="68.889893" lon="16.440313"><ele>26.0</ele></trkpt>
   <trkpt lat="68.889877" lon="16.440082"><ele>25.6</ele></trkpt>
   <trkpt lat="68.889878" lon="16.439996"><ele>25.6</ele></trkpt>
   <trkpt lat="68.889873" lon="16.439924"><ele>25.6</ele></trkpt>
   <trkpt lat="68.889855" lon="16.439679"><ele>25.8</ele></trkpt>
   <trkpt lat="68.889868" lon="16.439509"><ele>25.8</ele></trkpt>
   <trkpt lat="68.889862" lon="16.439287"><ele>25.6</ele></trkpt>
   <trkpt lat="68.889858" lon="16.439249"><ele>25.6</ele></trkpt>
   <trkpt lat="68.889858" lon="16.439152"><ele>25.6</ele></trkpt>
   <trkpt lat="68.889856" lon="16.438943"><ele>25.8</ele></trkpt>
   <trkpt lat="68.889850" lon="16.438666"><ele>25.8</ele></trkpt>
   <trkpt lat="68.889838" lon="16.438479"><ele>26.2</ele></trkpt>
   <trkpt lat="68.889833" lon="16.438448"><ele>26.2</ele></trkpt>
   <trkpt lat="68.889834" lon="16.438439"><ele>26.2</ele></trkpt>
   <trkpt lat="68.889842" lon="16.438378"><ele>26.4</ele></trkpt>
   <trkpt lat="68.889830" lon="16.438278"><ele>26.4</ele></trkpt>
   <trkpt lat="68.889821" lon="16.438059"><ele>26.6</ele></trkpt>
   <trkpt lat="68.889811" lon="16.437894"><ele>26.6</ele></trkpt>
   <trkpt lat="68.889801" lon="16.437759"><ele>26.6</ele></trkpt>
   <trkpt lat="68.889793" lon="16.437547"><ele>27.2</ele></trkpt>
   <trkpt lat="68.889799" lon="16.437469"><ele>27.6</ele></trkpt>
   <trkpt lat="68.889815" lon="16.437397"><ele>27.8</ele></trkpt>
   <trkpt lat="68.889824" lon="16.437387"><ele>28.0</ele></trkpt>
   <trkpt lat="68.889846" lon="16.437384"><ele>28.2</ele></trkpt>
   <trkpt lat="68.889858" lon="16.437401"><ele>28.6</ele></trkpt>
   <trkpt lat="68.889858" lon="16.437398"><ele>28.6</ele></trkpt>
   <trkpt lat="68.889883" lon="16.437407"><ele>29.4</ele></trkpt>
   <trkpt lat="68.889909" lon="16.437430"><ele>29.8</ele></trkpt>
   <trkpt lat="68.889934" lon="16.437456"><ele>30.4</ele></trkpt>
   <trkpt lat="68.889943" lon="16.437456"><ele>30.8</ele></trkpt>
   <trkpt lat="68.889963" lon="16.437481"><ele>31.4</ele></trkpt>
   <trkpt lat="68.889972" lon="16.437499"><ele>31.4</ele></trkpt>
   <trkpt lat="68.890000" lon="16.437540"><ele>32.0</ele></trkpt>
   <trkpt lat="68.890007" lon="16.437561"><ele>32.2</ele></trkpt>
   <trkpt lat="68.890044" lon="16.437638"><ele>33.0</ele></trkpt>
   <trkpt lat="68.890056" lon="16.437724"><ele>33.6</ele></trkpt>
   <trkpt lat="68.890084" lon="16.437771"><ele>34.2</ele></trkpt>
   <trkpt lat="68.890088" lon="16.437792"><ele>34.2</ele></trkpt>
   <trkpt lat="68.890101" lon="16.437836"><ele>34.6</ele></trkpt>
   <trkpt lat="68.890105" lon="16.437860"><ele>34.8</ele></trkpt>
   <trkpt lat="68.890105" lon="16.437878"><ele>35.2</ele></trkpt>
   <trkpt lat="68.890113" lon="16.437865"><ele>35.2</ele></trkpt>
   <trkpt lat="68.890136" lon="16.437910"><ele>35.4</ele></trkpt>
   <trkpt lat="68.890149" lon="16.437926"><ele>35.6</ele></trkpt>
   <trkpt lat="68.890199" lon="16.437962"><ele>36.2</ele></trkpt>
   <trkpt lat="68.890218" lon="16.437986"><ele>36.4</ele></trkpt>
   <trkpt lat="68.890231" lon="16.438022"><ele>37.0</ele></trkpt>
   <trkpt lat="68.890237" lon="16.438042"><ele>37.4</ele></trkpt>
   <trkpt lat="68.890265" lon="16.438112"><ele>38.2</ele></trkpt>
   <trkpt lat="68.890267" lon="16.438122"><ele>38.4</ele></trkpt>
   <trkpt lat="68.890278" lon="16.438197"><ele>39.4</ele></trkpt>
   <trkpt lat="68.890281" lon="16.438204"><ele>39.4</ele></trkpt>
   <trkpt lat="68.890301" lon="16.438267"><ele>40.4</ele></trkpt>
   <trkpt lat="68.890306" lon="16.438279"><ele>40.6</ele></trkpt>
   <trkpt lat="68.890317" lon="16.438325"><ele>41.0</ele></trkpt>
   <trkpt lat="68.890319" lon="16.438402"><ele>41.6</ele></trkpt>
   <trkpt lat="68.890324" lon="16.438422"><ele>41.8</ele></trkpt>
   <trkpt lat="68.890328" lon="16.438445"><ele>42.0</ele></trkpt>
   <trkpt lat="68.890315" lon="16.438596"><ele>42.2</ele></trkpt>
   <trkpt lat="68.890335" lon="16.438739"><ele>42.6</ele></trkpt>
   <trkpt lat="68.890339" lon="16.438761"><ele>42.6</ele></trkpt>
   <trkpt lat="68.890362" lon="16.438921"><ele>42.8</ele></trkpt>
   <trkpt lat="68.890363" lon="16.438979"><ele>43.0</ele></trkpt>
   <trkpt lat="68.890370" lon="16.439123"><ele>43.6</ele></trkpt>
   <trkpt lat="68.890371" lon="16.439131"><ele>43.6</ele></trkpt>
   <trkpt lat="68.890395" lon="16.439307"><ele>43.8</ele></trkpt>
   <trkpt lat="68.890436" lon="16.439434"><ele>44.0</ele></trkpt>
   <trkpt lat="68.890454" lon="16.439487"><ele>44.4</ele></trkpt>
   <trkpt lat="68.890468" lon="16.439556"><ele>44.8</ele></trkpt>
   <trkpt lat="68.890478" lon="16.439571"><ele>44.8</ele></trkpt>
   <trkpt lat="68.890527" lon="16.439641"><ele>45.8</ele></trkpt>
   <trkpt lat="68.890533" lon="16.439658"><ele>45.8</ele></trkpt>
   <trkpt lat="68.890556" lon="16.439807"><ele>47.0</ele></trkpt>
   <trkpt lat="68.890565" lon="16.439846"><ele>47.2</ele></trkpt>
   <trkpt lat="68.890579" lon="16.439883"><ele>47.6</ele></trkpt>
   <trkpt lat="68.890593" lon="16.439926"><ele>48.0</ele></trkpt>
   <trkpt lat="68.890595" lon="16.439961"><ele>48.2</ele></trkpt>
   <trkpt lat="68.890597" lon="16.440029"><ele>48.6</ele></trkpt>
   <trkpt lat="68.890593" lon="16.440130"><ele>49.4</ele></trkpt>
   <trkpt lat="68.890596" lon="16.440244"><ele>49.8</ele></trkpt>
   <trkpt lat="68.890611" lon="16.440452"><ele>50.4</ele></trkpt>
   <trkpt lat="68.890617" lon="16.440570"><ele>50.4</ele></trkpt>
   <trkpt lat="68.890614" lon="16.440788"><ele>51.0</ele></trkpt>
   <trkpt lat="68.890613" lon="16.440831"><ele>51.4</ele></trkpt>
   <trkpt lat="68.890611" lon="16.440861"><ele>51.6</ele></trkpt>
   <trkpt lat="68.890615" lon="16.440952"><ele>52.4</ele></trkpt>
   <trkpt lat="68.890622" lon="16.440972"><ele>52.6</ele></trkpt>
   <trkpt lat="68.890627" lon="16.440996"><ele>52.8</ele></trkpt>
   <trkpt lat="68.890632" lon="16.441026"><ele>53.2</ele></trkpt>
   <trkpt lat="68.890645" lon="16.441106"><ele>53.6</ele></trkpt>
   <trkpt lat="68.890651" lon="16.441189"><ele>54.6</ele></trkpt>
   <trkpt lat="68.890653" lon="16.441272"><ele>55.6</ele></trkpt>
   <trkpt lat="68.890655" lon="16.441296"><ele>56.0</ele></trkpt>
   <trkpt lat="68.890657" lon="16.441327"><ele>56.4</ele></trkpt>
   <trkpt lat="68.890673" lon="16.441480"><ele>57.2</ele></trkpt>
   <trkpt lat="68.890691" lon="16.441643"><ele>58.2</ele></trkpt>
   <trkpt lat="68.890700" lon="16.441667"><ele>58.4</ele></trkpt>
   <trkpt lat="68.890711" lon="16.441725"><ele>58.8</ele></trkpt>
   <trkpt lat="68.890729" lon="16.441790"><ele>59.4</ele></trkpt>
   <trkpt lat="68.890745" lon="16.441865"><ele>60.2</ele></trkpt>
   <trkpt lat="68.890765" lon="16.441925"><ele>60.8</ele></trkpt>
   <trkpt lat="68.890808" lon="16.441961"><ele>61.8</ele></trkpt>
   <trkpt lat="68.890844" lon="16.442040"><ele>62.8</ele></trkpt>
   <trkpt lat="68.890847" lon="16.442043"><ele>63.0</ele></trkpt>
   <trkpt lat="68.890853" lon="16.442025"><ele>63.2</ele></trkpt>
   <trkpt lat="68.890852" lon="16.442008"><ele>63.4</ele></trkpt>
   <trkpt lat="68.890845" lon="16.442024"><ele>63.4</ele></trkpt>
   <trkpt lat="68.890837" lon="16.442033"><ele>63.6</ele></trkpt>
   <trkpt lat="68.890835" lon="16.442038"><ele>63.6</ele></trkpt>
   <trkpt lat="68.890836" lon="16.442038"><ele>63.4</ele></trkpt>
   <trkpt lat="68.890846" lon="16.442081"><ele>64.0</ele></trkpt>
   <trkpt lat="68.890858" lon="16.442177"><ele>64.6</ele></trkpt>
   <trkpt lat="68.890873" lon="16.442254"><ele>65.2</ele></trkpt>
   <trkpt lat="68.890881" lon="16.442378"><ele>65.6</ele></trkpt>
   <trkpt lat="68.890901" lon="16.442425"><ele>66.2</ele></trkpt>
   <trkpt lat="68.890912" lon="16.442420"><ele>66.6</ele></trkpt>
   <trkpt lat="68.890930" lon="16.442461"><ele>67.4</ele></trkpt>
   <trkpt lat="68.890943" lon="16.442527"><ele>68.0</ele></trkpt>
   <trkpt lat="68.890950" lon="16.442557"><ele>68.4</ele></trkpt>
   <trkpt lat="68.890991" lon="16.442694"><ele>69.6</ele></trkpt>
   <trkpt lat="68.891006" lon="16.442765"><ele>70.6</ele></trkpt>
   <trkpt lat="68.891012" lon="16.442790"><ele>71.0</ele></trkpt>
   <trkpt lat="68.891018" lon="16.442824"><ele>71.2</ele></trkpt>
   <trkpt lat="68.891033" lon="16.442911"><ele>71.6</ele></trkpt>
   <trkpt lat="68.891036" lon="16.442932"><ele>71.8</ele></trkpt>
   <trkpt lat="68.891076" lon="16.443035"><ele>73.0</ele></trkpt>
   <trkpt lat="68.891129" lon="16.443050"><ele>74.2</ele></trkpt>
   <trkpt lat="68.891160" lon="16.443026"><ele>74.6</ele></trkpt>
   <trkpt lat="68.891190" lon="16.443031"><ele>75.2</ele></trkpt>
   <trkpt lat="68.891240" lon="16.443018"><ele>76.2</ele></trkpt>
   <trkpt lat="68.891280" lon="16.442994"><ele>77.4</ele></trkpt>
   <trkpt lat="68.891301" lon="16.442981"><ele>78.0</ele></trkpt>
   <trkpt lat="68.891321" lon="16.442968"><ele>78.6</ele></trkpt>
   <trkpt lat="68.891390" lon="16.442936"><ele>79.2</ele></trkpt>
   <trkpt lat="68.891415" lon="16.442934"><ele>79.6</ele></trkpt>
   <trkpt lat="68.891454" lon="16.442935"><ele>80.2</ele></trkpt>
   <trkpt lat="68.891478" lon="16.442945"><ele>80.8</ele></trkpt>
   <trkpt lat="68.891541" lon="16.442984"><ele>81.8</ele></trkpt>
   <trkpt lat="68.891556" lon="16.442992"><ele>81.8</ele></trkpt>
   <trkpt lat="68.891591" lon="16.443056"><ele>82.0</ele></trkpt>
   <trkpt lat="68.891612" lon="16.443056"><ele>82.0</ele></trkpt>
   <trkpt lat="68.891683" lon="16.443178"><ele>82.0</ele></trkpt>
   <trkpt lat="68.891686" lon="16.443219"><ele>82.0</ele></trkpt>
   <trkpt lat="68.891664" lon="16.443439"><ele>81.8</ele></trkpt>
   <trkpt lat="68.891656" lon="16.443519"><ele>81.6</ele></trkpt>
   <trkpt lat="68.891653" lon="16.443546"><ele>81.6</ele></trkpt>
   <trkpt lat="68.891680" lon="16.443695"><ele>81.4</ele></trkpt>
   <trkpt lat="68.891749" lon="16.443710"><ele>81.6</ele></trkpt>
   <trkpt lat="68.891769" lon="16.443726"><ele>82.2</ele></trkpt>
   <trkpt lat="68.891778" lon="16.443738"><ele>82.2</ele></trkpt>
   <trkpt lat="68.891831" lon="16.443759"><ele>82.8</ele></trkpt>
   <trkpt lat="68.891886" lon="16.443754"><ele>83.4</ele></trkpt>
   <trkpt lat="68.891914" lon="16.443775"><ele>83.6</ele></trkpt>
   <trkpt lat="68.891937" lon="16.443801"><ele>83.8</ele></trkpt>
   <trkpt lat="68.891953" lon="16.443826"><ele>84.2</ele></trkpt>
   <trkpt lat="68.891971" lon="16.443842"><ele>84.6</ele></trkpt>
   <trkpt lat="68.892005" lon="16.443869"><ele>85.2</ele></trkpt>
   <trkpt lat="68.892040" lon="16.443932"><ele>85.6</ele></trkpt>
   <trkpt lat="68.892089" lon="16.443957"><ele>86.0</ele></trkpt>
   <trkpt lat="68.892114" lon="16.443952"><ele>86.2</ele></trkpt>
   <trkpt lat="68.892146" lon="16.443967"><ele>86.6</ele></trkpt>
   <trkpt lat="68.892174" lon="16.443986"><ele>87.2</ele></trkpt>
   <trkpt lat="68.892196" lon="16.444009"><ele>87.6</ele></trkpt>
   <trkpt lat="68.892205" lon="16.444027"><ele>87.8</ele></trkpt>
   <trkpt lat="68.892216" lon="16.444049"><ele>88.2</ele></trkpt>
   <trkpt lat="68.892248" lon="16.444074"><ele>89.0</ele></trkpt>
   <trkpt lat="68.892256" lon="16.444068"><ele>89.4</ele></trkpt>
   <trkpt lat="68.892280" lon="16.444098"><ele>90.6</ele></trkpt>
   <trkpt lat="68.892287" lon="16.444103"><ele>91.0</ele></trkpt>
   <trkpt lat="68.892290" lon="16.444099"><ele>91.4</ele></trkpt>
   <trkpt lat="68.892285" lon="16.444082"><ele>91.0</ele></trkpt>
   <trkpt lat="68.892295" lon="16.444072"><ele>90.8</ele></trkpt>
   <trkpt lat="68.892295" lon="16.444078"><ele>90.8</ele></trkpt>
   <trkpt lat="68.892297" lon="16.444148"><ele>91.2</ele></trkpt>
   <trkpt lat="68.892319" lon="16.444139"><ele>91.2</ele></trkpt>
   <trkpt lat="68.892359" lon="16.444183"><ele>91.6</ele></trkpt>
   <trkpt lat="68.892365" lon="16.444196"><ele>91.6</ele></trkpt>
   <trkpt lat="68.892383" lon="16.444237"><ele>92.6</ele></trkpt>
   <trkpt lat="68.892401" lon="16.444276"><ele>93.4</ele></trkpt>
   <trkpt lat="68.892424" lon="16.444297"><ele>93.8</ele></trkpt>
   <trkpt lat="68.892452" lon="16.444333"><ele>95.0</ele></trkpt>
   <trkpt lat="68.892465" lon="16.444369"><ele>95.4</ele></trkpt>
   <trkpt lat="68.892491" lon="16.444415"><ele>96.0</ele></trkpt>
   <trkpt lat="68.892528" lon="16.444453"><ele>97.2</ele></trkpt>
   <trkpt lat="68.892560" lon="16.444492"><ele>98.4</ele></trkpt>
   <trkpt lat="68.892583" lon="16.444526"><ele>98.8</ele></trkpt>
   <trkpt lat="68.892610" lon="16.444578"><ele>99.6</ele></trkpt>
   <trkpt lat="68.892630" lon="16.444634"><ele>100.4</ele></trkpt>
   <trkpt lat="68.892635" lon="16.444657"><ele>100.6</ele></trkpt>
   <trkpt lat="68.892642" lon="16.444707"><ele>101.2</ele></trkpt>
   <trkpt lat="68.892646" lon="16.444727"><ele>101.4</ele></trkpt>
   <trkpt lat="68.892661" lon="16.444785"><ele>101.8</ele></trkpt>
   <trkpt lat="68.892675" lon="16.444834"><ele>102.2</ele></trkpt>
   <trkpt lat="68.892686" lon="16.444880"><ele>103.0</ele></trkpt>
   <trkpt lat="68.892699" lon="16.444958"><ele>104.2</ele></trkpt>
   <trkpt lat="68.892703" lon="16.444980"><ele>104.4</ele></trkpt>
   <trkpt lat="68.892729" lon="16.445061"><ele>105.2</ele></trkpt>
   <trkpt lat="68.892753" lon="16.445200"><ele>106.4</ele></trkpt>
   <trkpt lat="68.892770" lon="16.445312"><ele>107.4</ele></trkpt>
   <trkpt lat="68.892782" lon="16.445373"><ele>108.4</ele></trkpt>
   <trkpt lat="68.892781" lon="16.445391"><ele>108.6</ele></trkpt>
   <trkpt lat="68.892796" lon="16.445482"><ele>109.4</ele></trkpt>
   <trkpt lat="68.892792" lon="16.445500"><ele>110.0</ele></trkpt>
   <trkpt lat="68.892791" lon="16.445534"><ele>110.4</ele></trkpt>
   <trkpt lat="68.892785" lon="16.445592"><ele>111.0</ele></trkpt>
   <trkpt lat="68.892781" lon="16.445628"><ele>112.2</ele></trkpt>
   <trkpt lat="68.892800" lon="16.445624"><ele>112.6</ele></trkpt>
   <trkpt lat="68.892811" lon="16.445658"><ele>112.6</ele></trkpt>
   <trkpt lat="68.892810" lon="16.445678"><ele>112.6</ele></trkpt>
   <trkpt lat="68.892821" lon="16.445713"><ele>113.2</ele></trkpt>
   <trkpt lat="68.892821" lon="16.445713"><ele>113.2</ele></trkpt>
   <trkpt lat="68.892821" lon="16.445712"><ele>112.4</ele></trkpt>
   <trkpt lat="68.892821" lon="16.445708"><ele>112.6</ele></trkpt>
   <trkpt lat="68.892812" lon="16.445833"><ele>113.4</ele></trkpt>
   <trkpt lat="68.892817" lon="16.445870"><ele>113.6</ele></trkpt>
   <trkpt lat="68.892840" lon="16.445965"><ele>114.2</ele></trkpt>
   <trkpt lat="68.892853" lon="16.446005"><ele>113.2</ele></trkpt>
   <trkpt lat="68.892852" lon="16.446046"><ele>113.2</ele></trkpt>
   <trkpt lat="68.892831" lon="16.446108"><ele>113.2</ele></trkpt>
   <trkpt lat="68.892815" lon="16.446264"><ele>113.4</ele></trkpt>
   <trkpt lat="68.892819" lon="16.446309"><ele>113.8</ele></trkpt>
   <trkpt lat="68.892821" lon="16.446348"><ele>114.2</ele></trkpt>
   <trkpt lat="68.892828" lon="16.446469"><ele>115.2</ele></trkpt>
   <trkpt lat="68.892832" lon="16.446503"><ele>115.8</ele></trkpt>
   <trkpt lat="68.892838" lon="16.446541"><ele>116.4</ele></trkpt>
   <trkpt lat="68.892857" lon="16.446601"><ele>117.2</ele></trkpt>
   <trkpt lat="68.892861" lon="16.446623"><ele>117.6</ele></trkpt>
   <trkpt lat="68.892861" lon="16.446644"><ele>117.8</ele></trkpt>
   <trkpt lat="68.892866" lon="16.446680"><ele>118.6</ele></trkpt>
   <trkpt lat="68.892885" lon="16.446709"><ele>119.4</ele></trkpt>
   <trkpt lat="68.892893" lon="16.446725"><ele>120.0</ele></trkpt>
   <trkpt lat="68.892920" lon="16.446812"><ele>121.0</ele></trkpt>
   <trkpt lat="68.892920" lon="16.446852"><ele>121.6</ele></trkpt>
   <trkpt lat="68.892940" lon="16.446866"><ele>122.2</ele></trkpt>
   <trkpt lat="68.893012" lon="16.446881"><ele>123.4</ele></trkpt>
   <trkpt lat="68.893030" lon="16.446918"><ele>124.4</ele></trkpt>
   <trkpt lat="68.893054" lon="16.446921"><ele>124.8</ele></trkpt>
   <trkpt lat="68.893073" lon="16.446919"><ele>125.6</ele></trkpt>
   <trkpt lat="68.893089" lon="16.446932"><ele>126.2</ele></trkpt>
   <trkpt lat="68.893108" lon="16.446943"><ele>126.8</ele></trkpt>
   <trkpt lat="68.893115" lon="16.446956"><ele>127.2</ele></trkpt>
   <trkpt lat="68.893140" lon="16.446960"><ele>128.0</ele></trkpt>
   <trkpt lat="68.893165" lon="16.446937"><ele>129.0</ele></trkpt>
   <trkpt lat="68.893173" lon="16.446932"><ele>129.4</ele></trkpt>
   <trkpt lat="68.893203" lon="16.446931"><ele>130.0</ele></trkpt>
   <trkpt lat="68.893253" lon="16.446958"><ele>131.2</ele></trkpt>
   <trkpt lat="68.893294" lon="16.446979"><ele>132.2</ele></trkpt>
   <trkpt lat="68.893307" lon="16.446997"><ele>132.8</ele></trkpt>
   <trkpt lat="68.893326" lon="16.447065"><ele>133.6</ele></trkpt>
   <trkpt lat="68.893342" lon="16.447185"><ele>134.6</ele></trkpt>
   <trkpt lat="68.893344" lon="16.447212"><ele>134.8</ele></trkpt>
   <trkpt lat="68.893343" lon="16.447320"><ele>135.8</ele></trkpt>
   <trkpt lat="68.893345" lon="16.447427"><ele>136.4</ele></trkpt>
   <trkpt lat="68.893346" lon="16.447453"><ele>136.8</ele></trkpt>
   <trkpt lat="68.893349" lon="16.447543"><ele>137.8</ele></trkpt>
   <trkpt lat="68.893347" lon="16.447610"><ele>138.2</ele></trkpt>
   <trkpt lat="68.893345" lon="16.447666"><ele>139.0</ele></trkpt>
   <trkpt lat="68.893353" lon="16.447774"><ele>140.2</ele></trkpt>
   <trkpt lat="68.893352" lon="16.447805"><ele>140.2</ele></trkpt>
   <trkpt lat="68.893359" lon="16.447897"><ele>141.0</ele></trkpt>
   <trkpt lat="68.893360" lon="16.447897"><ele>141.0</ele></trkpt>
   <trkpt lat="68.893361" lon="16.447870"><ele>141.0</ele></trkpt>
   <trkpt lat="68.893363" lon="16.447863"><ele>140.8</ele></trkpt>
   <trkpt lat="68.893374" lon="16.447841"><ele>140.6</ele></trkpt>
   <trkpt lat="68.893376" lon="16.447844"><ele>140.6</ele></trkpt>
   <trkpt lat="68.893376" lon="16.447846"><ele>140.4</ele></trkpt>
   <trkpt lat="68.893376" lon="16.447846"><ele>140.4</ele></trkpt>
   <trkpt lat="68.893376" lon="16.447845"><ele>140.2</ele></trkpt>
   <trkpt lat="68.893376" lon="16.447843"><ele>140.2</ele></trkpt>
   <trkpt lat="68.893376" lon="16.447843"><ele>140.0</ele></trkpt>
   <trkpt lat="68.893377" lon="16.447841"><ele>140.4</ele></trkpt>
   <trkpt lat="68.893377" lon="16.447841"><ele>140.4</ele></trkpt>
   <trkpt lat="68.893378" lon="16.447827"><ele>140.4</ele></trkpt>
   <trkpt lat="68.893381" lon="16.447823"><ele>140.2</ele></trkpt>
   <trkpt lat="68.893381" lon="16.447822"><ele>140.2</ele></trkpt>
   <trkpt lat="68.893382" lon="16.447820"><ele>140.0</ele></trkpt>
   <trkpt lat="68.893383" lon="16.447819"><ele>139.6</ele></trkpt>
   <trkpt lat="68.893383" lon="16.447819"><ele>139.2</ele></trkpt>
   <trkpt lat="68.893383" lon="16.447820"><ele>139.2</ele></trkpt>
   <trkpt lat="68.893383" lon="16.447822"><ele>139.2</ele></trkpt>
   <trkpt lat="68.893384" lon="16.447825"><ele>139.0</ele></trkpt>
   <trkpt lat="68.893384" lon="16.447844"><ele>139.0</ele></trkpt>
   <trkpt lat="68.893385" lon="16.447852"><ele>138.8</ele></trkpt>
   <trkpt lat="68.893388" lon="16.447859"><ele>138.8</ele></trkpt>
   <trkpt lat="68.893388" lon="16.447862"><ele>138.8</ele></trkpt>
   <trkpt lat="68.893387" lon="16.447863"><ele>138.6</ele></trkpt>
   <trkpt lat="68.893381" lon="16.447869"><ele>138.6</ele></trkpt>
   <trkpt lat="68.893378" lon="16.447873"><ele>138.8</ele></trkpt>
   <trkpt lat="68.893376" lon="16.447889"><ele>138.8</ele></trkpt>
   <trkpt lat="68.893376" lon="16.447890"><ele>138.6</ele></trkpt>
   <trkpt lat="68.893376" lon="16.447890"><ele>138.4</ele></trkpt>
   <trkpt lat="68.893376" lon="16.447890"><ele>138.0</ele></trkpt>
   <trkpt lat="68.893377" lon="16.447888"><ele>137.8</ele></trkpt>
   <trkpt lat="68.893377" lon="16.447886"><ele>138.0</ele></trkpt>
   <trkpt lat="68.893378" lon="16.447886"><ele>138.4</ele></trkpt>
   <trkpt lat="68.893378" lon="16.447886"><ele>138.4</ele></trkpt>
   <trkpt lat="68.893378" lon="16.447891"><ele>138.2</ele></trkpt>
   <trkpt lat="68.893378" lon="16.447893"><ele>138.2</ele></trkpt>
   <trkpt lat="68.893379" lon="16.447896"><ele>138.2</ele></trkpt>
   <trkpt lat="68.893380" lon="16.447898"><ele>138.0</ele></trkpt>
   <trkpt lat="68.893380" lon="16.447899"><ele>137.8</ele></trkpt>
   <trkpt lat="68.893379" lon="16.447904"><ele>137.4</ele></trkpt>
   <trkpt lat="68.893377" lon="16.447911"><ele>137.2</ele></trkpt>
   <trkpt lat="68.893377" lon="16.447915"><ele>137.4</ele></trkpt>
   <trkpt lat="68.893376" lon="16.447916"><ele>137.2</ele></trkpt>
   <trkpt lat="68.893375" lon="16.447917"><ele>137.0</ele></trkpt>
   <trkpt lat="68.893375" lon="16.447918"><ele>137.0</ele></trkpt>
   <trkpt lat="68.893375" lon="16.447918"><ele>136.6</ele></trkpt>
   <trkpt lat="68.893372" lon="16.448018"><ele>136.2</ele></trkpt>
   <trkpt lat="68.893365" lon="16.448101"><ele>136.6</ele></trkpt>
   <trkpt lat="68.893354" lon="16.448333"><ele>137.2</ele></trkpt>
   <trkpt lat="68.893358" lon="16.448387"><ele>137.6</ele></trkpt>
   <trkpt lat="68.893368" lon="16.448430"><ele>137.8</ele></trkpt>
   <trkpt lat="68.893381" lon="16.448476"><ele>138.4</ele></trkpt>
   <trkpt lat="68.893414" lon="16.448543"><ele>139.6</ele></trkpt>
   <trkpt lat="68.893446" lon="16.448618"><ele>140.2</ele></trkpt>
   <trkpt lat="68.893446" lon="16.448637"><ele>140.8</ele></trkpt>
   <trkpt lat="68.893446" lon="16.448639"><ele>141.0</ele></trkpt>
   <trkpt lat="68.893451" lon="16.448645"><ele>141.8</ele></trkpt>
   <trkpt lat="68.893456" lon="16.448640"><ele>141.8</ele></trkpt>
   <trkpt lat="68.893483" lon="16.448661"><ele>141.8</ele></trkpt>
   <trkpt lat="68.893485" lon="16.448662"><ele>142.0</ele></trkpt>
   <trkpt lat="68.893514" lon="16.448683"><ele>142.8</ele></trkpt>
   <trkpt lat="68.893532" lon="16.448683"><ele>143.2</ele></trkpt>
   <trkpt lat="68.893537" lon="16.448687"><ele>143.8</ele></trkpt>
   <trkpt lat="68.893539" lon="16.448689"><ele>144.0</ele></trkpt>
   <trkpt lat="68.893543" lon="16.448682"><ele>144.0</ele></trkpt>
   <trkpt lat="68.893572" lon="16.448667"><ele>144.4</ele></trkpt>
   <trkpt lat="68.893569" lon="16.448674"><ele>144.6</ele></trkpt>
   <trkpt lat="68.893566" lon="16.448686"><ele>144.4</ele></trkpt>
   <trkpt lat="68.893564" lon="16.448692"><ele>144.4</ele></trkpt>
   <trkpt lat="68.893564" lon="16.448692"><ele>144.2</ele></trkpt>
   <trkpt lat="68.893566" lon="16.448690"><ele>144.2</ele></trkpt>
   <trkpt lat="68.893566" lon="16.448681"><ele>144.4</ele></trkpt>
   <trkpt lat="68.893566" lon="16.448679"><ele>144.0</ele></trkpt>
   <trkpt lat="68.893567" lon="16.448676"><ele>144.0</ele></trkpt>
   <trkpt lat="68.893569" lon="16.448676"><ele>144.4</ele></trkpt>
   <trkpt lat="68.893571" lon="16.448676"><ele>144.6</ele></trkpt>
   <trkpt lat="68.893572" lon="16.448676"><ele>144.6</ele></trkpt>
   <trkpt lat="68.893575" lon="16.448679"><ele>144.8</ele></trkpt>
   <trkpt lat="68.893579" lon="16.448681"><ele>144.6</ele></trkpt>
   <trkpt lat="68.893580" lon="16.448681"><ele>144.8</ele></trkpt>
   <trkpt lat="68.893580" lon="16.448681"><ele>145.0</ele></trkpt>
   <trkpt lat="68.893581" lon="16.448681"><ele>145.0</ele></trkpt>
   <trkpt lat="68.893582" lon="16.448689"><ele>144.8</ele></trkpt>
   <trkpt lat="68.893603" lon="16.448813"><ele>144.6</ele></trkpt>
   <trkpt lat="68.893657" lon="16.448950"><ele>144.6</ele></trkpt>
   <trkpt lat="68.893671" lon="16.449002"><ele>144.6</ele></trkpt>
   <trkpt lat="68.893708" lon="16.449097"><ele>144.8</ele></trkpt>
   <trkpt lat="68.893719" lon="16.449136"><ele>145.2</ele></trkpt>
   <trkpt lat="68.893737" lon="16.449225"><ele>146.0</ele></trkpt>
   <trkpt lat="68.893752" lon="16.449317"><ele>146.8</ele></trkpt>
   <trkpt lat="68.893760" lon="16.449368"><ele>147.0</ele></trkpt>
   <trkpt lat="68.893766" lon="16.449393"><ele>147.4</ele></trkpt>
   <trkpt lat="68.893785" lon="16.449486"><ele>148.4</ele></trkpt>
   <trkpt lat="68.893806" lon="16.449536"><ele>149.0</ele></trkpt>
   <trkpt lat="68.893844" lon="16.449588"><ele>149.4</ele></trkpt>
   <trkpt lat="68.893866" lon="16.449628"><ele>149.8</ele></trkpt>
   <trkpt lat="68.893892" lon="16.449669"><ele>150.0</ele></trkpt>
   <trkpt lat="68.893913" lon="16.449707"><ele>150.2</ele></trkpt>
   <trkpt lat="68.893916" lon="16.449731"><ele>150.4</ele></trkpt>
   <trkpt lat="68.893919" lon="16.449755"><ele>150.6</ele></trkpt>
   <trkpt lat="68.893944" lon="16.449785"><ele>151.4</ele></trkpt>
   <trkpt lat="68.893946" lon="16.449787"><ele>151.6</ele></trkpt>
   <trkpt lat="68.893963" lon="16.449782"><ele>152.2</ele></trkpt>
   <trkpt lat="68.893975" lon="16.449766"><ele>152.6</ele></trkpt>
   <trkpt lat="68.894002" lon="16.449746"><ele>153.8</ele></trkpt>
   <trkpt lat="68.894029" lon="16.449728"><ele>154.6</ele></trkpt>
   <trkpt lat="68.894041" lon="16.449729"><ele>154.8</ele></trkpt>
   <trkpt lat="68.894078" lon="16.449686"><ele>156.0</ele></trkpt>
   <trkpt lat="68.894127" lon="16.449693"><ele>157.2</ele></trkpt>
   <trkpt lat="68.894137" lon="16.449696"><ele>157.2</ele></trkpt>
   <trkpt lat="68.894154" lon="16.449698"><ele>157.6</ele></trkpt>
   <trkpt lat="68.894193" lon="16.449744"><ele>158.2</ele></trkpt>
   <trkpt lat="68.894239" lon="16.449712"><ele>159.2</ele></trkpt>
   <trkpt lat="68.894249" lon="16.449700"><ele>159.4</ele></trkpt>
   <trkpt lat="68.894260" lon="16.449696"><ele>159.6</ele></trkpt>
   <trkpt lat="68.894272" lon="16.449688"><ele>159.8</ele></trkpt>
   <trkpt lat="68.894288" lon="16.449689"><ele>160.2</ele></trkpt>
   <trkpt lat="68.894295" lon="16.449698"><ele>160.4</ele></trkpt>
   <trkpt lat="68.894303" lon="16.449703"><ele>160.6</ele></trkpt>
   <trkpt lat="68.894353" lon="16.449764"><ele>161.4</ele></trkpt>
   <trkpt lat="68.894361" lon="16.449780"><ele>161.6</ele></trkpt>
   <trkpt lat="68.894370" lon="16.449790"><ele>161.8</ele></trkpt>
   <trkpt lat="68.894406" lon="16.449780"><ele>162.6</ele></trkpt>
   <trkpt lat="68.894430" lon="16.449731"><ele>163.8</ele></trkpt>
   <trkpt lat="68.894456" lon="16.449654"><ele>165.0</ele></trkpt>
   <trkpt lat="68.894472" lon="16.449639"><ele>165.4</ele></trkpt>
   <trkpt lat="68.894496" lon="16.449607"><ele>166.0</ele></trkpt>
   <trkpt lat="68.894532" lon="16.449579"><ele>166.6</ele></trkpt>
   <trkpt lat="68.894556" lon="16.449574"><ele>167.0</ele></trkpt>
   <trkpt lat="68.894571" lon="16.449578"><ele>167.4</ele></trkpt>
   <trkpt lat="68.894611" lon="16.449587"><ele>168.2</ele></trkpt>
   <trkpt lat="68.894620" lon="16.449594"><ele>168.4</ele></trkpt>
   <trkpt lat="68.894657" lon="16.449605"><ele>169.4</ele></trkpt>
   <trkpt lat="68.894676" lon="16.449619"><ele>169.8</ele></trkpt>
   <trkpt lat="68.894699" lon="16.449644"><ele>170.6</ele></trkpt>
   <trkpt lat="68.894742" lon="16.449666"><ele>171.8</ele></trkpt>
   <trkpt lat="68.894758" lon="16.449674"><ele>172.4</ele></trkpt>
   <trkpt lat="68.894787" lon="16.449690"><ele>173.0</ele></trkpt>
   <trkpt lat="68.894841" lon="16.449741"><ele>174.2</ele></trkpt>
   <trkpt lat="68.894842" lon="16.449749"><ele>174.4</ele></trkpt>
   <trkpt lat="68.894851" lon="16.449753"><ele>174.6</ele></trkpt>
   <trkpt lat="68.894883" lon="16.449770"><ele>175.4</ele></trkpt>
   <trkpt lat="68.894936" lon="16.449765"><ele>176.4</ele></trkpt>
   <trkpt lat="68.894961" lon="16.449778"><ele>176.8</ele></trkpt>
   <trkpt lat="68.895007" lon="16.449844"><ele>177.2</ele></trkpt>
   <trkpt lat="68.895014" lon="16.449850"><ele>177.4</ele></trkpt>
   <trkpt lat="68.895030" lon="16.449855"><ele>178.0</ele></trkpt>
   <trkpt lat="68.895048" lon="16.449844"><ele>178.6</ele></trkpt>
   <trkpt lat="68.895074" lon="16.449807"><ele>179.8</ele></trkpt>
   <trkpt lat="68.895084" lon="16.449786"><ele>180.2</ele></trkpt>
   <trkpt lat="68.895104" lon="16.449744"><ele>181.2</ele></trkpt>
   <trkpt lat="68.895147" lon="16.449736"><ele>182.2</ele></trkpt>
   <trkpt lat="68.895169" lon="16.449706"><ele>183.2</ele></trkpt>
   <trkpt lat="68.895189" lon="16.449667"><ele>184.0</ele></trkpt>
   <trkpt lat="68.895196" lon="16.449659"><ele>184.4</ele></trkpt>
   <trkpt lat="68.895213" lon="16.449645"><ele>184.8</ele></trkpt>
   <trkpt lat="68.895241" lon="16.449654"><ele>185.4</ele></trkpt>
   <trkpt lat="68.895262" lon="16.449650"><ele>185.8</ele></trkpt>
   <trkpt lat="68.895277" lon="16.449633"><ele>186.2</ele></trkpt>
   <trkpt lat="68.895292" lon="16.449606"><ele>186.4</ele></trkpt>
   <trkpt lat="68.895301" lon="16.449588"><ele>186.6</ele></trkpt>
   <trkpt lat="68.895322" lon="16.449579"><ele>187.0</ele></trkpt>
   <trkpt lat="68.895332" lon="16.449582"><ele>187.0</ele></trkpt>
   <trkpt lat="68.895353" lon="16.449615"><ele>187.2</ele></trkpt>
   <trkpt lat="68.895363" lon="16.449596"><ele>187.4</ele></trkpt>
   <trkpt lat="68.895383" lon="16.449592"><ele>187.8</ele></trkpt>
   <trkpt lat="68.895405" lon="16.449592"><ele>188.4</ele></trkpt>
   <trkpt lat="68.895409" lon="16.449588"><ele>188.6</ele></trkpt>
   <trkpt lat="68.895417" lon="16.449592"><ele>188.8</ele></trkpt>
   <trkpt lat="68.895474" lon="16.449631"><ele>189.4</ele></trkpt>
   <trkpt lat="68.895491" lon="16.449648"><ele>189.8</ele></trkpt>
   <trkpt lat="68.895499" lon="16.449656"><ele>190.0</ele></trkpt>
   <trkpt lat="68.895531" lon="16.449706"><ele>191.0</ele></trkpt>
   <trkpt lat="68.895538" lon="16.449708"><ele>191.2</ele></trkpt>
   <trkpt lat="68.895584" lon="16.449789"><ele>191.8</ele></trkpt>
   <trkpt lat="68.895595" lon="16.449829"><ele>192.0</ele></trkpt>
   <trkpt lat="68.895598" lon="16.449862"><ele>192.2</ele></trkpt>
   <trkpt lat="68.895610" lon="16.449967"><ele>193.2</ele></trkpt>
   <trkpt lat="68.895613" lon="16.449999"><ele>193.4</ele></trkpt>
   <trkpt lat="68.895637" lon="16.450146"><ele>194.0</ele></trkpt>
   <trkpt lat="68.895641" lon="16.450161"><ele>194.2</ele></trkpt>
   <trkpt lat="68.895651" lon="16.450189"><ele>194.4</ele></trkpt>
   <trkpt lat="68.895658" lon="16.450282"><ele>195.2</ele></trkpt>
   <trkpt lat="68.895662" lon="16.450307"><ele>195.4</ele></trkpt>
   <trkpt lat="68.895665" lon="16.450328"><ele>195.6</ele></trkpt>
   <trkpt lat="68.895680" lon="16.450419"><ele>196.2</ele></trkpt>
   <trkpt lat="68.895704" lon="16.450442"><ele>196.4</ele></trkpt>
   <trkpt lat="68.895728" lon="16.450476"><ele>196.4</ele></trkpt>
   <trkpt lat="68.895732" lon="16.450479"><ele>196.4</ele></trkpt>
   <trkpt lat="68.895739" lon="16.450483"><ele>196.4</ele></trkpt>
   <trkpt lat="68.895765" lon="16.450620"><ele>196.4</ele></trkpt>
   <trkpt lat="68.895785" lon="16.450780"><ele>196.8</ele></trkpt>
   <trkpt lat="68.895795" lon="16.450800"><ele>197.0</ele></trkpt>
   <trkpt lat="68.895821" lon="16.450910"><ele>197.4</ele></trkpt>
   <trkpt lat="68.895828" lon="16.450989"><ele>197.8</ele></trkpt>
   <trkpt lat="68.895836" lon="16.451023"><ele>198.0</ele></trkpt>
   <trkpt lat="68.895878" lon="16.451111"><ele>198.0</ele></trkpt>
   <trkpt lat="68.895909" lon="16.451168"><ele>198.0</ele></trkpt>
   <trkpt lat="68.895917" lon="16.451183"><ele>198.0</ele></trkpt>
   <trkpt lat="68.895972" lon="16.451218"><ele>198.2</ele></trkpt>
   <trkpt lat="68.896005" lon="16.451251"><ele>198.2</ele></trkpt>
   <trkpt lat="68.896021" lon="16.451274"><ele>198.4</ele></trkpt>
   <trkpt lat="68.896040" lon="16.451285"><ele>198.4</ele></trkpt>
   <trkpt lat="68.896074" lon="16.451335"><ele>198.4</ele></trkpt>
   <trkpt lat="68.896105" lon="16.451398"><ele>198.4</ele></trkpt>
   <trkpt lat="68.896150" lon="16.451443"><ele>198.8</ele></trkpt>
   <trkpt lat="68.896168" lon="16.451429"><ele>199.0</ele></trkpt>
   <trkpt lat="68.896188" lon="16.451418"><ele>199.4</ele></trkpt>
   <trkpt lat="68.896198" lon="16.451406"><ele>199.6</ele></trkpt>
   <trkpt lat="68.896247" lon="16.451358"><ele>200.2</ele></trkpt>
   <trkpt lat="68.896275" lon="16.451372"><ele>200.4</ele></trkpt>
   <trkpt lat="68.896285" lon="16.451358"><ele>200.6</ele></trkpt>
   <trkpt lat="68.896293" lon="16.451335"><ele>200.6</ele></trkpt>
   <trkpt lat="68.896303" lon="16.451317"><ele>200.8</ele></trkpt>
   <trkpt lat="68.896372" lon="16.451291"><ele>201.2</ele></trkpt>
   <trkpt lat="68.896399" lon="16.451285"><ele>200.8</ele></trkpt>
   <trkpt lat="68.896425" lon="16.451257"><ele>200.4</ele></trkpt>
   <trkpt lat="68.896449" lon="16.451214"><ele>199.8</ele></trkpt>
   <trkpt lat="68.896457" lon="16.451201"><ele>199.6</ele></trkpt>
   <trkpt lat="68.896497" lon="16.451191"><ele>199.8</ele></trkpt>
   <trkpt lat="68.896516" lon="16.451208"><ele>199.8</ele></trkpt>
   <trkpt lat="68.896579" lon="16.451303"><ele>200.2</ele></trkpt>
   <trkpt lat="68.896584" lon="16.451330"><ele>200.2</ele></trkpt>
   <trkpt lat="68.896635" lon="16.451454"><ele>200.6</ele></trkpt>
   <trkpt lat="68.896645" lon="16.451470"><ele>200.8</ele></trkpt>
   <trkpt lat="68.896696" lon="16.451613"><ele>201.0</ele></trkpt>
   <trkpt lat="68.896761" lon="16.451744"><ele>201.0</ele></trkpt>
   <trkpt lat="68.896792" lon="16.451780"><ele>201.2</ele></trkpt>
   <trkpt lat="68.896858" lon="16.451875"><ele>201.6</ele></trkpt>
   <trkpt lat="68.896865" lon="16.451879"><ele>201.8</ele></trkpt>
   <trkpt lat="68.896873" lon="16.451879"><ele>202.0</ele></trkpt>
   <trkpt lat="68.896920" lon="16.451829"><ele>203.0</ele></trkpt>
   <trkpt lat="68.896943" lon="16.451804"><ele>203.4</ele></trkpt>
   <trkpt lat="68.896960" lon="16.451781"><ele>204.0</ele></trkpt>
   <trkpt lat="68.897003" lon="16.451745"><ele>205.0</ele></trkpt>
   <trkpt lat="68.897031" lon="16.451693"><ele>205.8</ele></trkpt>
   <trkpt lat="68.897039" lon="16.451685"><ele>206.2</ele></trkpt>
   <trkpt lat="68.897056" lon="16.451682"><ele>206.8</ele></trkpt>
   <trkpt lat="68.897065" lon="16.451691"><ele>207.2</ele></trkpt>
   <trkpt lat="68.897071" lon="16.451697"><ele>207.6</ele></trkpt>
   <trkpt lat="68.897081" lon="16.451687"><ele>207.8</ele></trkpt>
   <trkpt lat="68.897121" lon="16.451695"><ele>208.4</ele></trkpt>
   <trkpt lat="68.897128" lon="16.451691"><ele>208.6</ele></trkpt>
   <trkpt lat="68.897188" lon="16.451690"><ele>209.4</ele></trkpt>
   <trkpt lat="68.897220" lon="16.451666"><ele>210.0</ele></trkpt>
   <trkpt lat="68.897228" lon="16.451638"><ele>210.6</ele></trkpt>
   <trkpt lat="68.897255" lon="16.451564"><ele>211.2</ele></trkpt>
   <trkpt lat="68.897264" lon="16.451513"><ele>211.6</ele></trkpt>
   <trkpt lat="68.897277" lon="16.451472"><ele>211.8</ele></trkpt>
   <trkpt lat="68.897295" lon="16.451425"><ele>212.0</ele></trkpt>
   <trkpt lat="68.897353" lon="16.451332"><ele>212.6</ele></trkpt>
   <trkpt lat="68.897372" lon="16.451306"><ele>212.8</ele></trkpt>
   <trkpt lat="68.897426" lon="16.451256"><ele>213.4</ele></trkpt>
   <trkpt lat="68.897434" lon="16.451246"><ele>213.6</ele></trkpt>
   <trkpt lat="68.897460" lon="16.451235"><ele>214.0</ele></trkpt>
   <trkpt lat="68.897530" lon="16.451257"><ele>214.8</ele></trkpt>
   <trkpt lat="68.897569" lon="16.451290"><ele>215.2</ele></trkpt>
   <trkpt lat="68.897578" lon="16.451299"><ele>215.2</ele></trkpt>
   <trkpt lat="68.897642" lon="16.451315"><ele>215.2</ele></trkpt>
   <trkpt lat="68.897655" lon="16.451316"><ele>215.2</ele></trkpt>
   <trkpt lat="68.897666" lon="16.451321"><ele>215.0</ele></trkpt>
   <trkpt lat="68.897707" lon="16.451381"><ele>214.8</ele></trkpt>
   <trkpt lat="68.897719" lon="16.451369"><ele>214.8</ele></trkpt>
   <trkpt lat="68.897742" lon="16.451366"><ele>214.8</ele></trkpt>
   <trkpt lat="68.897765" lon="16.451390"><ele>214.8</ele></trkpt>
   <trkpt lat="68.897806" lon="16.451415"><ele>214.8</ele></trkpt>
   <trkpt lat="68.897817" lon="16.451424"><ele>214.8</ele></trkpt>
   <trkpt lat="68.897839" lon="16.451412"><ele>215.0</ele></trkpt>
   <trkpt lat="68.897877" lon="16.451348"><ele>215.8</ele></trkpt>
   <trkpt lat="68.897893" lon="16.451327"><ele>215.8</ele></trkpt>
   <trkpt lat="68.897950" lon="16.451265"><ele>216.8</ele></trkpt>
   <trkpt lat="68.897973" lon="16.451240"><ele>217.0</ele></trkpt>
   <trkpt lat="68.897983" lon="16.451223"><ele>217.0</ele></trkpt>
   <trkpt lat="68.898008" lon="16.451198"><ele>217.4</ele></trkpt>
   <trkpt lat="68.898008" lon="16.451197"><ele>217.4</ele></trkpt>
   <trkpt lat="68.898031" lon="16.451184"><ele>217.6</ele></trkpt>
   <trkpt lat="68.898060" lon="16.451155"><ele>217.6</ele></trkpt>
   <trkpt lat="68.898086" lon="16.451096"><ele>218.0</ele></trkpt>
   <trkpt lat="68.898122" lon="16.451031"><ele>218.4</ele></trkpt>
   <trkpt lat="68.898185" lon="16.450965"><ele>218.8</ele></trkpt>
   <trkpt lat="68.898203" lon="16.450931"><ele>219.0</ele></trkpt>
   <trkpt lat="68.898212" lon="16.450917"><ele>219.0</ele></trkpt>
   <trkpt lat="68.898273" lon="16.450859"><ele>219.6</ele></trkpt>
   <trkpt lat="68.898306" lon="16.450811"><ele>220.0</ele></trkpt>
   <trkpt lat="68.898314" lon="16.450790"><ele>220.0</ele></trkpt>
   <trkpt lat="68.898330" lon="16.450744"><ele>220.2</ele></trkpt>
   <trkpt lat="68.898344" lon="16.450710"><ele>220.4</ele></trkpt>
   <trkpt lat="68.898362" lon="16.450692"><ele>220.6</ele></trkpt>
   <trkpt lat="68.898389" lon="16.450656"><ele>221.0</ele></trkpt>
   <trkpt lat="68.898425" lon="16.450605"><ele>221.4</ele></trkpt>
   <trkpt lat="68.898441" lon="16.450562"><ele>221.6</ele></trkpt>
   <trkpt lat="68.898486" lon="16.450507"><ele>221.6</ele></trkpt>
   <trkpt lat="68.898497" lon="16.450479"><ele>221.6</ele></trkpt>
   <trkpt lat="68.898503" lon="16.450437"><ele>221.8</ele></trkpt>
   <trkpt lat="68.898504" lon="16.450445"><ele>222.0</ele></trkpt>
   <trkpt lat="68.898504" lon="16.450449"><ele>222.0</ele></trkpt>
   <trkpt lat="68.898503" lon="16.450447"><ele>222.6</ele></trkpt>
   <trkpt lat="68.898503" lon="16.450448"><ele>222.6</ele></trkpt>
   <trkpt lat="68.898503" lon="16.450448"><ele>222.6</ele></trkpt>
   <trkpt lat="68.898503" lon="16.450448"><ele>222.4</ele></trkpt>
   <trkpt lat="68.898504" lon="16.450445"><ele>222.2</ele></trkpt>
   <trkpt lat="68.898507" lon="16.450440"><ele>222.2</ele></trkpt>
   <trkpt lat="68.898512" lon="16.450439"><ele>222.0</ele></trkpt>
   <trkpt lat="68.898518" lon="16.450431"><ele>222.4</ele></trkpt>
   <trkpt lat="68.898518" lon="16.450431"><ele>222.4</ele></trkpt>
   <trkpt lat="68.898518" lon="16.450431"><ele>222.0</ele></trkpt>
   <trkpt lat="68.898548" lon="16.450345"><ele>221.8</ele></trkpt>
   <trkpt lat="68.898596" lon="16.450225"><ele>222.2</ele></trkpt>
   <trkpt lat="68.898604" lon="16.450185"><ele>222.2</ele></trkpt>
   <trkpt lat="68.898610" lon="16.450129"><ele>222.6</ele></trkpt>
   <trkpt lat="68.898652" lon="16.450019"><ele>223.0</ele></trkpt>
   <trkpt lat="68.898666" lon="16.449946"><ele>223.4</ele></trkpt>
   <trkpt lat="68.898664" lon="16.449900"><ele>223.8</ele></trkpt>
   <trkpt lat="68.898691" lon="16.449824"><ele>224.2</ele></trkpt>
   <trkpt lat="68.898713" lon="16.449775"><ele>224.8</ele></trkpt>
   <trkpt lat="68.898743" lon="16.449689"><ele>225.2</ele></trkpt>
   <trkpt lat="68.898776" lon="16.449629"><ele>225.8</ele></trkpt>
   <trkpt lat="68.898797" lon="16.449602"><ele>226.0</ele></trkpt>
   <trkpt lat="68.898809" lon="16.449589"><ele>226.2</ele></trkpt>
   <trkpt lat="68.898828" lon="16.449565"><ele>226.2</ele></trkpt>
   <trkpt lat="68.898865" lon="16.449517"><ele>226.6</ele></trkpt>
   <trkpt lat="68.898885" lon="16.449502"><ele>226.6</ele></trkpt>
   <trkpt lat="68.898902" lon="16.449497"><ele>226.8</ele></trkpt>
   <trkpt lat="68.898941" lon="16.449453"><ele>227.4</ele></trkpt>
   <trkpt lat="68.898981" lon="16.449397"><ele>227.8</ele></trkpt>
   <trkpt lat="68.899015" lon="16.449320"><ele>228.4</ele></trkpt>
   <trkpt lat="68.899054" lon="16.449196"><ele>228.6</ele></trkpt>
   <trkpt lat="68.899074" lon="16.449159"><ele>229.0</ele></trkpt>
   <trkpt lat="68.899085" lon="16.449145"><ele>229.0</ele></trkpt>
   <trkpt lat="68.899136" lon="16.449092"><ele>229.2</ele></trkpt>
   <trkpt lat="68.899150" lon="16.449090"><ele>229.2</ele></trkpt>
   <trkpt lat="68.899177" lon="16.449082"><ele>229.4</ele></trkpt>
   <trkpt lat="68.899210" lon="16.449057"><ele>229.6</ele></trkpt>
   <trkpt lat="68.899246" lon="16.449028"><ele>229.8</ele></trkpt>
   <trkpt lat="68.899299" lon="16.448943"><ele>230.2</ele></trkpt>
   <trkpt lat="68.899321" lon="16.448932"><ele>230.4</ele></trkpt>
   <trkpt lat="68.899332" lon="16.448930"><ele>230.4</ele></trkpt>
   <trkpt lat="68.899393" lon="16.448909"><ele>231.0</ele></trkpt>
   <trkpt lat="68.899452" lon="16.448903"><ele>231.2</ele></trkpt>
   <trkpt lat="68.899510" lon="16.448856"><ele>231.4</ele></trkpt>
   <trkpt lat="68.899538" lon="16.448815"><ele>231.8</ele></trkpt>
   <trkpt lat="68.899567" lon="16.448784"><ele>232.4</ele></trkpt>
   <trkpt lat="68.899597" lon="16.448742"><ele>232.6</ele></trkpt>
   <trkpt lat="68.899655" lon="16.448720"><ele>233.0</ele></trkpt>
   <trkpt lat="68.899666" lon="16.448714"><ele>233.0</ele></trkpt>
   <trkpt lat="68.899694" lon="16.448725"><ele>233.6</ele></trkpt>
   <trkpt lat="68.899751" lon="16.448769"><ele>233.8</ele></trkpt>
   <trkpt lat="68.899753" lon="16.448766"><ele>233.8</ele></trkpt>
   <trkpt lat="68.899770" lon="16.448751"><ele>233.8</ele></trkpt>
   <trkpt lat="68.899792" lon="16.448725"><ele>234.0</ele></trkpt>
   <trkpt lat="68.899832" lon="16.448701"><ele>234.6</ele></trkpt>
   <trkpt lat="68.899839" lon="16.448739"><ele>234.8</ele></trkpt>
   <trkpt lat="68.899863" lon="16.448889"><ele>235.0</ele></trkpt>
   <trkpt lat="68.899871" lon="16.448902"><ele>235.0</ele></trkpt>
   <trkpt lat="68.899866" lon="16.449025"><ele>235.0</ele></trkpt>
   <trkpt lat="68.899864" lon="16.449048"><ele>235.0</ele></trkpt>
   <trkpt lat="68.899874" lon="16.449098"><ele>235.8</ele></trkpt>
   <trkpt lat="68.899888" lon="16.449099"><ele>236.2</ele></trkpt>
   <trkpt lat="68.899905" lon="16.449108"><ele>236.4</ele></trkpt>
   <trkpt lat="68.899932" lon="16.449149"><ele>237.0</ele></trkpt>
   <trkpt lat="68.899957" lon="16.449157"><ele>237.4</ele></trkpt>
   <trkpt lat="68.899967" lon="16.449165"><ele>238.0</ele></trkpt>
   <trkpt lat="68.899968" lon="16.449163"><ele>238.0</ele></trkpt>
   <trkpt lat="68.899979" lon="16.449152"><ele>238.2</ele></trkpt>
   <trkpt lat="68.899979" lon="16.449152"><ele>238.2</ele></trkpt>
   <trkpt lat="68.899979" lon="16.449152"><ele>238.0</ele></trkpt>
   <trkpt lat="68.899976" lon="16.449152"><ele>238.0</ele></trkpt>
   <trkpt lat="68.899976" lon="16.449152"><ele>238.0</ele></trkpt>
   <trkpt lat="68.899971" lon="16.449147"><ele>237.8</ele></trkpt>
   <trkpt lat="68.899970" lon="16.449147"><ele>237.6</ele></trkpt>
   <trkpt lat="68.899972" lon="16.449148"><ele>237.8</ele></trkpt>
   <trkpt lat="68.899987" lon="16.449160"><ele>237.8</ele></trkpt>
   <trkpt lat="68.900029" lon="16.449180"><ele>238.2</ele></trkpt>
   <trkpt lat="68.900103" lon="16.449201"><ele>239.0</ele></trkpt>
   <trkpt lat="68.900134" lon="16.449194"><ele>239.6</ele></trkpt>
   <trkpt lat="68.900155" lon="16.449209"><ele>240.0</ele></trkpt>
   <trkpt lat="68.900163" lon="16.449209"><ele>240.0</ele></trkpt>
   <trkpt lat="68.900202" lon="16.449225"><ele>240.6</ele></trkpt>
   <trkpt lat="68.900242" lon="16.449230"><ele>241.2</ele></trkpt>
   <trkpt lat="68.900278" lon="16.449216"><ele>241.8</ele></trkpt>
   <trkpt lat="68.900304" lon="16.449208"><ele>242.4</ele></trkpt>
   <trkpt lat="68.900349" lon="16.449173"><ele>243.0</ele></trkpt>
   <trkpt lat="68.900384" lon="16.449154"><ele>243.4</ele></trkpt>
   <trkpt lat="68.900465" lon="16.449157"><ele>244.2</ele></trkpt>
   <trkpt lat="68.900486" lon="16.449139"><ele>244.4</ele></trkpt>
   <trkpt lat="68.900551" lon="16.449154"><ele>244.6</ele></trkpt>
   <trkpt lat="68.900613" lon="16.449142"><ele>245.4</ele></trkpt>
   <trkpt lat="68.900619" lon="16.449138"><ele>245.4</ele></trkpt>
   <trkpt lat="68.900642" lon="16.449128"><ele>245.8</ele></trkpt>
   <trkpt lat="68.900706" lon="16.449152"><ele>246.4</ele></trkpt>
   <trkpt lat="68.900714" lon="16.449155"><ele>246.6</ele></trkpt>
   <trkpt lat="68.900725" lon="16.449164"><ele>246.8</ele></trkpt>
   <trkpt lat="68.900733" lon="16.449165"><ele>247.2</ele></trkpt>
   <trkpt lat="68.900754" lon="16.449175"><ele>247.4</ele></trkpt>
   <trkpt lat="68.900765" lon="16.449173"><ele>247.6</ele></trkpt>
   <trkpt lat="68.900788" lon="16.449183"><ele>248.2</ele></trkpt>
   <trkpt lat="68.900822" lon="16.449231"><ele>249.0</ele></trkpt>
   <trkpt lat="68.900848" lon="16.449290"><ele>250.0</ele></trkpt>
   <trkpt lat="68.900858" lon="16.449305"><ele>250.2</ele></trkpt>
   <trkpt lat="68.900872" lon="16.449326"><ele>251.0</ele></trkpt>
   <trkpt lat="68.900878" lon="16.449355"><ele>251.2</ele></trkpt>
   <trkpt lat="68.900890" lon="16.449376"><ele>251.6</ele></trkpt>
   <trkpt lat="68.900907" lon="16.449376"><ele>252.4</ele></trkpt>
   <trkpt lat="68.900942" lon="16.449391"><ele>253.6</ele></trkpt>
   <trkpt lat="68.900956" lon="16.449405"><ele>254.2</ele></trkpt>
   <trkpt lat="68.900970" lon="16.449418"><ele>254.8</ele></trkpt>
   <trkpt lat="68.900984" lon="16.449413"><ele>255.4</ele></trkpt>
   <trkpt lat="68.900993" lon="16.449409"><ele>255.8</ele></trkpt>
   <trkpt lat="68.901018" lon="16.449435"><ele>256.6</ele></trkpt>
   <trkpt lat="68.901023" lon="16.449442"><ele>257.0</ele></trkpt>
   <trkpt lat="68.901047" lon="16.449490"><ele>258.0</ele></trkpt>
   <trkpt lat="68.901073" lon="16.449558"><ele>259.2</ele></trkpt>
   <trkpt lat="68.901082" lon="16.449576"><ele>259.6</ele></trkpt>
   <trkpt lat="68.901101" lon="16.449634"><ele>260.4</ele></trkpt>
   <trkpt lat="68.901121" lon="16.449707"><ele>261.6</ele></trkpt>
   <trkpt lat="68.901126" lon="16.449726"><ele>262.0</ele></trkpt>
   <trkpt lat="68.901141" lon="16.449779"><ele>262.6</ele></trkpt>
   <trkpt lat="68.901144" lon="16.449876"><ele>263.4</ele></trkpt>
   <trkpt lat="68.901155" lon="16.449921"><ele>263.6</ele></trkpt>
   <trkpt lat="68.901201" lon="16.449983"><ele>264.8</ele></trkpt>
   <trkpt lat="68.901209" lon="16.449993"><ele>265.0</ele></trkpt>
   <trkpt lat="68.901218" lon="16.449994"><ele>265.4</ele></trkpt>
   <trkpt lat="68.901236" lon="16.450010"><ele>265.8</ele></trkpt>
   <trkpt lat="68.901270" lon="16.450059"><ele>267.0</ele></trkpt>
   <trkpt lat="68.901320" lon="16.450046"><ele>268.0</ele></trkpt>
   <trkpt lat="68.901347" lon="16.450063"><ele>268.6</ele></trkpt>
   <trkpt lat="68.901357" lon="16.450052"><ele>269.0</ele></trkpt>
   <trkpt lat="68.901363" lon="16.450028"><ele>269.8</ele></trkpt>
   <trkpt lat="68.901387" lon="16.450021"><ele>270.0</ele></trkpt>
   <trkpt lat="68.901428" lon="16.450014"><ele>270.6</ele></trkpt>
   <trkpt lat="68.901448" lon="16.450033"><ele>270.8</ele></trkpt>
   <trkpt lat="68.901466" lon="16.450079"><ele>271.0</ele></trkpt>
   <trkpt lat="68.901477" lon="16.450094"><ele>271.2</ele></trkpt>
   <trkpt lat="68.901484" lon="16.450108"><ele>271.2</ele></trkpt>
   <trkpt lat="68.901502" lon="16.450116"><ele>271.8</ele></trkpt>
   <trkpt lat="68.901526" lon="16.450094"><ele>272.2</ele></trkpt>
   <trkpt lat="68.901569" lon="16.450094"><ele>273.2</ele></trkpt>
   <trkpt lat="68.901585" lon="16.450122"><ele>273.8</ele></trkpt>
   <trkpt lat="68.901606" lon="16.450137"><ele>274.4</ele></trkpt>
   <trkpt lat="68.901649" lon="16.450158"><ele>275.0</ele></trkpt>
   <trkpt lat="68.901656" lon="16.450180"><ele>275.4</ele></trkpt>
   <trkpt lat="68.901674" lon="16.450213"><ele>275.8</ele></trkpt>
   <trkpt lat="68.901711" lon="16.450274"><ele>276.6</ele></trkpt>
   <trkpt lat="68.901716" lon="16.450274"><ele>276.8</ele></trkpt>
   <trkpt lat="68.901721" lon="16.450277"><ele>276.8</ele></trkpt>
   <trkpt lat="68.901758" lon="16.450274"><ele>277.6</ele></trkpt>
   <trkpt lat="68.901787" lon="16.450271"><ele>278.2</ele></trkpt>
   <trkpt lat="68.901805" lon="16.450259"><ele>278.6</ele></trkpt>
   <trkpt lat="68.901819" lon="16.450261"><ele>279.0</ele></trkpt>
   <trkpt lat="68.901837" lon="16.450226"><ele>279.8</ele></trkpt>
   <trkpt lat="68.901865" lon="16.450229"><ele>280.4</ele></trkpt>
   <trkpt lat="68.901895" lon="16.450249"><ele>281.0</ele></trkpt>
   <trkpt lat="68.901927" lon="16.450227"><ele>282.2</ele></trkpt>
   <trkpt lat="68.901937" lon="16.450213"><ele>282.4</ele></trkpt>
   <trkpt lat="68.901973" lon="16.450181"><ele>283.2</ele></trkpt>
   <trkpt lat="68.901994" lon="16.450160"><ele>283.4</ele></trkpt>
   <trkpt lat="68.902023" lon="16.450152"><ele>283.8</ele></trkpt>
   <trkpt lat="68.902048" lon="16.450166"><ele>284.2</ele></trkpt>
   <trkpt lat="68.902053" lon="16.450180"><ele>284.4</ele></trkpt>
   <trkpt lat="68.902077" lon="16.450184"><ele>285.0</ele></trkpt>
   <trkpt lat="68.902089" lon="16.450171"><ele>285.2</ele></trkpt>
   <trkpt lat="68.902093" lon="16.450157"><ele>285.6</ele></trkpt>
   <trkpt lat="68.902108" lon="16.450133"><ele>286.6</ele></trkpt>
   <trkpt lat="68.902146" lon="16.450141"><ele>287.8</ele></trkpt>
   <trkpt lat="68.902161" lon="16.450126"><ele>288.2</ele></trkpt>
   <trkpt lat="68.902177" lon="16.450109"><ele>288.6</ele></trkpt>
   <trkpt lat="68.902190" lon="16.450094"><ele>289.0</ele></trkpt>
   <trkpt lat="68.902188" lon="16.450070"><ele>289.0</ele></trkpt>
   <trkpt lat="68.902201" lon="16.450025"><ele>289.2</ele></trkpt>
   <trkpt lat="68.902237" lon="16.449969"><ele>290.2</ele></trkpt>
   <trkpt lat="68.902246" lon="16.449970"><ele>290.6</ele></trkpt>
   <trkpt lat="68.902271" lon="16.449960"><ele>291.0</ele></trkpt>
   <trkpt lat="68.902274" lon="16.449959"><ele>291.2</ele></trkpt>
   <trkpt lat="68.902309" lon="16.449974"><ele>292.0</ele></trkpt>
   <trkpt lat="68.902325" lon="16.449950"><ele>292.4</ele></trkpt>
   <trkpt lat="68.902334" lon="16.449947"><ele>292.8</ele></trkpt>
   <trkpt lat="68.902357" lon="16.449959"><ele>293.4</ele></trkpt>
   <trkpt lat="68.902368" lon="16.449962"><ele>293.8</ele></trkpt>
   <trkpt lat="68.902405" lon="16.449947"><ele>294.6</ele></trkpt>
   <trkpt lat="68.902425" lon="16.449892"><ele>295.2</ele></trkpt>
   <trkpt lat="68.902423" lon="16.449837"><ele>295.6</ele></trkpt>
   <trkpt lat="68.902423" lon="16.449811"><ele>295.6</ele></trkpt>
   <trkpt lat="68.902431" lon="16.449787"><ele>295.8</ele></trkpt>
   <trkpt lat="68.902451" lon="16.449703"><ele>296.0</ele></trkpt>
   <trkpt lat="68.902454" lon="16.449687"><ele>296.4</ele></trkpt>
   <trkpt lat="68.902458" lon="16.449664"><ele>296.8</ele></trkpt>
   <trkpt lat="68.902487" lon="16.449638"><ele>297.6</ele></trkpt>
   <trkpt lat="68.902498" lon="16.449637"><ele>297.8</ele></trkpt>
   <trkpt lat="68.902569" lon="16.449603"><ele>298.4</ele></trkpt>
   <trkpt lat="68.902594" lon="16.449589"><ele>298.8</ele></trkpt>
   <trkpt lat="68.902612" lon="16.449590"><ele>299.4</ele></trkpt>
   <trkpt lat="68.902646" lon="16.449597"><ele>300.0</ele></trkpt>
   <trkpt lat="68.902672" lon="16.449618"><ele>301.0</ele></trkpt>
   <trkpt lat="68.902676" lon="16.449622"><ele>301.4</ele></trkpt>
   <trkpt lat="68.902699" lon="16.449614"><ele>302.2</ele></trkpt>
   <trkpt lat="68.902743" lon="16.449592"><ele>303.4</ele></trkpt>
   <trkpt lat="68.902750" lon="16.449597"><ele>303.6</ele></trkpt>
   <trkpt lat="68.902761" lon="16.449625"><ele>304.6</ele></trkpt>
   <trkpt lat="68.902772" lon="16.449638"><ele>305.8</ele></trkpt>
   <trkpt lat="68.902784" lon="16.449643"><ele>306.4</ele></trkpt>
   <trkpt lat="68.902795" lon="16.449634"><ele>306.8</ele></trkpt>
   <trkpt lat="68.902840" lon="16.449622"><ele>307.8</ele></trkpt>
   <trkpt lat="68.902846" lon="16.449620"><ele>308.0</ele></trkpt>
   <trkpt lat="68.902871" lon="16.449628"><ele>309.0</ele></trkpt>
   <trkpt lat="68.902871" lon="16.449608"><ele>310.2</ele></trkpt>
   <trkpt lat="68.902880" lon="16.449604"><ele>310.4</ele></trkpt>
   <trkpt lat="68.902916" lon="16.449566"><ele>311.2</ele></trkpt>
   <trkpt lat="68.902948" lon="16.449544"><ele>312.2</ele></trkpt>
   <trkpt lat="68.902960" lon="16.449530"><ele>313.2</ele></trkpt>
   <trkpt lat="68.902973" lon="16.449489"><ele>313.8</ele></trkpt>
   <trkpt lat="68.902982" lon="16.449455"><ele>314.2</ele></trkpt>
   <trkpt lat="68.902999" lon="16.449426"><ele>314.8</ele></trkpt>
   <trkpt lat="68.903035" lon="16.449389"><ele>315.2</ele></trkpt>
   <trkpt lat="68.903054" lon="16.449412"><ele>316.4</ele></trkpt>
   <trkpt lat="68.903070" lon="16.449395"><ele>317.0</ele></trkpt>
   <trkpt lat="68.903079" lon="16.449387"><ele>317.4</ele></trkpt>
   <trkpt lat="68.903103" lon="16.449402"><ele>318.6</ele></trkpt>
   <trkpt lat="68.903113" lon="16.449398"><ele>319.6</ele></trkpt>
   <trkpt lat="68.903123" lon="16.449392"><ele>320.0</ele></trkpt>
   <trkpt lat="68.903145" lon="16.449462"><ele>321.0</ele></trkpt>
   <trkpt lat="68.903174" lon="16.449515"><ele>322.2</ele></trkpt>
   <trkpt lat="68.903200" lon="16.449531"><ele>323.4</ele></trkpt>
   <trkpt lat="68.903222" lon="16.449562"><ele>324.4</ele></trkpt>
   <trkpt lat="68.903253" lon="16.449637"><ele>325.8</ele></trkpt>
   <trkpt lat="68.903254" lon="16.449660"><ele>326.0</ele></trkpt>
   <trkpt lat="68.903269" lon="16.449681"><ele>326.8</ele></trkpt>
   <trkpt lat="68.903282" lon="16.449703"><ele>327.2</ele></trkpt>
   <trkpt lat="68.903291" lon="16.449755"><ele>328.0</ele></trkpt>
   <trkpt lat="68.903310" lon="16.449780"><ele>329.2</ele></trkpt>
   <trkpt lat="68.903322" lon="16.449775"><ele>329.4</ele></trkpt>
   <trkpt lat="68.903352" lon="16.449794"><ele>330.4</ele></trkpt>
   <trkpt lat="68.903363" lon="16.449820"><ele>331.0</ele></trkpt>
   <trkpt lat="68.903367" lon="16.449830"><ele>331.4</ele></trkpt>
   <trkpt lat="68.903381" lon="16.449863"><ele>332.6</ele></trkpt>
   <trkpt lat="68.903407" lon="16.449881"><ele>333.8</ele></trkpt>
   <trkpt lat="68.903410" lon="16.449916"><ele>335.0</ele></trkpt>
   <trkpt lat="68.903428" lon="16.449921"><ele>336.2</ele></trkpt>
   <trkpt lat="68.903433" lon="16.449924"><ele>336.4</ele></trkpt>
   <trkpt lat="68.903445" lon="16.449976"><ele>337.2</ele></trkpt>
   <trkpt lat="68.903445" lon="16.450043"><ele>337.6</ele></trkpt>
   <trkpt lat="68.903446" lon="16.450066"><ele>338.0</ele></trkpt>
   <trkpt lat="68.903445" lon="16.450084"><ele>338.4</ele></trkpt>
   <trkpt lat="68.903467" lon="16.450069"><ele>339.4</ele></trkpt>
   <trkpt lat="68.903479" lon="16.450090"><ele>339.8</ele></trkpt>
   <trkpt lat="68.903488" lon="16.450140"><ele>340.6</ele></trkpt>
   <trkpt lat="68.903505" lon="16.450193"><ele>341.8</ele></trkpt>
   <trkpt lat="68.903527" lon="16.450204"><ele>342.6</ele></trkpt>
   <trkpt lat="68.903532" lon="16.450208"><ele>343.0</ele></trkpt>
   <trkpt lat="68.903576" lon="16.450199"><ele>344.2</ele></trkpt>
   <trkpt lat="68.903607" lon="16.450217"><ele>345.4</ele></trkpt>
   <trkpt lat="68.903630" lon="16.450212"><ele>346.4</ele></trkpt>
   <trkpt lat="68.903648" lon="16.450197"><ele>347.2</ele></trkpt>
   <trkpt lat="68.903662" lon="16.450193"><ele>347.6</ele></trkpt>
   <trkpt lat="68.903702" lon="16.450212"><ele>348.6</ele></trkpt>
   <trkpt lat="68.903718" lon="16.450221"><ele>349.0</ele></trkpt>
   <trkpt lat="68.903733" lon="16.450209"><ele>349.8</ele></trkpt>
   <trkpt lat="68.903758" lon="16.450208"><ele>350.6</ele></trkpt>
   <trkpt lat="68.903755" lon="16.450198"><ele>350.6</ele></trkpt>
   <trkpt lat="68.903757" lon="16.450178"><ele>351.0</ele></trkpt>
   <trkpt lat="68.903757" lon="16.450160"><ele>351.4</ele></trkpt>
   <trkpt lat="68.903784" lon="16.450165"><ele>352.0</ele></trkpt>
   <trkpt lat="68.903791" lon="16.450182"><ele>352.2</ele></trkpt>
   <trkpt lat="68.903794" lon="16.450189"><ele>353.2</ele></trkpt>
   <trkpt lat="68.903794" lon="16.450189"><ele>353.4</ele></trkpt>
   <trkpt lat="68.903794" lon="16.450188"><ele>353.6</ele></trkpt>
   <trkpt lat="68.903795" lon="16.450183"><ele>353.6</ele></trkpt>
   <trkpt lat="68.903797" lon="16.450180"><ele>353.8</ele></trkpt>
   <trkpt lat="68.903799" lon="16.450179"><ele>353.8</ele></trkpt>
   <trkpt lat="68.903800" lon="16.450179"><ele>353.6</ele></trkpt>
   <trkpt lat="68.903801" lon="16.450174"><ele>354.0</ele></trkpt>
   <trkpt lat="68.903802" lon="16.450173"><ele>354.2</ele></trkpt>
   <trkpt lat="68.903802" lon="16.450173"><ele>354.2</ele></trkpt>
   <trkpt lat="68.903801" lon="16.450174"><ele>354.2</ele></trkpt>
   <trkpt lat="68.903801" lon="16.450178"><ele>354.0</ele></trkpt>
   <trkpt lat="68.903801" lon="16.450190"><ele>354.2</ele></trkpt>
   <trkpt lat="68.903801" lon="16.450190"><ele>354.0</ele></trkpt>
   <trkpt lat="68.903801" lon="16.450193"><ele>353.8</ele></trkpt>
   <trkpt lat="68.903801" lon="16.450196"><ele>353.8</ele></trkpt>
   <trkpt lat="68.903801" lon="16.450201"><ele>353.6</ele></trkpt>
   <trkpt lat="68.903819" lon="16.450202"><ele>354.6</ele></trkpt>
   <trkpt lat="68.903861" lon="16.450212"><ele>355.0</ele></trkpt>
   <trkpt lat="68.903877" lon="16.450220"><ele>355.2</ele></trkpt>
   <trkpt lat="68.903962" lon="16.450219"><ele>355.6</ele></trkpt>
   <trkpt lat="68.903972" lon="16.450223"><ele>355.8</ele></trkpt>
   <trkpt lat="68.904020" lon="16.450231"><ele>356.2</ele></trkpt>
   <trkpt lat="68.904034" lon="16.450273"><ele>356.6</ele></trkpt>
   <trkpt lat="68.904061" lon="16.450290"><ele>357.4</ele></trkpt>
   <trkpt lat="68.904091" lon="16.450292"><ele>358.2</ele></trkpt>
   <trkpt lat="68.904109" lon="16.450325"><ele>358.6</ele></trkpt>
   <trkpt lat="68.904112" lon="16.450328"><ele>358.8</ele></trkpt>
   <trkpt lat="68.904120" lon="16.450328"><ele>359.6</ele></trkpt>
   <trkpt lat="68.904120" lon="16.450327"><ele>359.6</ele></trkpt>
   <trkpt lat="68.904123" lon="16.450323"><ele>359.6</ele></trkpt>
   <trkpt lat="68.904120" lon="16.450316"><ele>359.6</ele></trkpt>
   <trkpt lat="68.904120" lon="16.450317"><ele>359.6</ele></trkpt>
   <trkpt lat="68.904120" lon="16.450318"><ele>359.6</ele></trkpt>
   <trkpt lat="68.904120" lon="16.450319"><ele>359.8</ele></trkpt>
   <trkpt lat="68.904120" lon="16.450324"><ele>360.2</ele></trkpt>
   <trkpt lat="68.904144" lon="16.450356"><ele>360.4</ele></trkpt>
   <trkpt lat="68.904182" lon="16.450429"><ele>360.8</ele></trkpt>
   <trkpt lat="68.904253" lon="16.450482"><ele>361.4</ele></trkpt>
   <trkpt lat="68.904272" lon="16.450490"><ele>361.8</ele></trkpt>
   <trkpt lat="68.904295" lon="16.450490"><ele>362.0</ele></trkpt>
   <trkpt lat="68.904322" lon="16.450517"><ele>362.6</ele></trkpt>
   <trkpt lat="68.904337" lon="16.450528"><ele>362.8</ele></trkpt>
   <trkpt lat="68.904346" lon="16.450531"><ele>362.8</ele></trkpt>
   <trkpt lat="68.904379" lon="16.450528"><ele>363.4</ele></trkpt>
   <trkpt lat="68.904414" lon="16.450498"><ele>363.8</ele></trkpt>
   <trkpt lat="68.904430" lon="16.450492"><ele>363.8</ele></trkpt>
   <trkpt lat="68.904438" lon="16.450486"><ele>364.0</ele></trkpt>
   <trkpt lat="68.904448" lon="16.450479"><ele>364.0</ele></trkpt>
   <trkpt lat="68.904493" lon="16.450437"><ele>364.2</ele></trkpt>
   <trkpt lat="68.904503" lon="16.450431"><ele>364.2</ele></trkpt>
   <trkpt lat="68.904541" lon="16.450388"><ele>365.0</ele></trkpt>
   <trkpt lat="68.904582" lon="16.450326"><ele>365.2</ele></trkpt>
   <trkpt lat="68.904652" lon="16.450296"><ele>365.4</ele></trkpt>
   <trkpt lat="68.904664" lon="16.450297"><ele>365.6</ele></trkpt>
   <trkpt lat="68.904720" lon="16.450342"><ele>366.2</ele></trkpt>
   <trkpt lat="68.904758" lon="16.450388"><ele>366.8</ele></trkpt>
   <trkpt lat="68.904796" lon="16.450399"><ele>366.8</ele></trkpt>
   <trkpt lat="68.904817" lon="16.450413"><ele>366.8</ele></trkpt>
   <trkpt lat="68.904825" lon="16.450419"><ele>366.8</ele></trkpt>
   <trkpt lat="68.904856" lon="16.450440"><ele>367.2</ele></trkpt>
   <trkpt lat="68.904871" lon="16.450445"><ele>367.4</ele></trkpt>
   <trkpt lat="68.904881" lon="16.450453"><ele>367.6</ele></trkpt>
   <trkpt lat="68.904888" lon="16.450466"><ele>367.6</ele></trkpt>
   <trkpt lat="68.904936" lon="16.450503"><ele>368.0</ele></trkpt>
   <trkpt lat="68.904943" lon="16.450506"><ele>368.2</ele></trkpt>
   <trkpt lat="68.904990" lon="16.450520"><ele>368.8</ele></trkpt>
   <trkpt lat="68.904999" lon="16.450553"><ele>369.0</ele></trkpt>
   <trkpt lat="68.905012" lon="16.450559"><ele>369.4</ele></trkpt>
   <trkpt lat="68.905022" lon="16.450557"><ele>369.4</ele></trkpt>
   <trkpt lat="68.905044" lon="16.450552"><ele>370.0</ele></trkpt>
   <trkpt lat="68.905055" lon="16.450559"><ele>370.2</ele></trkpt>
   <trkpt lat="68.905074" lon="16.450572"><ele>370.4</ele></trkpt>
   <trkpt lat="68.905123" lon="16.450637"><ele>371.0</ele></trkpt>
   <trkpt lat="68.905131" lon="16.450652"><ele>371.2</ele></trkpt>
   <trkpt lat="68.905135" lon="16.450676"><ele>371.4</ele></trkpt>
   <trkpt lat="68.905140" lon="16.450702"><ele>372.4</ele></trkpt>
   <trkpt lat="68.905145" lon="16.450722"><ele>372.6</ele></trkpt>
   <trkpt lat="68.905157" lon="16.450746"><ele>372.8</ele></trkpt>
   <trkpt lat="68.905186" lon="16.450786"><ele>373.6</ele></trkpt>
   <trkpt lat="68.905226" lon="16.450845"><ele>374.4</ele></trkpt>
   <trkpt lat="68.905251" lon="16.450880"><ele>374.6</ele></trkpt>
   <trkpt lat="68.905273" lon="16.450890"><ele>375.2</ele></trkpt>
   <trkpt lat="68.905318" lon="16.450887"><ele>375.8</ele></trkpt>
   <trkpt lat="68.905377" lon="16.450904"><ele>376.8</ele></trkpt>
   <trkpt lat="68.905419" lon="16.450955"><ele>377.8</ele></trkpt>
   <trkpt lat="68.905443" lon="16.450981"><ele>378.4</ele></trkpt>
   <trkpt lat="68.905462" lon="16.450968"><ele>379.0</ele></trkpt>
   <trkpt lat="68.905470" lon="16.450976"><ele>379.4</ele></trkpt>
   <trkpt lat="68.905481" lon="16.450978"><ele>379.6</ele></trkpt>
   <trkpt lat="68.905517" lon="16.450971"><ele>380.2</ele></trkpt>
   <trkpt lat="68.905554" lon="16.451000"><ele>381.2</ele></trkpt>
   <trkpt lat="68.905561" lon="16.451011"><ele>381.2</ele></trkpt>
   <trkpt lat="68.905593" lon="16.451068"><ele>382.0</ele></trkpt>
   <trkpt lat="68.905603" lon="16.451081"><ele>382.2</ele></trkpt>
   <trkpt lat="68.905633" lon="16.451122"><ele>383.0</ele></trkpt>
   <trkpt lat="68.905642" lon="16.451167"><ele>383.4</ele></trkpt>
   <trkpt lat="68.905664" lon="16.451267"><ele>384.4</ele></trkpt>
   <trkpt lat="68.905682" lon="16.451284"><ele>384.8</ele></trkpt>
   <trkpt lat="68.905701" lon="16.451322"><ele>385.4</ele></trkpt>
   <trkpt lat="68.905740" lon="16.451406"><ele>386.0</ele></trkpt>
   <trkpt lat="68.905760" lon="16.451452"><ele>386.4</ele></trkpt>
   <trkpt lat="68.905770" lon="16.451501"><ele>386.6</ele></trkpt>
   <trkpt lat="68.905804" lon="16.451584"><ele>387.0</ele></trkpt>
   <trkpt lat="68.905843" lon="16.451704"><ele>387.6</ele></trkpt>
   <trkpt lat="68.905836" lon="16.451731"><ele>387.6</ele></trkpt>
   <trkpt lat="68.905837" lon="16.451734"><ele>387.8</ele></trkpt>
   <trkpt lat="68.905854" lon="16.451769"><ele>387.8</ele></trkpt>
   <trkpt lat="68.905886" lon="16.451798"><ele>388.0</ele></trkpt>
   <trkpt lat="68.905956" lon="16.451880"><ele>388.0</ele></trkpt>
   <trkpt lat="68.905989" lon="16.451927"><ele>388.0</ele></trkpt>
   <trkpt lat="68.906011" lon="16.451968"><ele>388.2</ele></trkpt>
   <trkpt lat="68.906072" lon="16.452095"><ele>388.6</ele></trkpt>
   <trkpt lat="68.906089" lon="16.452130"><ele>388.6</ele></trkpt>
   <trkpt lat="68.906097" lon="16.452143"><ele>388.8</ele></trkpt>
   <trkpt lat="68.906124" lon="16.452181"><ele>389.0</ele></trkpt>
   <trkpt lat="68.906174" lon="16.452273"><ele>389.8</ele></trkpt>
   <trkpt lat="68.906205" lon="16.452311"><ele>390.0</ele></trkpt>
   <trkpt lat="68.906253" lon="16.452362"><ele>390.8</ele></trkpt>
   <trkpt lat="68.906266" lon="16.452360"><ele>391.0</ele></trkpt>
   <trkpt lat="68.906295" lon="16.452364"><ele>391.4</ele></trkpt>
   <trkpt lat="68.906308" lon="16.452375"><ele>391.6</ele></trkpt>
   <trkpt lat="68.906336" lon="16.452383"><ele>392.0</ele></trkpt>
   <trkpt lat="68.906364" lon="16.452411"><ele>392.6</ele></trkpt>
   <trkpt lat="68.906388" lon="16.452466"><ele>393.0</ele></trkpt>
   <trkpt lat="68.906423" lon="16.452547"><ele>393.6</ele></trkpt>
   <trkpt lat="68.906460" lon="16.452615"><ele>394.2</ele></trkpt>
   <trkpt lat="68.906472" lon="16.452652"><ele>394.4</ele></trkpt>
   <trkpt lat="68.906479" lon="16.452669"><ele>394.6</ele></trkpt>
   <trkpt lat="68.906507" lon="16.452707"><ele>395.0</ele></trkpt>
   <trkpt lat="68.906527" lon="16.452743"><ele>395.2</ele></trkpt>
   <trkpt lat="68.906540" lon="16.452765"><ele>395.6</ele></trkpt>
   <trkpt lat="68.906605" lon="16.452832"><ele>396.2</ele></trkpt>
   <trkpt lat="68.906611" lon="16.452852"><ele>396.4</ele></trkpt>
   <trkpt lat="68.906616" lon="16.452875"><ele>396.4</ele></trkpt>
   <trkpt lat="68.906622" lon="16.452888"><ele>396.4</ele></trkpt>
   <trkpt lat="68.906697" lon="16.452932"><ele>396.6</ele></trkpt>
   <trkpt lat="68.906751" lon="16.453003"><ele>396.8</ele></trkpt>
   <trkpt lat="68.906793" lon="16.453033"><ele>396.8</ele></trkpt>
   <trkpt lat="68.906844" lon="16.453071"><ele>397.2</ele></trkpt>
   <trkpt lat="68.906853" lon="16.453088"><ele>397.4</ele></trkpt>
   <trkpt lat="68.906858" lon="16.453125"><ele>397.6</ele></trkpt>
   <trkpt lat="68.906865" lon="16.453136"><ele>397.8</ele></trkpt>
   <trkpt lat="68.906918" lon="16.453211"><ele>398.4</ele></trkpt>
   <trkpt lat="68.906935" lon="16.453228"><ele>399.0</ele></trkpt>
   <trkpt lat="68.906942" lon="16.453248"><ele>399.2</ele></trkpt>
   <trkpt lat="68.906967" lon="16.453310"><ele>399.6</ele></trkpt>
   <trkpt lat="68.906978" lon="16.453321"><ele>399.6</ele></trkpt>
   <trkpt lat="68.907028" lon="16.453370"><ele>400.4</ele></trkpt>
   <trkpt lat="68.907047" lon="16.453386"><ele>400.6</ele></trkpt>
   <trkpt lat="68.907056" lon="16.453391"><ele>400.8</ele></trkpt>
   <trkpt lat="68.907134" lon="16.453407"><ele>401.4</ele></trkpt>
   <trkpt lat="68.907146" lon="16.453434"><ele>401.6</ele></trkpt>
   <trkpt lat="68.907158" lon="16.453452"><ele>401.8</ele></trkpt>
   <trkpt lat="68.907212" lon="16.453464"><ele>402.2</ele></trkpt>
   <trkpt lat="68.907231" lon="16.453457"><ele>402.6</ele></trkpt>
   <trkpt lat="68.907279" lon="16.453455"><ele>402.8</ele></trkpt>
   <trkpt lat="68.907299" lon="16.453575"><ele>403.0</ele></trkpt>
   <trkpt lat="68.907304" lon="16.453640"><ele>403.2</ele></trkpt>
   <trkpt lat="68.907336" lon="16.453688"><ele>403.8</ele></trkpt>
   <trkpt lat="68.907370" lon="16.453696"><ele>404.2</ele></trkpt>
   <trkpt lat="68.907432" lon="16.453710"><ele>404.8</ele></trkpt>
   <trkpt lat="68.907441" lon="16.453711"><ele>404.8</ele></trkpt>
   <trkpt lat="68.907452" lon="16.453717"><ele>405.0</ele></trkpt>
   <trkpt lat="68.907484" lon="16.453726"><ele>405.0</ele></trkpt>
   <trkpt lat="68.907528" lon="16.453714"><ele>405.2</ele></trkpt>
   <trkpt lat="68.907567" lon="16.453733"><ele>405.2</ele></trkpt>
   <trkpt lat="68.907590" lon="16.453733"><ele>405.4</ele></trkpt>
   <trkpt lat="68.907613" lon="16.453736"><ele>405.6</ele></trkpt>
   <trkpt lat="68.907619" lon="16.453749"><ele>406.0</ele></trkpt>
   <trkpt lat="68.907691" lon="16.453789"><ele>406.6</ele></trkpt>
   <trkpt lat="68.907729" lon="16.453852"><ele>407.2</ele></trkpt>
   <trkpt lat="68.907761" lon="16.453867"><ele>407.6</ele></trkpt>
   <trkpt lat="68.907823" lon="16.453910"><ele>407.8</ele></trkpt>
   <trkpt lat="68.907832" lon="16.453913"><ele>407.8</ele></trkpt>
   <trkpt lat="68.907901" lon="16.453974"><ele>408.0</ele></trkpt>
   <trkpt lat="68.907916" lon="16.453971"><ele>408.0</ele></trkpt>
   <trkpt lat="68.907977" lon="16.453985"><ele>408.2</ele></trkpt>
   <trkpt lat="68.908007" lon="16.454034"><ele>408.6</ele></trkpt>
   <trkpt lat="68.908030" lon="16.454058"><ele>408.8</ele></trkpt>
   <trkpt lat="68.908061" lon="16.454063"><ele>409.0</ele></trkpt>
   <trkpt lat="68.908086" lon="16.454083"><ele>409.4</ele></trkpt>
   <trkpt lat="68.908123" lon="16.454086"><ele>410.0</ele></trkpt>
   <trkpt lat="68.908174" lon="16.454093"><ele>410.2</ele></trkpt>
   <trkpt lat="68.908192" lon="16.454069"><ele>410.2</ele></trkpt>
   <trkpt lat="68.908218" lon="16.454061"><ele>410.4</ele></trkpt>
   <trkpt lat="68.908239" lon="16.454065"><ele>410.6</ele></trkpt>
   <trkpt lat="68.908246" lon="16.454069"><ele>410.8</ele></trkpt>
   <trkpt lat="68.908309" lon="16.454085"><ele>411.0</ele></trkpt>
   <trkpt lat="68.908334" lon="16.454094"><ele>411.2</ele></trkpt>
   <trkpt lat="68.908346" lon="16.454103"><ele>411.4</ele></trkpt>
   <trkpt lat="68.908384" lon="16.454128"><ele>412.2</ele></trkpt>
   <trkpt lat="68.908415" lon="16.454136"><ele>412.4</ele></trkpt>
   <trkpt lat="68.908447" lon="16.454150"><ele>412.8</ele></trkpt>
   <trkpt lat="68.908499" lon="16.454173"><ele>413.2</ele></trkpt>
   <trkpt lat="68.908519" lon="16.454181"><ele>413.6</ele></trkpt>
   <trkpt lat="68.908526" lon="16.454190"><ele>413.8</ele></trkpt>
   <trkpt lat="68.908584" lon="16.454230"><ele>414.6</ele></trkpt>
   <trkpt lat="68.908597" lon="16.454238"><ele>414.8</ele></trkpt>
   <trkpt lat="68.908642" lon="16.454294"><ele>415.2</ele></trkpt>
   <trkpt lat="68.908682" lon="16.454373"><ele>415.8</ele></trkpt>
   <trkpt lat="68.908694" lon="16.454419"><ele>416.2</ele></trkpt>
   <trkpt lat="68.908709" lon="16.454461"><ele>416.4</ele></trkpt>
   <trkpt lat="68.908744" lon="16.454485"><ele>416.8</ele></trkpt>
   <trkpt lat="68.908810" lon="16.454528"><ele>417.6</ele></trkpt>
   <trkpt lat="68.908853" lon="16.454501"><ele>417.6</ele></trkpt>
   <trkpt lat="68.908906" lon="16.454442"><ele>417.6</ele></trkpt>
   <trkpt lat="68.908949" lon="16.454394"><ele>417.6</ele></trkpt>
   <trkpt lat="68.909009" lon="16.454323"><ele>417.8</ele></trkpt>
   <trkpt lat="68.909022" lon="16.454322"><ele>417.8</ele></trkpt>
   <trkpt lat="68.909032" lon="16.454320"><ele>418.0</ele></trkpt>
   <trkpt lat="68.909046" lon="16.454321"><ele>418.0</ele></trkpt>
   <trkpt lat="68.909114" lon="16.454308"><ele>418.0</ele></trkpt>
   <trkpt lat="68.909126" lon="16.454304"><ele>418.0</ele></trkpt>
   <trkpt lat="68.909153" lon="16.454318"><ele>418.4</ele></trkpt>
   <trkpt lat="68.909184" lon="16.454324"><ele>418.8</ele></trkpt>
   <trkpt lat="68.909212" lon="16.454301"><ele>419.2</ele></trkpt>
   <trkpt lat="68.909220" lon="16.454295"><ele>419.2</ele></trkpt>
   <trkpt lat="68.909255" lon="16.454267"><ele>419.6</ele></trkpt>
   <trkpt lat="68.909292" lon="16.454250"><ele>420.0</ele></trkpt>
   <trkpt lat="68.909337" lon="16.454219"><ele>420.0</ele></trkpt>
   <trkpt lat="68.909348" lon="16.454207"><ele>420.2</ele></trkpt>
   <trkpt lat="68.909355" lon="16.454192"><ele>420.2</ele></trkpt>
   <trkpt lat="68.909399" lon="16.454107"><ele>420.6</ele></trkpt>
   <trkpt lat="68.909402" lon="16.454094"><ele>420.6</ele></trkpt>
   <trkpt lat="68.909408" lon="16.454084"><ele>420.6</ele></trkpt>
   <trkpt lat="68.909424" lon="16.454062"><ele>420.6</ele></trkpt>
   <trkpt lat="68.909439" lon="16.454044"><ele>420.6</ele></trkpt>
   <trkpt lat="68.909440" lon="16.454044"><ele>420.6</ele></trkpt>
   <trkpt lat="68.909440" lon="16.454044"><ele>420.8</ele></trkpt>
   <trkpt lat="68.909442" lon="16.454044"><ele>420.8</ele></trkpt>
   <trkpt lat="68.909447" lon="16.454044"><ele>420.6</ele></trkpt>
   <trkpt lat="68.909455" lon="16.454038"><ele>420.6</ele></trkpt>
   <trkpt lat="68.909491" lon="16.454005"><ele>420.8</ele></trkpt>
   <trkpt lat="68.909505" lon="16.453992"><ele>421.0</ele></trkpt>
   <trkpt lat="68.909530" lon="16.453969"><ele>421.2</ele></trkpt>
   <trkpt lat="68.909551" lon="16.453949"><ele>421.4</ele></trkpt>
   <trkpt lat="68.909575" lon="16.453942"><ele>421.6</ele></trkpt>
   <trkpt lat="68.909594" lon="16.453943"><ele>421.8</ele></trkpt>
   <trkpt lat="68.909602" lon="16.453948"><ele>422.4</ele></trkpt>
   <trkpt lat="68.909615" lon="16.453952"><ele>423.2</ele></trkpt>
   <trkpt lat="68.909619" lon="16.453955"><ele>423.4</ele></trkpt>
   <trkpt lat="68.909636" lon="16.453921"><ele>423.6</ele></trkpt>
   <trkpt lat="68.909648" lon="16.453920"><ele>423.6</ele></trkpt>
   <trkpt lat="68.909696" lon="16.453871"><ele>423.6</ele></trkpt>
   <trkpt lat="68.909723" lon="16.453859"><ele>424.2</ele></trkpt>
   <trkpt lat="68.909739" lon="16.453866"><ele>424.6</ele></trkpt>
   <trkpt lat="68.909770" lon="16.453882"><ele>425.0</ele></trkpt>
   <trkpt lat="68.909778" lon="16.453866"><ele>425.2</ele></trkpt>
   <trkpt lat="68.909791" lon="16.453838"><ele>425.4</ele></trkpt>
   <trkpt lat="68.909812" lon="16.453833"><ele>425.6</ele></trkpt>
   <trkpt lat="68.909825" lon="16.453831"><ele>425.6</ele></trkpt>
   <trkpt lat="68.909890" lon="16.453803"><ele>426.2</ele></trkpt>
   <trkpt lat="68.909920" lon="16.453790"><ele>426.6</ele></trkpt>
   <trkpt lat="68.909928" lon="16.453802"><ele>426.6</ele></trkpt>
   <trkpt lat="68.909967" lon="16.453805"><ele>427.0</ele></trkpt>
   <trkpt lat="68.909975" lon="16.453787"><ele>427.0</ele></trkpt>
   <trkpt lat="68.909993" lon="16.453762"><ele>427.2</ele></trkpt>
   <trkpt lat="68.909999" lon="16.453749"><ele>427.2</ele></trkpt>
   <trkpt lat="68.910001" lon="16.453750"><ele>427.2</ele></trkpt>
   <trkpt lat="68.910010" lon="16.453735"><ele>427.2</ele></trkpt>
   <trkpt lat="68.910033" lon="16.453731"><ele>427.2</ele></trkpt>
   <trkpt lat="68.910034" lon="16.453727"><ele>427.2</ele></trkpt>
   <trkpt lat="68.910055" lon="16.453723"><ele>427.4</ele></trkpt>
   <trkpt lat="68.910055" lon="16.453719"><ele>427.4</ele></trkpt>
   <trkpt lat="68.910062" lon="16.453714"><ele>427.6</ele></trkpt>
   <trkpt lat="68.910064" lon="16.453715"><ele>427.8</ele></trkpt>
   <trkpt lat="68.910064" lon="16.453715"><ele>427.8</ele></trkpt>
   <trkpt lat="68.910064" lon="16.453715"><ele>428.0</ele></trkpt>
   <trkpt lat="68.910064" lon="16.453715"><ele>428.6</ele></trkpt>
   <trkpt lat="68.910079" lon="16.453714"><ele>429.0</ele></trkpt>
   <trkpt lat="68.910117" lon="16.453689"><ele>429.0</ele></trkpt>
   <trkpt lat="68.910147" lon="16.453663"><ele>429.2</ele></trkpt>
   <trkpt lat="68.910175" lon="16.453637"><ele>429.0</ele></trkpt>
   <trkpt lat="68.910250" lon="16.453554"><ele>429.0</ele></trkpt>
   <trkpt lat="68.910274" lon="16.453524"><ele>429.2</ele></trkpt>
   <trkpt lat="68.910309" lon="16.453452"><ele>429.6</ele></trkpt>
   <trkpt lat="68.910353" lon="16.453379"><ele>430.2</ele></trkpt>
   <trkpt lat="68.910395" lon="16.453315"><ele>430.8</ele></trkpt>
   <trkpt lat="68.910404" lon="16.453297"><ele>430.8</ele></trkpt>
   <trkpt lat="68.910455" lon="16.453289"><ele>431.2</ele></trkpt>
   <trkpt lat="68.910480" lon="16.453287"><ele>431.2</ele></trkpt>
   <trkpt lat="68.910511" lon="16.453267"><ele>431.4</ele></trkpt>
   <trkpt lat="68.910539" lon="16.453219"><ele>431.4</ele></trkpt>
   <trkpt lat="68.910541" lon="16.453198"><ele>431.4</ele></trkpt>
   <trkpt lat="68.910537" lon="16.453119"><ele>431.0</ele></trkpt>
   <trkpt lat="68.910535" lon="16.453088"><ele>431.0</ele></trkpt>
   <trkpt lat="68.910525" lon="16.452949"><ele>431.0</ele></trkpt>
   <trkpt lat="68.910517" lon="16.452908"><ele>431.2</ele></trkpt>
   <trkpt lat="68.910486" lon="16.452814"><ele>431.4</ele></trkpt>
   <trkpt lat="68.910470" lon="16.452793"><ele>431.4</ele></trkpt>
   <trkpt lat="68.910446" lon="16.452764"><ele>431.6</ele></trkpt>
   <trkpt lat="68.910440" lon="16.452764"><ele>431.6</ele></trkpt>
   <trkpt lat="68.910441" lon="16.452757"><ele>431.0</ele></trkpt>
   <trkpt lat="68.910437" lon="16.452754"><ele>431.2</ele></trkpt>
   <trkpt lat="68.910437" lon="16.452754"><ele>432.0</ele></trkpt>
   <trkpt lat="68.910440" lon="16.452754"><ele>432.6</ele></trkpt>
   <trkpt lat="68.910442" lon="16.452762"><ele>432.4</ele></trkpt>
   <trkpt lat="68.910447" lon="16.452766"><ele>432.6</ele></trkpt>
   <trkpt lat="68.910451" lon="16.452783"><ele>432.6</ele></trkpt>
   <trkpt lat="68.910451" lon="16.452784"><ele>432.8</ele></trkpt>
   <trkpt lat="68.910451" lon="16.452784"><ele>432.8</ele></trkpt>
   <trkpt lat="68.910453" lon="16.452783"><ele>432.8</ele></trkpt>
   <trkpt lat="68.910454" lon="16.452774"><ele>432.8</ele></trkpt>
   <trkpt lat="68.910456" lon="16.452772"><ele>432.6</ele></trkpt>
   <trkpt lat="68.910457" lon="16.452771"><ele>432.6</ele></trkpt>
   <trkpt lat="68.910458" lon="16.452771"><ele>432.8</ele></trkpt>
   <trkpt lat="68.910458" lon="16.452771"><ele>432.8</ele></trkpt>
   <trkpt lat="68.910458" lon="16.452771"><ele>432.8</ele></trkpt>
   <trkpt lat="68.910458" lon="16.452775"><ele>432.8</ele></trkpt>
   <trkpt lat="68.910460" lon="16.452784"><ele>432.8</ele></trkpt>
   <trkpt lat="68.910461" lon="16.452784"><ele>432.6</ele></trkpt>
   <trkpt lat="68.910471" lon="16.452784"><ele>432.6</ele></trkpt>
   <trkpt lat="68.910476" lon="16.452780"><ele>432.0</ele></trkpt>
   <trkpt lat="68.910477" lon="16.452775"><ele>431.8</ele></trkpt>
   <trkpt lat="68.910485" lon="16.452751"><ele>432.2</ele></trkpt>
   <trkpt lat="68.910485" lon="16.452745"><ele>432.8</ele></trkpt>
   <trkpt lat="68.910488" lon="16.452745"><ele>432.8</ele></trkpt>
   <trkpt lat="68.910489" lon="16.452747"><ele>432.6</ele></trkpt>
   <trkpt lat="68.910490" lon="16.452794"><ele>433.0</ele></trkpt>
   <trkpt lat="68.910491" lon="16.452801"><ele>433.0</ele></trkpt>
   <trkpt lat="68.910522" lon="16.452920"><ele>433.4</ele></trkpt>
   <trkpt lat="68.910569" lon="16.453065"><ele>433.2</ele></trkpt>
   <trkpt lat="68.910548" lon="16.452955"><ele>432.6</ele></trkpt>
   <trkpt lat="68.910535" lon="16.452865"><ele>433.2</ele></trkpt>
   <trkpt lat="68.910536" lon="16.452847"><ele>433.2</ele></trkpt>
   <trkpt lat="68.910530" lon="16.452800"><ele>433.2</ele></trkpt>
   <trkpt lat="68.910517" lon="16.452778"><ele>433.2</ele></trkpt>
   <trkpt lat="68.910522" lon="16.452739"><ele>433.6</ele></trkpt>
   <trkpt lat="68.910518" lon="16.452740"><ele>433.4</ele></trkpt>
   <trkpt lat="68.910518" lon="16.452740"><ele>433.4</ele></trkpt>
   <trkpt lat="68.910518" lon="16.452740"><ele>433.4</ele></trkpt>
   <trkpt lat="68.910519" lon="16.452743"><ele>433.6</ele></trkpt>
   <trkpt lat="68.910519" lon="16.452743"><ele>433.6</ele></trkpt>
   <trkpt lat="68.910519" lon="16.452748"><ele>433.6</ele></trkpt>
   <trkpt lat="68.910519" lon="16.452751"><ele>433.8</ele></trkpt>
   <trkpt lat="68.910521" lon="16.452752"><ele>433.8</ele></trkpt>
   <trkpt lat="68.910521" lon="16.452753"><ele>434.0</ele></trkpt>
   <trkpt lat="68.910522" lon="16.452753"><ele>434.8</ele></trkpt>
   <trkpt lat="68.910522" lon="16.452755"><ele>435.0</ele></trkpt>
   <trkpt lat="68.910522" lon="16.452761"><ele>435.2</ele></trkpt>
   <trkpt lat="68.910523" lon="16.452778"><ele>434.8</ele></trkpt>
   <trkpt lat="68.910525" lon="16.452782"><ele>434.6</ele></trkpt>
   <trkpt lat="68.910543" lon="16.452788"><ele>435.2</ele></trkpt>
   <trkpt lat="68.910556" lon="16.452796"><ele>435.6</ele></trkpt>
   <trkpt lat="68.910559" lon="16.452806"><ele>435.8</ele></trkpt>
   <trkpt lat="68.910610" lon="16.452982"><ele>435.8</ele></trkpt>
   <trkpt lat="68.910658" lon="16.453102"><ele>435.4</ele></trkpt>
   <trkpt lat="68.910700" lon="16.453143"><ele>435.4</ele></trkpt>
   <trkpt lat="68.910728" lon="16.453171"><ele>435.6</ele></trkpt>
   <trkpt lat="68.910768" lon="16.453217"><ele>436.2</ele></trkpt>
   <trkpt lat="68.910778" lon="16.453224"><ele>436.4</ele></trkpt>
   <trkpt lat="68.910804" lon="16.453216"><ele>437.2</ele></trkpt>
   <trkpt lat="68.910816" lon="16.453212"><ele>437.8</ele></trkpt>
   <trkpt lat="68.910831" lon="16.453205"><ele>438.2</ele></trkpt>
   <trkpt lat="68.910841" lon="16.453199"><ele>438.4</ele></trkpt>
   <trkpt lat="68.910850" lon="16.453191"><ele>438.8</ele></trkpt>
   <trkpt lat="68.910856" lon="16.453182"><ele>439.0</ele></trkpt>
   <trkpt lat="68.910856" lon="16.453195"><ele>439.4</ele></trkpt>
   <trkpt lat="68.910857" lon="16.453205"><ele>439.6</ele></trkpt>
   <trkpt lat="68.910880" lon="16.453200"><ele>440.0</ele></trkpt>
   <trkpt lat="68.910921" lon="16.453188"><ele>440.6</ele></trkpt>
   <trkpt lat="68.910948" lon="16.453167"><ele>441.0</ele></trkpt>
   <trkpt lat="68.910974" lon="16.453143"><ele>441.4</ele></trkpt>
   <trkpt lat="68.910993" lon="16.453127"><ele>441.6</ele></trkpt>
   <trkpt lat="68.911027" lon="16.453107"><ele>442.0</ele></trkpt>
   <trkpt lat="68.911080" lon="16.453113"><ele>442.6</ele></trkpt>
   <trkpt lat="68.911088" lon="16.453111"><ele>442.8</ele></trkpt>
   <trkpt lat="68.911096" lon="16.453111"><ele>443.0</ele></trkpt>
   <trkpt lat="68.911113" lon="16.453118"><ele>443.8</ele></trkpt>
   <trkpt lat="68.911113" lon="16.453119"><ele>443.8</ele></trkpt>
   <trkpt lat="68.911116" lon="16.453120"><ele>444.2</ele></trkpt>
   <trkpt lat="68.911117" lon="16.453115"><ele>444.2</ele></trkpt>
   <trkpt lat="68.911141" lon="16.453121"><ele>444.2</ele></trkpt>
   <trkpt lat="68.911151" lon="16.453121"><ele>444.4</ele></trkpt>
   <trkpt lat="68.911160" lon="16.453131"><ele>444.4</ele></trkpt>
   <trkpt lat="68.911214" lon="16.453176"><ele>444.8</ele></trkpt>
   <trkpt lat="68.911225" lon="16.453166"><ele>444.8</ele></trkpt>
   <trkpt lat="68.911227" lon="16.453167"><ele>445.0</ele></trkpt>
   <trkpt lat="68.911266" lon="16.453241"><ele>445.2</ele></trkpt>
   <trkpt lat="68.911275" lon="16.453253"><ele>445.2</ele></trkpt>
   <trkpt lat="68.911335" lon="16.453271"><ele>445.8</ele></trkpt>
   <trkpt lat="68.911345" lon="16.453271"><ele>446.0</ele></trkpt>
   <trkpt lat="68.911345" lon="16.453282"><ele>446.2</ele></trkpt>
   <trkpt lat="68.911394" lon="16.453262"><ele>446.8</ele></trkpt>
   <trkpt lat="68.911410" lon="16.453257"><ele>447.0</ele></trkpt>
   <trkpt lat="68.911446" lon="16.453266"><ele>447.4</ele></trkpt>
   <trkpt lat="68.911497" lon="16.453247"><ele>448.2</ele></trkpt>
   <trkpt lat="68.911534" lon="16.453238"><ele>448.4</ele></trkpt>
   <trkpt lat="68.911549" lon="16.453233"><ele>448.6</ele></trkpt>
   <trkpt lat="68.911579" lon="16.453215"><ele>449.2</ele></trkpt>
   <trkpt lat="68.911632" lon="16.453216"><ele>450.0</ele></trkpt>
   <trkpt lat="68.911650" lon="16.453231"><ele>450.4</ele></trkpt>
   <trkpt lat="68.911705" lon="16.453241"><ele>450.8</ele></trkpt>
   <trkpt lat="68.911749" lon="16.453181"><ele>451.2</ele></trkpt>
   <trkpt lat="68.911768" lon="16.453157"><ele>451.4</ele></trkpt>
   <trkpt lat="68.911780" lon="16.453140"><ele>451.4</ele></trkpt>
   <trkpt lat="68.911808" lon="16.453121"><ele>451.4</ele></trkpt>
   <trkpt lat="68.911843" lon="16.453123"><ele>451.6</ele></trkpt>
   <trkpt lat="68.911868" lon="16.453137"><ele>451.8</ele></trkpt>
   <trkpt lat="68.911868" lon="16.453140"><ele>452.0</ele></trkpt>
   <trkpt lat="68.911868" lon="16.453149"><ele>452.0</ele></trkpt>
   <trkpt lat="68.911868" lon="16.453156"><ele>452.0</ele></trkpt>
   <trkpt lat="68.911868" lon="16.453156"><ele>452.2</ele></trkpt>
   <trkpt lat="68.911868" lon="16.453154"><ele>452.0</ele></trkpt>
   <trkpt lat="68.911868" lon="16.453153"><ele>452.0</ele></trkpt>
   <trkpt lat="68.911867" lon="16.453151"><ele>452.0</ele></trkpt>
   <trkpt lat="68.911869" lon="16.453147"><ele>452.0</ele></trkpt>
   <trkpt lat="68.911882" lon="16.453142"><ele>452.0</ele></trkpt>
   <trkpt lat="68.911906" lon="16.453129"><ele>452.2</ele></trkpt>
   <trkpt lat="68.911911" lon="16.453126"><ele>452.4</ele></trkpt>
   <trkpt lat="68.911924" lon="16.453117"><ele>452.6</ele></trkpt>
   <trkpt lat="68.911942" lon="16.453115"><ele>452.8</ele></trkpt>
   <trkpt lat="68.911956" lon="16.453120"><ele>452.8</ele></trkpt>
   <trkpt lat="68.912019" lon="16.453060"><ele>453.6</ele></trkpt>
   <trkpt lat="68.912062" lon="16.453058"><ele>453.8</ele></trkpt>
   <trkpt lat="68.912123" lon="16.453069"><ele>454.4</ele></trkpt>
   <trkpt lat="68.912138" lon="16.453086"><ele>454.8</ele></trkpt>
   <trkpt lat="68.912192" lon="16.453140"><ele>456.0</ele></trkpt>
   <trkpt lat="68.912215" lon="16.453160"><ele>456.6</ele></trkpt>
   <trkpt lat="68.912223" lon="16.453167"><ele>457.0</ele></trkpt>
   <trkpt lat="68.912236" lon="16.453181"><ele>457.6</ele></trkpt>
   <trkpt lat="68.912238" lon="16.453182"><ele>458.2</ele></trkpt>
   <trkpt lat="68.912236" lon="16.453186"><ele>458.8</ele></trkpt>
   <trkpt lat="68.912252" lon="16.453191"><ele>458.8</ele></trkpt>
   <trkpt lat="68.912258" lon="16.453198"><ele>458.8</ele></trkpt>
   <trkpt lat="68.912266" lon="16.453200"><ele>459.0</ele></trkpt>
   <trkpt lat="68.912270" lon="16.453196"><ele>459.2</ele></trkpt>
   <trkpt lat="68.912311" lon="16.453182"><ele>460.4</ele></trkpt>
   <trkpt lat="68.912343" lon="16.453206"><ele>461.4</ele></trkpt>
   <trkpt lat="68.912345" lon="16.453219"><ele>461.6</ele></trkpt>
   <trkpt lat="68.912351" lon="16.453250"><ele>462.8</ele></trkpt>
   <trkpt lat="68.912351" lon="16.453257"><ele>463.0</ele></trkpt>
   <trkpt lat="68.912349" lon="16.453255"><ele>463.2</ele></trkpt>
   <trkpt lat="68.912347" lon="16.453251"><ele>463.4</ele></trkpt>
   <trkpt lat="68.912347" lon="16.453250"><ele>463.4</ele></trkpt>
   <trkpt lat="68.912347" lon="16.453250"><ele>463.6</ele></trkpt>
   <trkpt lat="68.912386" lon="16.453281"><ele>464.0</ele></trkpt>
   <trkpt lat="68.912400" lon="16.453292"><ele>464.2</ele></trkpt>
   <trkpt lat="68.912448" lon="16.453332"><ele>465.2</ele></trkpt>
   <trkpt lat="68.912479" lon="16.453392"><ele>466.0</ele></trkpt>
   <trkpt lat="68.912488" lon="16.453401"><ele>466.0</ele></trkpt>
   <trkpt lat="68.912500" lon="16.453419"><ele>466.4</ele></trkpt>
   <trkpt lat="68.912503" lon="16.453448"><ele>467.0</ele></trkpt>
   <trkpt lat="68.912503" lon="16.453484"><ele>467.6</ele></trkpt>
   <trkpt lat="68.912508" lon="16.453562"><ele>468.6</ele></trkpt>
   <trkpt lat="68.912547" lon="16.453669"><ele>469.6</ele></trkpt>
   <trkpt lat="68.912557" lon="16.453684"><ele>469.8</ele></trkpt>
   <trkpt lat="68.912565" lon="16.453764"><ele>471.0</ele></trkpt>
   <trkpt lat="68.912564" lon="16.453785"><ele>471.4</ele></trkpt>
   <trkpt lat="68.912566" lon="16.453831"><ele>472.2</ele></trkpt>
   <trkpt lat="68.912569" lon="16.453852"><ele>472.4</ele></trkpt>
   <trkpt lat="68.912576" lon="16.453888"><ele>473.4</ele></trkpt>
   <trkpt lat="68.912582" lon="16.453906"><ele>473.8</ele></trkpt>
   <trkpt lat="68.912595" lon="16.453962"><ele>474.4</ele></trkpt>
   <trkpt lat="68.912585" lon="16.453998"><ele>474.8</ele></trkpt>
   <trkpt lat="68.912580" lon="16.454015"><ele>475.0</ele></trkpt>
   <trkpt lat="68.912592" lon="16.454015"><ele>475.6</ele></trkpt>
   <trkpt lat="68.912603" lon="16.454064"><ele>476.6</ele></trkpt>
   <trkpt lat="68.912608" lon="16.454075"><ele>476.8</ele></trkpt>
   <trkpt lat="68.912630" lon="16.454121"><ele>477.6</ele></trkpt>
   <trkpt lat="68.912629" lon="16.454154"><ele>478.4</ele></trkpt>
   <trkpt lat="68.912629" lon="16.454164"><ele>478.8</ele></trkpt>
   <trkpt lat="68.912634" lon="16.454144"><ele>478.8</ele></trkpt>
   <trkpt lat="68.912651" lon="16.454125"><ele>479.0</ele></trkpt>
   <trkpt lat="68.912651" lon="16.454122"><ele>479.2</ele></trkpt>
   <trkpt lat="68.912632" lon="16.454083"><ele>479.6</ele></trkpt>
   <trkpt lat="68.912619" lon="16.454091"><ele>479.6</ele></trkpt>
   <trkpt lat="68.912614" lon="16.454099"><ele>479.6</ele></trkpt>
   <trkpt lat="68.912644" lon="16.454140"><ele>479.8</ele></trkpt>
   <trkpt lat="68.912686" lon="16.454159"><ele>479.8</ele></trkpt>
   <trkpt lat="68.912690" lon="16.454213"><ele>481.0</ele></trkpt>
   <trkpt lat="68.912705" lon="16.454252"><ele>481.6</ele></trkpt>
   <trkpt lat="68.912707" lon="16.454273"><ele>482.0</ele></trkpt>
   <trkpt lat="68.912737" lon="16.454316"><ele>483.2</ele></trkpt>
   <trkpt lat="68.912743" lon="16.454330"><ele>483.4</ele></trkpt>
   <trkpt lat="68.912764" lon="16.454345"><ele>484.4</ele></trkpt>
   <trkpt lat="68.912773" lon="16.454350"><ele>484.8</ele></trkpt>
   <trkpt lat="68.912782" lon="16.454361"><ele>485.4</ele></trkpt>
   <trkpt lat="68.912809" lon="16.454355"><ele>486.0</ele></trkpt>
   <trkpt lat="68.912817" lon="16.454383"><ele>486.4</ele></trkpt>
   <trkpt lat="68.912821" lon="16.454400"><ele>486.6</ele></trkpt>
   <trkpt lat="68.912840" lon="16.454406"><ele>487.0</ele></trkpt>
   <trkpt lat="68.912856" lon="16.454417"><ele>487.6</ele></trkpt>
   <trkpt lat="68.912858" lon="16.454419"><ele>487.8</ele></trkpt>
   <trkpt lat="68.912864" lon="16.454421"><ele>488.0</ele></trkpt>
   <trkpt lat="68.912876" lon="16.454411"><ele>488.4</ele></trkpt>
   <trkpt lat="68.912883" lon="16.454408"><ele>488.4</ele></trkpt>
   <trkpt lat="68.912913" lon="16.454384"><ele>489.0</ele></trkpt>
   <trkpt lat="68.912939" lon="16.454401"><ele>490.2</ele></trkpt>
   <trkpt lat="68.912988" lon="16.454422"><ele>491.6</ele></trkpt>
   <trkpt lat="68.912993" lon="16.454426"><ele>492.2</ele></trkpt>
   <trkpt lat="68.912994" lon="16.454414"><ele>492.6</ele></trkpt>
   <trkpt lat="68.912997" lon="16.454440"><ele>493.0</ele></trkpt>
   <trkpt lat="68.912990" lon="16.454432"><ele>493.2</ele></trkpt>
   <trkpt lat="68.912990" lon="16.454432"><ele>493.2</ele></trkpt>
   <trkpt lat="68.912995" lon="16.454433"><ele>493.6</ele></trkpt>
   <trkpt lat="68.913048" lon="16.454411"><ele>494.0</ele></trkpt>
   <trkpt lat="68.913088" lon="16.454405"><ele>494.2</ele></trkpt>
   <trkpt lat="68.913112" lon="16.454411"><ele>494.6</ele></trkpt>
   <trkpt lat="68.913117" lon="16.454413"><ele>494.8</ele></trkpt>
   <trkpt lat="68.913152" lon="16.454425"><ele>495.8</ele></trkpt>
   <trkpt lat="68.913171" lon="16.454459"><ele>496.6</ele></trkpt>
   <trkpt lat="68.913178" lon="16.454467"><ele>497.0</ele></trkpt>
   <trkpt lat="68.913196" lon="16.454491"><ele>498.0</ele></trkpt>
   <trkpt lat="68.913211" lon="16.454509"><ele>498.6</ele></trkpt>
   <trkpt lat="68.913231" lon="16.454510"><ele>499.4</ele></trkpt>
   <trkpt lat="68.913258" lon="16.454525"><ele>500.2</ele></trkpt>
   <trkpt lat="68.913263" lon="16.454533"><ele>500.4</ele></trkpt>
   <trkpt lat="68.913299" lon="16.454547"><ele>501.6</ele></trkpt>
   <trkpt lat="68.913320" lon="16.454548"><ele>502.2</ele></trkpt>
   <trkpt lat="68.913345" lon="16.454544"><ele>502.6</ele></trkpt>
   <trkpt lat="68.913353" lon="16.454562"><ele>503.4</ele></trkpt>
   <trkpt lat="68.913359" lon="16.454570"><ele>503.8</ele></trkpt>
   <trkpt lat="68.913376" lon="16.454629"><ele>504.6</ele></trkpt>
   <trkpt lat="68.913381" lon="16.454635"><ele>505.0</ele></trkpt>
   <trkpt lat="68.913385" lon="16.454649"><ele>506.0</ele></trkpt>
   <trkpt lat="68.913404" lon="16.454687"><ele>506.4</ele></trkpt>
   <trkpt lat="68.913415" lon="16.454692"><ele>507.0</ele></trkpt>
   <trkpt lat="68.913423" lon="16.454705"><ele>507.2</ele></trkpt>
   <trkpt lat="68.913425" lon="16.454719"><ele>507.4</ele></trkpt>
   <trkpt lat="68.913436" lon="16.454728"><ele>507.6</ele></trkpt>
   <trkpt lat="68.913462" lon="16.454750"><ele>508.4</ele></trkpt>
   <trkpt lat="68.913489" lon="16.454751"><ele>509.0</ele></trkpt>
   <trkpt lat="68.913488" lon="16.454760"><ele>509.6</ele></trkpt>
   <trkpt lat="68.913532" lon="16.454800"><ele>510.6</ele></trkpt>
   <trkpt lat="68.913538" lon="16.454815"><ele>511.2</ele></trkpt>
   <trkpt lat="68.913553" lon="16.454850"><ele>512.0</ele></trkpt>
   <trkpt lat="68.913555" lon="16.454911"><ele>512.4</ele></trkpt>
   <trkpt lat="68.913582" lon="16.454948"><ele>513.2</ele></trkpt>
   <trkpt lat="68.913616" lon="16.454964"><ele>514.0</ele></trkpt>
   <trkpt lat="68.913622" lon="16.454968"><ele>514.2</ele></trkpt>
   <trkpt lat="68.913659" lon="16.455040"><ele>515.4</ele></trkpt>
   <trkpt lat="68.913661" lon="16.455054"><ele>515.6</ele></trkpt>
   <trkpt lat="68.913655" lon="16.455051"><ele>516.4</ele></trkpt>
   <trkpt lat="68.913655" lon="16.455048"><ele>516.6</ele></trkpt>
   <trkpt lat="68.913661" lon="16.455039"><ele>516.6</ele></trkpt>
   <trkpt lat="68.913666" lon="16.455043"><ele>516.6</ele></trkpt>
   <trkpt lat="68.913685" lon="16.455041"><ele>517.0</ele></trkpt>
   <trkpt lat="68.913710" lon="16.455059"><ele>517.4</ele></trkpt>
   <trkpt lat="68.913705" lon="16.455058"><ele>517.6</ele></trkpt>
   <trkpt lat="68.913701" lon="16.455077"><ele>517.8</ele></trkpt>
   <trkpt lat="68.913702" lon="16.455078"><ele>517.8</ele></trkpt>
   <trkpt lat="68.913702" lon="16.455078"><ele>518.0</ele></trkpt>
   <trkpt lat="68.913702" lon="16.455078"><ele>518.6</ele></trkpt>
   <trkpt lat="68.913706" lon="16.455078"><ele>519.6</ele></trkpt>
   <trkpt lat="68.913743" lon="16.455095"><ele>520.6</ele></trkpt>
   <trkpt lat="68.913755" lon="16.455098"><ele>520.8</ele></trkpt>
   <trkpt lat="68.913783" lon="16.455145"><ele>521.8</ele></trkpt>
   <trkpt lat="68.913807" lon="16.455148"><ele>522.4</ele></trkpt>
   <trkpt lat="68.913809" lon="16.455147"><ele>522.8</ele></trkpt>
   <trkpt lat="68.913828" lon="16.455157"><ele>523.8</ele></trkpt>
   <trkpt lat="68.913842" lon="16.455154"><ele>524.4</ele></trkpt>
   <trkpt lat="68.913856" lon="16.455160"><ele>524.4</ele></trkpt>
   <trkpt lat="68.913870" lon="16.455171"><ele>525.2</ele></trkpt>
   <trkpt lat="68.913883" lon="16.455164"><ele>526.2</ele></trkpt>
   <trkpt lat="68.913885" lon="16.455160"><ele>526.4</ele></trkpt>
   <trkpt lat="68.913910" lon="16.455190"><ele>527.0</ele></trkpt>
   <trkpt lat="68.913910" lon="16.455198"><ele>527.2</ele></trkpt>
   <trkpt lat="68.913910" lon="16.455195"><ele>527.4</ele></trkpt>
   <trkpt lat="68.913927" lon="16.455187"><ele>528.0</ele></trkpt>
   <trkpt lat="68.913927" lon="16.455207"><ele>528.6</ele></trkpt>
   <trkpt lat="68.913939" lon="16.455218"><ele>529.0</ele></trkpt>
   <trkpt lat="68.913938" lon="16.455208"><ele>529.6</ele></trkpt>
   <trkpt lat="68.913961" lon="16.455189"><ele>530.6</ele></trkpt>
   <trkpt lat="68.914004" lon="16.455219"><ele>531.6</ele></trkpt>
   <trkpt lat="68.914012" lon="16.455219"><ele>532.2</ele></trkpt>
   <trkpt lat="68.914019" lon="16.455215"><ele>532.8</ele></trkpt>
   <trkpt lat="68.914033" lon="16.455187"><ele>534.0</ele></trkpt>
   <trkpt lat="68.914034" lon="16.455218"><ele>534.6</ele></trkpt>
   <trkpt lat="68.914034" lon="16.455218"><ele>534.6</ele></trkpt>
   <trkpt lat="68.914034" lon="16.455218"><ele>535.0</ele></trkpt>
   <trkpt lat="68.914034" lon="16.455218"><ele>535.2</ele></trkpt>
   <trkpt lat="68.914034" lon="16.455218"><ele>535.0</ele></trkpt>
   <trkpt lat="68.914034" lon="16.455218"><ele>535.8</ele></trkpt>
   <trkpt lat="68.914034" lon="16.455218"><ele>536.4</ele></trkpt>
   <trkpt lat="68.914036" lon="16.455222"><ele>537.4</ele></trkpt>
   <trkpt lat="68.914039" lon="16.455225"><ele>538.6</ele></trkpt>
   <trkpt lat="68.914090" lon="16.455191"><ele>539.4</ele></trkpt>
   <trkpt lat="68.914105" lon="16.455180"><ele>539.6</ele></trkpt>
   <trkpt lat="68.914116" lon="16.455171"><ele>540.0</ele></trkpt>
   <trkpt lat="68.914162" lon="16.455138"><ele>540.8</ele></trkpt>
   <trkpt lat="68.914178" lon="16.455121"><ele>541.4</ele></trkpt>
   <trkpt lat="68.914184" lon="16.455125"><ele>541.4</ele></trkpt>
   <trkpt lat="68.914177" lon="16.455115"><ele>541.4</ele></trkpt>
   <trkpt lat="68.914176" lon="16.455116"><ele>541.6</ele></trkpt>
   <trkpt lat="68.914176" lon="16.455118"><ele>541.8</ele></trkpt>
   <trkpt lat="68.914176" lon="16.455119"><ele>541.8</ele></trkpt>
   <trkpt lat="68.914176" lon="16.455119"><ele>542.0</ele></trkpt>
   <trkpt lat="68.914171" lon="16.455117"><ele>542.2</ele></trkpt>
   <trkpt lat="68.914166" lon="16.455117"><ele>542.2</ele></trkpt>
   <trkpt lat="68.914166" lon="16.455117"><ele>542.4</ele></trkpt>
   <trkpt lat="68.914166" lon="16.455121"><ele>542.6</ele></trkpt>
   <trkpt lat="68.914184" lon="16.455134"><ele>542.8</ele></trkpt>
   <trkpt lat="68.914187" lon="16.455141"><ele>542.8</ele></trkpt>
   <trkpt lat="68.914188" lon="16.455143"><ele>542.8</ele></trkpt>
   <trkpt lat="68.914193" lon="16.455151"><ele>542.8</ele></trkpt>
   <trkpt lat="68.914194" lon="16.455159"><ele>542.8</ele></trkpt>
   <trkpt lat="68.914195" lon="16.455159"><ele>543.2</ele></trkpt>
   <trkpt lat="68.914195" lon="16.455158"><ele>543.4</ele></trkpt>
   <trkpt lat="68.914197" lon="16.455150"><ele>543.6</ele></trkpt>
   <trkpt lat="68.914201" lon="16.455144"><ele>543.6</ele></trkpt>
   <trkpt lat="68.914210" lon="16.455130"><ele>543.4</ele></trkpt>
   <trkpt lat="68.914216" lon="16.455066"><ele>544.0</ele></trkpt>
   <trkpt lat="68.914218" lon="16.455021"><ele>544.2</ele></trkpt>
   <trkpt lat="68.914220" lon="16.454972"><ele>544.2</ele></trkpt>
   <trkpt lat="68.914231" lon="16.454826"><ele>544.6</ele></trkpt>
   <trkpt lat="68.914235" lon="16.454729"><ele>545.0</ele></trkpt>
   <trkpt lat="68.914240" lon="16.454609"><ele>546.2</ele></trkpt>
   <trkpt lat="68.914256" lon="16.454593"><ele>546.6</ele></trkpt>
   <trkpt lat="68.914265" lon="16.454590"><ele>547.2</ele></trkpt>
   <trkpt lat="68.914272" lon="16.454565"><ele>547.6</ele></trkpt>
   <trkpt lat="68.914280" lon="16.454568"><ele>548.0</ele></trkpt>
   <trkpt lat="68.914286" lon="16.454572"><ele>548.2</ele></trkpt>
   <trkpt lat="68.914294" lon="16.454564"><ele>549.2</ele></trkpt>
   <trkpt lat="68.914294" lon="16.454553"><ele>549.4</ele></trkpt>
   <trkpt lat="68.914304" lon="16.454500"><ele>550.2</ele></trkpt>
   <trkpt lat="68.914303" lon="16.454486"><ele>550.4</ele></trkpt>
   <trkpt lat="68.914298" lon="16.454392"><ele>551.8</ele></trkpt>
   <trkpt lat="68.914308" lon="16.454350"><ele>552.8</ele></trkpt>
   <trkpt lat="68.914311" lon="16.454354"><ele>553.2</ele></trkpt>
   <trkpt lat="68.914313" lon="16.454335"><ele>553.6</ele></trkpt>
   <trkpt lat="68.914341" lon="16.454301"><ele>554.0</ele></trkpt>
   <trkpt lat="68.914349" lon="16.454262"><ele>554.6</ele></trkpt>
   <trkpt lat="68.914348" lon="16.454222"><ele>555.0</ele></trkpt>
   <trkpt lat="68.914376" lon="16.454208"><ele>556.0</ele></trkpt>
   <trkpt lat="68.914388" lon="16.454213"><ele>556.6</ele></trkpt>
   <trkpt lat="68.914394" lon="16.454213"><ele>557.2</ele></trkpt>
   <trkpt lat="68.914396" lon="16.454214"><ele>557.4</ele></trkpt>
   <trkpt lat="68.914401" lon="16.454218"><ele>557.4</ele></trkpt>
   <trkpt lat="68.914401" lon="16.454218"><ele>557.4</ele></trkpt>
   <trkpt lat="68.914401" lon="16.454212"><ele>558.2</ele></trkpt>
   <trkpt lat="68.914397" lon="16.454124"><ele>558.8</ele></trkpt>
   <trkpt lat="68.914409" lon="16.454090"><ele>559.2</ele></trkpt>
   <trkpt lat="68.914426" lon="16.454073"><ele>559.8</ele></trkpt>
   <trkpt lat="68.914434" lon="16.454092"><ele>560.4</ele></trkpt>
   <trkpt lat="68.914436" lon="16.454070"><ele>560.8</ele></trkpt>
   <trkpt lat="68.914436" lon="16.454059"><ele>561.4</ele></trkpt>
   <trkpt lat="68.914436" lon="16.454059"><ele>561.4</ele></trkpt>
   <trkpt lat="68.914436" lon="16.454059"><ele>562.0</ele></trkpt>
   <trkpt lat="68.914438" lon="16.454059"><ele>562.2</ele></trkpt>
   <trkpt lat="68.914443" lon="16.454006"><ele>562.4</ele></trkpt>
   <trkpt lat="68.914457" lon="16.453923"><ele>563.0</ele></trkpt>
   <trkpt lat="68.914461" lon="16.453870"><ele>563.2</ele></trkpt>
   <trkpt lat="68.914465" lon="16.453836"><ele>563.6</ele></trkpt>
   <trkpt lat="68.914502" lon="16.453717"><ele>564.8</ele></trkpt>
   <trkpt lat="68.914510" lon="16.453704"><ele>565.2</ele></trkpt>
   <trkpt lat="68.914540" lon="16.453621"><ele>566.0</ele></trkpt>
   <trkpt lat="68.914556" lon="16.453606"><ele>566.2</ele></trkpt>
   <trkpt lat="68.914594" lon="16.453554"><ele>566.8</ele></trkpt>
   <trkpt lat="68.914602" lon="16.453554"><ele>567.0</ele></trkpt>
   <trkpt lat="68.914603" lon="16.453547"><ele>567.4</ele></trkpt>
   <trkpt lat="68.914606" lon="16.453509"><ele>568.2</ele></trkpt>
   <trkpt lat="68.914608" lon="16.453473"><ele>568.6</ele></trkpt>
   <trkpt lat="68.914612" lon="16.453464"><ele>569.2</ele></trkpt>
   <trkpt lat="68.914630" lon="16.453374"><ele>570.8</ele></trkpt>
   <trkpt lat="68.914630" lon="16.453371"><ele>571.4</ele></trkpt>
   <trkpt lat="68.914628" lon="16.453369"><ele>571.4</ele></trkpt>
   <trkpt lat="68.914627" lon="16.453363"><ele>571.8</ele></trkpt>
   <trkpt lat="68.914625" lon="16.453369"><ele>572.0</ele></trkpt>
   <trkpt lat="68.914625" lon="16.453374"><ele>572.2</ele></trkpt>
   <trkpt lat="68.914625" lon="16.453374"><ele>572.4</ele></trkpt>
   <trkpt lat="68.914625" lon="16.453374"><ele>572.4</ele></trkpt>
   <trkpt lat="68.914624" lon="16.453376"><ele>572.6</ele></trkpt>
   <trkpt lat="68.914623" lon="16.453382"><ele>573.0</ele></trkpt>
   <trkpt lat="68.914622" lon="16.453384"><ele>573.2</ele></trkpt>
   <trkpt lat="68.914622" lon="16.453384"><ele>573.0</ele></trkpt>
   <trkpt lat="68.914625" lon="16.453381"><ele>573.0</ele></trkpt>
   <trkpt lat="68.914628" lon="16.453360"><ele>573.2</ele></trkpt>
   <trkpt lat="68.914629" lon="16.453351"><ele>573.2</ele></trkpt>
   <trkpt lat="68.914665" lon="16.453263"><ele>574.0</ele></trkpt>
   <trkpt lat="68.914673" lon="16.453239"><ele>574.2</ele></trkpt>
   <trkpt lat="68.914684" lon="16.453215"><ele>574.4</ele></trkpt>
   <trkpt lat="68.914702" lon="16.453159"><ele>575.2</ele></trkpt>
   <trkpt lat="68.914708" lon="16.453117"><ele>575.4</ele></trkpt>
   <trkpt lat="68.914717" lon="16.453045"><ele>576.0</ele></trkpt>
   <trkpt lat="68.914723" lon="16.453004"><ele>576.2</ele></trkpt>
   <trkpt lat="68.914729" lon="16.452926"><ele>576.8</ele></trkpt>
   <trkpt lat="68.914735" lon="16.452908"><ele>577.6</ele></trkpt>
   <trkpt lat="68.914752" lon="16.452889"><ele>578.0</ele></trkpt>
   <trkpt lat="68.914756" lon="16.452876"><ele>578.2</ele></trkpt>
   <trkpt lat="68.914757" lon="16.452870"><ele>578.6</ele></trkpt>
   <trkpt lat="68.914757" lon="16.452820"><ele>579.6</ele></trkpt>
   <trkpt lat="68.914756" lon="16.452802"><ele>579.8</ele></trkpt>
   <trkpt lat="68.914758" lon="16.452737"><ele>580.0</ele></trkpt>
   <trkpt lat="68.914760" lon="16.452684"><ele>580.4</ele></trkpt>
   <trkpt lat="68.914765" lon="16.452648"><ele>580.8</ele></trkpt>
   <trkpt lat="68.914786" lon="16.452559"><ele>581.8</ele></trkpt>
   <trkpt lat="68.914803" lon="16.452535"><ele>582.6</ele></trkpt>
   <trkpt lat="68.914805" lon="16.452514"><ele>583.0</ele></trkpt>
   <trkpt lat="68.914812" lon="16.452447"><ele>584.2</ele></trkpt>
   <trkpt lat="68.914816" lon="16.452428"><ele>584.4</ele></trkpt>
   <trkpt lat="68.914809" lon="16.452364"><ele>585.6</ele></trkpt>
   <trkpt lat="68.914817" lon="16.452327"><ele>586.0</ele></trkpt>
   <trkpt lat="68.914811" lon="16.452282"><ele>586.8</ele></trkpt>
   <trkpt lat="68.914808" lon="16.452270"><ele>587.0</ele></trkpt>
   <trkpt lat="68.914813" lon="16.452247"><ele>587.2</ele></trkpt>
   <trkpt lat="68.914812" lon="16.452232"><ele>587.2</ele></trkpt>
   <trkpt lat="68.914812" lon="16.452232"><ele>587.2</ele></trkpt>
   <trkpt lat="68.914812" lon="16.452232"><ele>587.6</ele></trkpt>
   <trkpt lat="68.914812" lon="16.452235"><ele>587.8</ele></trkpt>
   <trkpt lat="68.914812" lon="16.452247"><ele>587.4</ele></trkpt>
   <trkpt lat="68.914812" lon="16.452255"><ele>587.2</ele></trkpt>
   <trkpt lat="68.914812" lon="16.452247"><ele>586.8</ele></trkpt>
   <trkpt lat="68.914813" lon="16.452254"><ele>587.2</ele></trkpt>
   <trkpt lat="68.914777" lon="16.452229"><ele>587.0</ele></trkpt>
   <trkpt lat="68.914771" lon="16.452207"><ele>586.8</ele></trkpt>
   <trkpt lat="68.914767" lon="16.452184"><ele>586.6</ele></trkpt>
   <trkpt lat="68.914744" lon="16.452100"><ele>585.6</ele></trkpt>
   <trkpt lat="68.914737" lon="16.452097"><ele>585.2</ele></trkpt>
   <trkpt lat="68.914726" lon="16.452041"><ele>584.4</ele></trkpt>
   <trkpt lat="68.914737" lon="16.452016"><ele>584.2</ele></trkpt>
   <trkpt lat="68.914741" lon="16.451997"><ele>583.4</ele></trkpt>
   <trkpt lat="68.914737" lon="16.451997"><ele>582.8</ele></trkpt>
   <trkpt lat="68.914730" lon="16.452000"><ele>582.8</ele></trkpt>
   <trkpt lat="68.914730" lon="16.452000"><ele>582.8</ele></trkpt>
   <trkpt lat="68.914730" lon="16.452000"><ele>582.8</ele></trkpt>
   <trkpt lat="68.914730" lon="16.452000"><ele>582.8</ele></trkpt>
   <trkpt lat="68.914730" lon="16.452000"><ele>582.6</ele></trkpt>
   <trkpt lat="68.914730" lon="16.451999"><ele>582.6</ele></trkpt>
   <trkpt lat="68.914726" lon="16.451998"><ele>582.6</ele></trkpt>
   <trkpt lat="68.914724" lon="16.451997"><ele>582.6</ele></trkpt>
   <trkpt lat="68.914723" lon="16.451987"><ele>582.4</ele></trkpt>
   <trkpt lat="68.914719" lon="16.451986"><ele>582.4</ele></trkpt>
   <trkpt lat="68.914718" lon="16.451986"><ele>582.4</ele></trkpt>
   <trkpt lat="68.914717" lon="16.451986"><ele>582.8</ele></trkpt>
   <trkpt lat="68.914716" lon="16.451986"><ele>583.4</ele></trkpt>
   <trkpt lat="68.914716" lon="16.451988"><ele>583.8</ele></trkpt>
   <trkpt lat="68.914717" lon="16.451992"><ele>583.8</ele></trkpt>
   <trkpt lat="68.914717" lon="16.452039"><ele>584.2</ele></trkpt>
   <trkpt lat="68.914720" lon="16.452047"><ele>584.4</ele></trkpt>
   <trkpt lat="68.914720" lon="16.452048"><ele>584.6</ele></trkpt>
   <trkpt lat="68.914726" lon="16.452051"><ele>585.2</ele></trkpt>
   <trkpt lat="68.914741" lon="16.452052"><ele>585.6</ele></trkpt>
   <trkpt lat="68.914803" lon="16.452174"><ele>586.0</ele></trkpt>
   <trkpt lat="68.914822" lon="16.452215"><ele>586.6</ele></trkpt>
   <trkpt lat="68.914858" lon="16.452262"><ele>586.8</ele></trkpt>
   <trkpt lat="68.914859" lon="16.452282"><ele>587.2</ele></trkpt>
   <trkpt lat="68.914858" lon="16.452281"><ele>587.2</ele></trkpt>
   <trkpt lat="68.914858" lon="16.452292"><ele>587.0</ele></trkpt>
   <trkpt lat="68.914862" lon="16.452284"><ele>587.0</ele></trkpt>
   <trkpt lat="68.914860" lon="16.452284"><ele>586.8</ele></trkpt>
   <trkpt lat="68.914860" lon="16.452284"><ele>586.8</ele></trkpt>
   <trkpt lat="68.914860" lon="16.452286"><ele>586.8</ele></trkpt>
   <trkpt lat="68.914860" lon="16.452286"><ele>586.8</ele></trkpt>
   <trkpt lat="68.914860" lon="16.452293"><ele>587.2</ele></trkpt>
   <trkpt lat="68.914860" lon="16.452296"><ele>587.4</ele></trkpt>
   <trkpt lat="68.914860" lon="16.452298"><ele>587.4</ele></trkpt>
   <trkpt lat="68.914861" lon="16.452302"><ele>587.2</ele></trkpt>
   <trkpt lat="68.914863" lon="16.452315"><ele>587.2</ele></trkpt>
   <trkpt lat="68.914863" lon="16.452319"><ele>587.2</ele></trkpt>
   <trkpt lat="68.914864" lon="16.452324"><ele>587.2</ele></trkpt>
   <trkpt lat="68.914865" lon="16.452323"><ele>587.0</ele></trkpt>
   <trkpt lat="68.914865" lon="16.452319"><ele>587.0</ele></trkpt>
   <trkpt lat="68.914865" lon="16.452319"><ele>587.2</ele></trkpt>
   <trkpt lat="68.914866" lon="16.452307"><ele>587.2</ele></trkpt>
   <trkpt lat="68.914866" lon="16.452305"><ele>587.4</ele></trkpt>
   <trkpt lat="68.914866" lon="16.452305"><ele>587.4</ele></trkpt>
   <trkpt lat="68.914867" lon="16.452305"><ele>587.4</ele></trkpt>
   <trkpt lat="68.914867" lon="16.452305"><ele>586.6</ele></trkpt>
   <trkpt lat="68.914867" lon="16.452308"><ele>587.2</ele></trkpt>
   <trkpt lat="68.914868" lon="16.452314"><ele>587.2</ele></trkpt>
   <trkpt lat="68.914867" lon="16.452324"><ele>587.2</ele></trkpt>
   <trkpt lat="68.914868" lon="16.452329"><ele>587.4</ele></trkpt>
   <trkpt lat="68.914869" lon="16.452332"><ele>587.4</ele></trkpt>
   <trkpt lat="68.914869" lon="16.452334"><ele>587.2</ele></trkpt>
   <trkpt lat="68.914870" lon="16.452334"><ele>587.4</ele></trkpt>
   <trkpt lat="68.914870" lon="16.452333"><ele>587.4</ele></trkpt>
   <trkpt lat="68.914871" lon="16.452326"><ele>587.4</ele></trkpt>
   <trkpt lat="68.914871" lon="16.452314"><ele>587.6</ele></trkpt>
   <trkpt lat="68.914871" lon="16.452311"><ele>587.8</ele></trkpt>
   <trkpt lat="68.914871" lon="16.452304"><ele>587.4</ele></trkpt>
   <trkpt lat="68.914870" lon="16.452302"><ele>587.2</ele></trkpt>
   <trkpt lat="68.914870" lon="16.452302"><ele>587.2</ele></trkpt>
   <trkpt lat="68.914870" lon="16.452302"><ele>587.2</ele></trkpt>
   <trkpt lat="68.914871" lon="16.452301"><ele>587.0</ele></trkpt>
   <trkpt lat="68.914871" lon="16.452301"><ele>587.0</ele></trkpt>
   <trkpt lat="68.914871" lon="16.452301"><ele>587.4</ele></trkpt>
   <trkpt lat="68.914872" lon="16.452299"><ele>588.0</ele></trkpt>
   <trkpt lat="68.914872" lon="16.452294"><ele>587.6</ele></trkpt>
   <trkpt lat="68.914872" lon="16.452294"><ele>587.4</ele></trkpt>
   <trkpt lat="68.914870" lon="16.452296"><ele>587.2</ele></trkpt>
   <trkpt lat="68.914861" lon="16.452299"><ele>587.2</ele></trkpt>
   <trkpt lat="68.914855" lon="16.452299"><ele>587.2</ele></trkpt>
   <trkpt lat="68.914853" lon="16.452299"><ele>587.2</ele></trkpt>
   <trkpt lat="68.914852" lon="16.452297"><ele>587.2</ele></trkpt>
   <trkpt lat="68.914852" lon="16.452296"><ele>587.0</ele></trkpt>
   <trkpt lat="68.914852" lon="16.452295"><ele>587.0</ele></trkpt>
   <trkpt lat="68.914852" lon="16.452295"><ele>587.0</ele></trkpt>
   <trkpt lat="68.914852" lon="16.452295"><ele>587.0</ele></trkpt>
   <trkpt lat="68.914853" lon="16.452295"><ele>587.2</ele></trkpt>
   <trkpt lat="68.914853" lon="16.452295"><ele>587.2</ele></trkpt>
   <trkpt lat="68.914853" lon="16.452295"><ele>587.2</ele></trkpt>
   <trkpt lat="68.914853" lon="16.452296"><ele>587.0</ele></trkpt>
   <trkpt lat="68.914852" lon="16.452299"><ele>587.2</ele></trkpt>
   <trkpt lat="68.914852" lon="16.452299"><ele>587.4</ele></trkpt>
   <trkpt lat="68.914852" lon="16.452299"><ele>587.2</ele></trkpt>
   <trkpt lat="68.914853" lon="16.452298"><ele>587.2</ele></trkpt>
   <trkpt lat="68.914853" lon="16.452299"><ele>587.2</ele></trkpt>
   <trkpt lat="68.914852" lon="16.452299"><ele>587.4</ele></trkpt>
   <trkpt lat="68.914852" lon="16.452299"><ele>587.6</ele></trkpt>
   <trkpt lat="68.914851" lon="16.452300"><ele>587.6</ele></trkpt>
   <trkpt lat="68.914851" lon="16.452302"><ele>587.6</ele></trkpt>
   <trkpt lat="68.914851" lon="16.452302"><ele>587.6</ele></trkpt>
   <trkpt lat="68.914849" lon="16.452304"><ele>587.8</ele></trkpt>
   <trkpt lat="68.914849" lon="16.452304"><ele>588.0</ele></trkpt>
   <trkpt lat="68.914849" lon="16.452304"><ele>588.0</ele></trkpt>
   <trkpt lat="68.914849" lon="16.452305"><ele>588.2</ele></trkpt>
   <trkpt lat="68.914849" lon="16.452305"><ele>588.8</ele></trkpt>
   <trkpt lat="68.914849" lon="16.452306"><ele>588.4</ele></trkpt>
   <trkpt lat="68.914848" lon="16.452306"><ele>588.2</ele></trkpt>
   <trkpt lat="68.914848" lon="16.452306"><ele>588.4</ele></trkpt>
   <trkpt lat="68.914848" lon="16.452307"><ele>588.8</ele></trkpt>
   <trkpt lat="68.914848" lon="16.452307"><ele>588.8</ele></trkpt>
   <trkpt lat="68.914848" lon="16.452307"><ele>588.8</ele></trkpt>
   <trkpt lat="68.914848" lon="16.452307"><ele>589.0</ele></trkpt>
   <trkpt lat="68.914847" lon="16.452308"><ele>589.0</ele></trkpt>
   <trkpt lat="68.914847" lon="16.452309"><ele>589.2</ele></trkpt>
   <trkpt lat="68.914847" lon="16.452309"><ele>589.4</ele></trkpt>
   <trkpt lat="68.914847" lon="16.452311"><ele>589.4</ele></trkpt>
   <trkpt lat="68.914846" lon="16.452311"><ele>589.2</ele></trkpt>
   <trkpt lat="68.914846" lon="16.452311"><ele>589.4</ele></trkpt>
   <trkpt lat="68.914846" lon="16.452311"><ele>589.4</ele></trkpt>
   <trkpt lat="68.914846" lon="16.452312"><ele>588.6</ele></trkpt>
   <trkpt lat="68.914846" lon="16.452313"><ele>588.6</ele></trkpt>
   <trkpt lat="68.914846" lon="16.452312"><ele>589.0</ele></trkpt>
   <trkpt lat="68.914846" lon="16.452312"><ele>589.0</ele></trkpt>
   <trkpt lat="68.914846" lon="16.452312"><ele>588.8</ele></trkpt>
   <trkpt lat="68.914846" lon="16.452313"><ele>589.0</ele></trkpt>
   <trkpt lat="68.914845" lon="16.452313"><ele>589.2</ele></trkpt>
   <trkpt lat="68.914845" lon="16.452313"><ele>589.0</ele></trkpt>
   <trkpt lat="68.914845" lon="16.452313"><ele>589.0</ele></trkpt>
   <trkpt lat="68.914845" lon="16.452312"><ele>589.0</ele></trkpt>
   <trkpt lat="68.914844" lon="16.452313"><ele>589.0</ele></trkpt>
   <trkpt lat="68.914844" lon="16.452313"><ele>589.0</ele></trkpt>
   <trkpt lat="68.914844" lon="16.452312"><ele>589.0</ele></trkpt>
   <trkpt lat="68.914843" lon="16.452311"><ele>589.4</ele></trkpt>
   <trkpt lat="68.914843" lon="16.452311"><ele>589.4</ele></trkpt>
   <trkpt lat="68.914843" lon="16.452311"><ele>589.4</ele></trkpt>
   <trkpt lat="68.914843" lon="16.452311"><ele>589.6</ele></trkpt>
   <trkpt lat="68.914843" lon="16.452311"><ele>589.8</ele></trkpt>
   <trkpt lat="68.914843" lon="16.452311"><ele>590.0</ele></trkpt>
   <trkpt lat="68.914843" lon="16.452312"><ele>590.0</ele></trkpt>
   <trkpt lat="68.914843" lon="16.452312"><ele>590.0</ele></trkpt>
   <trkpt lat="68.914842" lon="16.452313"><ele>589.6</ele></trkpt>
   <trkpt lat="68.914842" lon="16.452313"><ele>589.6</ele></trkpt>
   <trkpt lat="68.914842" lon="16.452313"><ele>589.8</ele></trkpt>
   <trkpt lat="68.914842" lon="16.452314"><ele>589.6</ele></trkpt>
   <trkpt lat="68.914842" lon="16.452315"><ele>589.6</ele></trkpt>
   <trkpt lat="68.914842" lon="16.452316"><ele>589.4</ele></trkpt>
   <trkpt lat="68.914842" lon="16.452317"><ele>589.4</ele></trkpt>
   <trkpt lat="68.914841" lon="16.452318"><ele>589.2</ele></trkpt>
   <trkpt lat="68.914841" lon="16.452318"><ele>589.4</ele></trkpt>
   <trkpt lat="68.914841" lon="16.452318"><ele>590.0</ele></trkpt>
   <trkpt lat="68.914845" lon="16.452315"><ele>590.2</ele></trkpt>
   <trkpt lat="68.914891" lon="16.452282"><ele>590.8</ele></trkpt>
   <trkpt lat="68.914904" lon="16.452277"><ele>591.0</ele></trkpt>
   <trkpt lat="68.914957" lon="16.452243"><ele>592.0</ele></trkpt>
   <trkpt lat="68.914967" lon="16.452252"><ele>592.2</ele></trkpt>
   <trkpt lat="68.914975" lon="16.452268"><ele>592.2</ele></trkpt>
   <trkpt lat="68.914990" lon="16.452280"><ele>593.2</ele></trkpt>
   <trkpt lat="68.914993" lon="16.452281"><ele>593.2</ele></trkpt>
   <trkpt lat="68.915000" lon="16.452280"><ele>593.6</ele></trkpt>
   <trkpt lat="68.915021" lon="16.452300"><ele>594.4</ele></trkpt>
   <trkpt lat="68.915040" lon="16.452325"><ele>595.0</ele></trkpt>
   <trkpt lat="68.915049" lon="16.452335"><ele>595.2</ele></trkpt>
   <trkpt lat="68.915057" lon="16.452352"><ele>595.4</ele></trkpt>
   <trkpt lat="68.915064" lon="16.452362"><ele>595.8</ele></trkpt>
   <trkpt lat="68.915075" lon="16.452396"><ele>596.4</ele></trkpt>
   <trkpt lat="68.915080" lon="16.452403"><ele>596.6</ele></trkpt>
   <trkpt lat="68.915086" lon="16.452399"><ele>596.8</ele></trkpt>
   <trkpt lat="68.915138" lon="16.452437"><ele>597.6</ele></trkpt>
   <trkpt lat="68.915148" lon="16.452417"><ele>598.0</ele></trkpt>
   <trkpt lat="68.915180" lon="16.452451"><ele>599.4</ele></trkpt>
   <trkpt lat="68.915186" lon="16.452460"><ele>599.6</ele></trkpt>
   <trkpt lat="68.915196" lon="16.452497"><ele>600.6</ele></trkpt>
   <trkpt lat="68.915202" lon="16.452569"><ele>601.8</ele></trkpt>
   <trkpt lat="68.915203" lon="16.452582"><ele>602.0</ele></trkpt>
   <trkpt lat="68.915213" lon="16.452595"><ele>602.6</ele></trkpt>
   <trkpt lat="68.915214" lon="16.452600"><ele>602.8</ele></trkpt>
   <trkpt lat="68.915229" lon="16.452610"><ele>603.8</ele></trkpt>
   <trkpt lat="68.915232" lon="16.452605"><ele>604.0</ele></trkpt>
   <trkpt lat="68.915266" lon="16.452574"><ele>605.4</ele></trkpt>
   <trkpt lat="68.915275" lon="16.452568"><ele>605.8</ele></trkpt>
   <trkpt lat="68.915302" lon="16.452525"><ele>606.4</ele></trkpt>
   <trkpt lat="68.915306" lon="16.452544"><ele>606.6</ele></trkpt>
   <trkpt lat="68.915308" lon="16.452595"><ele>607.4</ele></trkpt>
   <trkpt lat="68.915316" lon="16.452632"><ele>608.8</ele></trkpt>
   <trkpt lat="68.915328" lon="16.452668"><ele>609.8</ele></trkpt>
   <trkpt lat="68.915337" lon="16.452707"><ele>611.0</ele></trkpt>
   <trkpt lat="68.915342" lon="16.452715"><ele>611.2</ele></trkpt>
   <trkpt lat="68.915345" lon="16.452731"><ele>611.8</ele></trkpt>
   <trkpt lat="68.915351" lon="16.452740"><ele>612.2</ele></trkpt>
   <trkpt lat="68.915370" lon="16.452758"><ele>612.8</ele></trkpt>
   <trkpt lat="68.915373" lon="16.452764"><ele>613.0</ele></trkpt>
   <trkpt lat="68.915377" lon="16.452777"><ele>613.6</ele></trkpt>
   <trkpt lat="68.915383" lon="16.452794"><ele>613.8</ele></trkpt>
   <trkpt lat="68.915387" lon="16.452805"><ele>614.0</ele></trkpt>
   <trkpt lat="68.915392" lon="16.452813"><ele>614.0</ele></trkpt>
   <trkpt lat="68.915400" lon="16.452828"><ele>614.8</ele></trkpt>
   <trkpt lat="68.915412" lon="16.452847"><ele>615.8</ele></trkpt>
   <trkpt lat="68.915416" lon="16.452820"><ele>616.4</ele></trkpt>
   <trkpt lat="68.915424" lon="16.452808"><ele>617.2</ele></trkpt>
   <trkpt lat="68.915433" lon="16.452804"><ele>618.2</ele></trkpt>
   <trkpt lat="68.915420" lon="16.452813"><ele>617.2</ele></trkpt>
   <trkpt lat="68.915420" lon="16.452813"><ele>616.6</ele></trkpt>
   <trkpt lat="68.915420" lon="16.452813"><ele>617.0</ele></trkpt>
   <trkpt lat="68.915420" lon="16.452813"><ele>618.2</ele></trkpt>
   <trkpt lat="68.915421" lon="16.452813"><ele>618.8</ele></trkpt>
   <trkpt lat="68.915427" lon="16.452816"><ele>618.8</ele></trkpt>
   <trkpt lat="68.915432" lon="16.452837"><ele>618.6</ele></trkpt>
   <trkpt lat="68.915435" lon="16.452840"><ele>618.6</ele></trkpt>
   <trkpt lat="68.915435" lon="16.452841"><ele>618.6</ele></trkpt>
   <trkpt lat="68.915439" lon="16.452841"><ele>618.6</ele></trkpt>
   <trkpt lat="68.915443" lon="16.452841"><ele>618.4</ele></trkpt>
   <trkpt lat="68.915447" lon="16.452831"><ele>618.8</ele></trkpt>
   <trkpt lat="68.915480" lon="16.452795"><ele>618.6</ele></trkpt>
   <trkpt lat="68.915536" lon="16.452640"><ele>618.6</ele></trkpt>
   <trkpt lat="68.915585" lon="16.452481"><ele>619.2</ele></trkpt>
   <trkpt lat="68.915598" lon="16.452429"><ele>619.6</ele></trkpt>
   <trkpt lat="68.915610" lon="16.452328"><ele>619.8</ele></trkpt>
   <trkpt lat="68.915608" lon="16.452291"><ele>619.6</ele></trkpt>
   <trkpt lat="68.915622" lon="16.452213"><ele>619.0</ele></trkpt>
   <trkpt lat="68.915642" lon="16.452190"><ele>619.0</ele></trkpt>
   <trkpt lat="68.915689" lon="16.452121"><ele>618.8</ele></trkpt>
   <trkpt lat="68.915714" lon="16.452087"><ele>618.8</ele></trkpt>
   <trkpt lat="68.915739" lon="16.452048"><ele>619.0</ele></trkpt>
   <trkpt lat="68.915761" lon="16.451995"><ele>619.6</ele></trkpt>
   <trkpt lat="68.915791" lon="16.451955"><ele>620.2</ele></trkpt>
   <trkpt lat="68.915820" lon="16.451840"><ele>620.8</ele></trkpt>
   <trkpt lat="68.915837" lon="16.451787"><ele>621.2</ele></trkpt>
   <trkpt lat="68.915844" lon="16.451768"><ele>621.4</ele></trkpt>
   <trkpt lat="68.915861" lon="16.451722"><ele>621.8</ele></trkpt>
   <trkpt lat="68.915876" lon="16.451675"><ele>622.4</ele></trkpt>
   <trkpt lat="68.915889" lon="16.451585"><ele>623.2</ele></trkpt>
   <trkpt lat="68.915892" lon="16.451579"><ele>623.4</ele></trkpt>
   <trkpt lat="68.915901" lon="16.451581"><ele>624.0</ele></trkpt>
   <trkpt lat="68.915899" lon="16.451582"><ele>624.0</ele></trkpt>
   <trkpt lat="68.915899" lon="16.451582"><ele>624.4</ele></trkpt>
   <trkpt lat="68.915899" lon="16.451582"><ele>624.6</ele></trkpt>
   <trkpt lat="68.915899" lon="16.451582"><ele>624.8</ele></trkpt>
   <trkpt lat="68.915898" lon="16.451582"><ele>624.8</ele></trkpt>
   <trkpt lat="68.915897" lon="16.451585"><ele>624.0</ele></trkpt>
   <trkpt lat="68.915897" lon="16.451589"><ele>624.0</ele></trkpt>
   <trkpt lat="68.915896" lon="16.451591"><ele>624.6</ele></trkpt>
   <trkpt lat="68.915895" lon="16.451591"><ele>624.4</ele></trkpt>
   <trkpt lat="68.915895" lon="16.451592"><ele>624.0</ele></trkpt>
   <trkpt lat="68.915894" lon="16.451593"><ele>624.6</ele></trkpt>
   <trkpt lat="68.915894" lon="16.451594"><ele>624.6</ele></trkpt>
   <trkpt lat="68.915894" lon="16.451596"><ele>624.0</ele></trkpt>
   <trkpt lat="68.915895" lon="16.451601"><ele>623.6</ele></trkpt>
   <trkpt lat="68.915895" lon="16.451603"><ele>623.6</ele></trkpt>
   <trkpt lat="68.915893" lon="16.451605"><ele>623.8</ele></trkpt>
   <trkpt lat="68.915892" lon="16.451610"><ele>624.0</ele></trkpt>
   <trkpt lat="68.915892" lon="16.451610"><ele>624.0</ele></trkpt>
   <trkpt lat="68.915892" lon="16.451613"><ele>624.0</ele></trkpt>
   <trkpt lat="68.915893" lon="16.451605"><ele>624.4</ele></trkpt>
   <trkpt lat="68.915884" lon="16.451476"><ele>625.4</ele></trkpt>
   <trkpt lat="68.915892" lon="16.451436"><ele>625.4</ele></trkpt>
   <trkpt lat="68.915894" lon="16.451439"><ele>625.4</ele></trkpt>
   <trkpt lat="68.915895" lon="16.451441"><ele>625.6</ele></trkpt>
   <trkpt lat="68.915892" lon="16.451438"><ele>626.6</ele></trkpt>
   <trkpt lat="68.915892" lon="16.451438"><ele>626.0</ele></trkpt>
   <trkpt lat="68.915892" lon="16.451438"><ele>625.6</ele></trkpt>
   <trkpt lat="68.915895" lon="16.451432"><ele>625.8</ele></trkpt>
   <trkpt lat="68.915922" lon="16.451351"><ele>626.2</ele></trkpt>
   <trkpt lat="68.915950" lon="16.451277"><ele>626.8</ele></trkpt>
   <trkpt lat="68.915983" lon="16.451233"><ele>627.6</ele></trkpt>
   <trkpt lat="68.915988" lon="16.451227"><ele>628.0</ele></trkpt>
   <trkpt lat="68.916016" lon="16.451210"><ele>629.2</ele></trkpt>
   <trkpt lat="68.916028" lon="16.451188"><ele>630.0</ele></trkpt>
   <trkpt lat="68.916027" lon="16.451179"><ele>630.6</ele></trkpt>
   <trkpt lat="68.916035" lon="16.451137"><ele>631.6</ele></trkpt>
   <trkpt lat="68.916054" lon="16.451076"><ele>632.8</ele></trkpt>
   <trkpt lat="68.916073" lon="16.451063"><ele>633.0</ele></trkpt>
   <trkpt lat="68.916085" lon="16.451045"><ele>633.8</ele></trkpt>
   <trkpt lat="68.916091" lon="16.451045"><ele>634.2</ele></trkpt>
   <trkpt lat="68.916131" lon="16.451056"><ele>634.6</ele></trkpt>
   <trkpt lat="68.916168" lon="16.451093"><ele>635.2</ele></trkpt>
   <trkpt lat="68.916167" lon="16.451089"><ele>635.6</ele></trkpt>
   <trkpt lat="68.916182" lon="16.451109"><ele>636.2</ele></trkpt>
   <trkpt lat="68.916185" lon="16.451114"><ele>636.4</ele></trkpt>
   <trkpt lat="68.916202" lon="16.451135"><ele>636.6</ele></trkpt>
   <trkpt lat="68.916235" lon="16.451173"><ele>637.4</ele></trkpt>
   <trkpt lat="68.916242" lon="16.451180"><ele>637.6</ele></trkpt>
   <trkpt lat="68.916291" lon="16.451213"><ele>637.8</ele></trkpt>
   <trkpt lat="68.916297" lon="16.451220"><ele>638.0</ele></trkpt>
   <trkpt lat="68.916321" lon="16.451243"><ele>638.2</ele></trkpt>
   <trkpt lat="68.916327" lon="16.451238"><ele>638.6</ele></trkpt>
   <trkpt lat="68.916347" lon="16.451254"><ele>639.4</ele></trkpt>
   <trkpt lat="68.916359" lon="16.451235"><ele>639.6</ele></trkpt>
   <trkpt lat="68.916368" lon="16.451232"><ele>639.8</ele></trkpt>
   <trkpt lat="68.916394" lon="16.451236"><ele>640.8</ele></trkpt>
   <trkpt lat="68.916419" lon="16.451226"><ele>641.4</ele></trkpt>
   <trkpt lat="68.916428" lon="16.451206"><ele>641.8</ele></trkpt>
   <trkpt lat="68.916479" lon="16.451180"><ele>642.6</ele></trkpt>
   <trkpt lat="68.916482" lon="16.451189"><ele>642.8</ele></trkpt>
   <trkpt lat="68.916500" lon="16.451210"><ele>644.0</ele></trkpt>
   <trkpt lat="68.916512" lon="16.451227"><ele>644.6</ele></trkpt>
   <trkpt lat="68.916523" lon="16.451170"><ele>645.2</ele></trkpt>
   <trkpt lat="68.916542" lon="16.451137"><ele>646.2</ele></trkpt>
   <trkpt lat="68.916569" lon="16.451119"><ele>647.4</ele></trkpt>
   <trkpt lat="68.916572" lon="16.451126"><ele>647.8</ele></trkpt>
   <trkpt lat="68.916581" lon="16.451166"><ele>648.4</ele></trkpt>
   <trkpt lat="68.916601" lon="16.451134"><ele>649.0</ele></trkpt>
   <trkpt lat="68.916611" lon="16.451072"><ele>649.6</ele></trkpt>
   <trkpt lat="68.916620" lon="16.451051"><ele>650.0</ele></trkpt>
   <trkpt lat="68.916633" lon="16.451023"><ele>650.6</ele></trkpt>
   <trkpt lat="68.916633" lon="16.451018"><ele>650.8</ele></trkpt>
   <trkpt lat="68.916626" lon="16.450961"><ele>651.6</ele></trkpt>
   <trkpt lat="68.916626" lon="16.450942"><ele>651.8</ele></trkpt>
   <trkpt lat="68.916638" lon="16.450900"><ele>653.0</ele></trkpt>
   <trkpt lat="68.916642" lon="16.450893"><ele>653.2</ele></trkpt>
   <trkpt lat="68.916662" lon="16.450887"><ele>654.2</ele></trkpt>
   <trkpt lat="68.916671" lon="16.450860"><ele>655.2</ele></trkpt>
   <trkpt lat="68.916678" lon="16.450846"><ele>656.0</ele></trkpt>
   <trkpt lat="68.916682" lon="16.450832"><ele>656.6</ele></trkpt>
   <trkpt lat="68.916711" lon="16.450822"><ele>657.8</ele></trkpt>
   <trkpt lat="68.916728" lon="16.450802"><ele>658.4</ele></trkpt>
   <trkpt lat="68.916726" lon="16.450791"><ele>659.0</ele></trkpt>
   <trkpt lat="68.916731" lon="16.450786"><ele>659.2</ele></trkpt>
   <trkpt lat="68.916730" lon="16.450794"><ele>659.2</ele></trkpt>
   <trkpt lat="68.916730" lon="16.450794"><ele>659.6</ele></trkpt>
   <trkpt lat="68.916730" lon="16.450794"><ele>659.8</ele></trkpt>
   <trkpt lat="68.916730" lon="16.450794"><ele>660.0</ele></trkpt>
   <trkpt lat="68.916731" lon="16.450790"><ele>660.2</ele></trkpt>
   <trkpt lat="68.916748" lon="16.450752"><ele>660.2</ele></trkpt>
   <trkpt lat="68.916748" lon="16.450752"><ele>660.0</ele></trkpt>
   <trkpt lat="68.916748" lon="16.450752"><ele>660.2</ele></trkpt>
   <trkpt lat="68.916748" lon="16.450757"><ele>660.0</ele></trkpt>
   <trkpt lat="68.916748" lon="16.450759"><ele>660.2</ele></trkpt>
   <trkpt lat="68.916748" lon="16.450759"><ele>660.4</ele></trkpt>
   <trkpt lat="68.916748" lon="16.450759"><ele>660.6</ele></trkpt>
   <trkpt lat="68.916749" lon="16.450758"><ele>661.2</ele></trkpt>
   <trkpt lat="68.916751" lon="16.450750"><ele>661.4</ele></trkpt>
   <trkpt lat="68.916752" lon="16.450731"><ele>661.4</ele></trkpt>
   <trkpt lat="68.916752" lon="16.450728"><ele>661.6</ele></trkpt>
   <trkpt lat="68.916753" lon="16.450728"><ele>661.6</ele></trkpt>
   <trkpt lat="68.916754" lon="16.450728"><ele>661.4</ele></trkpt>
   <trkpt lat="68.916752" lon="16.450728"><ele>661.6</ele></trkpt>
   <trkpt lat="68.916751" lon="16.450728"><ele>661.6</ele></trkpt>
   <trkpt lat="68.916749" lon="16.450728"><ele>661.4</ele></trkpt>
   <trkpt lat="68.916748" lon="16.450730"><ele>661.4</ele></trkpt>
   <trkpt lat="68.916742" lon="16.450740"><ele>661.8</ele></trkpt>
   <trkpt lat="68.916738" lon="16.450744"><ele>661.8</ele></trkpt>
   <trkpt lat="68.916738" lon="16.450744"><ele>662.0</ele></trkpt>
   <trkpt lat="68.916738" lon="16.450743"><ele>662.0</ele></trkpt>
   <trkpt lat="68.916738" lon="16.450742"><ele>662.4</ele></trkpt>
   <trkpt lat="68.916739" lon="16.450741"><ele>663.4</ele></trkpt>
   <trkpt lat="68.916740" lon="16.450741"><ele>664.4</ele></trkpt>
   <trkpt lat="68.916784" lon="16.450675"><ele>665.6</ele></trkpt>
   <trkpt lat="68.916818" lon="16.450631"><ele>666.2</ele></trkpt>
   <trkpt lat="68.916833" lon="16.450607"><ele>666.6</ele></trkpt>
   <trkpt lat="68.916874" lon="16.450541"><ele>668.0</ele></trkpt>
   <trkpt lat="68.916886" lon="16.450497"><ele>669.4</ele></trkpt>
   <trkpt lat="68.916909" lon="16.450470"><ele>670.2</ele></trkpt>
   <trkpt lat="68.916912" lon="16.450467"><ele>670.4</ele></trkpt>
   <trkpt lat="68.916923" lon="16.450446"><ele>671.0</ele></trkpt>
   <trkpt lat="68.916934" lon="16.450436"><ele>671.6</ele></trkpt>
   <trkpt lat="68.916952" lon="16.450405"><ele>672.2</ele></trkpt>
   <trkpt lat="68.916962" lon="16.450394"><ele>672.6</ele></trkpt>
   <trkpt lat="68.916987" lon="16.450378"><ele>673.8</ele></trkpt>
   <trkpt lat="68.917005" lon="16.450349"><ele>674.8</ele></trkpt>
   <trkpt lat="68.917014" lon="16.450314"><ele>675.6</ele></trkpt>
   <trkpt lat="68.917019" lon="16.450300"><ele>675.8</ele></trkpt>
   <trkpt lat="68.917043" lon="16.450253"><ele>676.4</ele></trkpt>
   <trkpt lat="68.917051" lon="16.450240"><ele>676.8</ele></trkpt>
   <trkpt lat="68.917051" lon="16.450227"><ele>677.0</ele></trkpt>
   <trkpt lat="68.917056" lon="16.450214"><ele>677.4</ele></trkpt>
   <trkpt lat="68.917067" lon="16.450174"><ele>678.4</ele></trkpt>
   <trkpt lat="68.917070" lon="16.450169"><ele>679.4</ele></trkpt>
   <trkpt lat="68.917103" lon="16.450079"><ele>680.2</ele></trkpt>
   <trkpt lat="68.917120" lon="16.450055"><ele>680.8</ele></trkpt>
   <trkpt lat="68.917132" lon="16.450003"><ele>681.8</ele></trkpt>
   <trkpt lat="68.917137" lon="16.450002"><ele>682.8</ele></trkpt>
   <trkpt lat="68.917138" lon="16.449987"><ele>683.0</ele></trkpt>
   <trkpt lat="68.917148" lon="16.449940"><ele>684.0</ele></trkpt>
   <trkpt lat="68.917150" lon="16.449935"><ele>684.8</ele></trkpt>
   <trkpt lat="68.917144" lon="16.449895"><ele>685.0</ele></trkpt>
   <trkpt lat="68.917154" lon="16.449873"><ele>685.2</ele></trkpt>
   <trkpt lat="68.917178" lon="16.449832"><ele>686.4</ele></trkpt>
   <trkpt lat="68.917180" lon="16.449821"><ele>686.6</ele></trkpt>
   <trkpt lat="68.917197" lon="16.449788"><ele>687.6</ele></trkpt>
   <trkpt lat="68.917206" lon="16.449781"><ele>687.8</ele></trkpt>
   <trkpt lat="68.917212" lon="16.449762"><ele>688.6</ele></trkpt>
   <trkpt lat="68.917219" lon="16.449771"><ele>689.4</ele></trkpt>
   <trkpt lat="68.917214" lon="16.449772"><ele>689.6</ele></trkpt>
   <trkpt lat="68.917222" lon="16.449744"><ele>689.8</ele></trkpt>
   <trkpt lat="68.917254" lon="16.449714"><ele>691.0</ele></trkpt>
   <trkpt lat="68.917267" lon="16.449666"><ele>692.0</ele></trkpt>
   <trkpt lat="68.917269" lon="16.449649"><ele>692.4</ele></trkpt>
   <trkpt lat="68.917283" lon="16.449620"><ele>693.0</ele></trkpt>
   <trkpt lat="68.917289" lon="16.449606"><ele>693.4</ele></trkpt>
   <trkpt lat="68.917293" lon="16.449595"><ele>693.6</ele></trkpt>
   <trkpt lat="68.917307" lon="16.449573"><ele>694.6</ele></trkpt>
   <trkpt lat="68.917308" lon="16.449569"><ele>694.8</ele></trkpt>
   <trkpt lat="68.917318" lon="16.449543"><ele>695.6</ele></trkpt>
   <trkpt lat="68.917322" lon="16.449517"><ele>696.0</ele></trkpt>
   <trkpt lat="68.917321" lon="16.449498"><ele>696.8</ele></trkpt>
   <trkpt lat="68.917328" lon="16.449448"><ele>697.8</ele></trkpt>
   <trkpt lat="68.917331" lon="16.449424"><ele>698.4</ele></trkpt>
   <trkpt lat="68.917347" lon="16.449388"><ele>698.8</ele></trkpt>
   <trkpt lat="68.917351" lon="16.449384"><ele>699.2</ele></trkpt>
   <trkpt lat="68.917360" lon="16.449346"><ele>700.0</ele></trkpt>
   <trkpt lat="68.917364" lon="16.449346"><ele>700.2</ele></trkpt>
   <trkpt lat="68.917372" lon="16.449340"><ele>700.4</ele></trkpt>
   <trkpt lat="68.917380" lon="16.449314"><ele>701.0</ele></trkpt>
   <trkpt lat="68.917382" lon="16.449311"><ele>701.2</ele></trkpt>
   <trkpt lat="68.917408" lon="16.449303"><ele>702.0</ele></trkpt>
   <trkpt lat="68.917416" lon="16.449300"><ele>702.2</ele></trkpt>
   <trkpt lat="68.917421" lon="16.449293"><ele>703.0</ele></trkpt>
   <trkpt lat="68.917419" lon="16.449276"><ele>703.0</ele></trkpt>
   <trkpt lat="68.917421" lon="16.449279"><ele>703.0</ele></trkpt>
   <trkpt lat="68.917421" lon="16.449279"><ele>702.8</ele></trkpt>
   <trkpt lat="68.917421" lon="16.449279"><ele>703.0</ele></trkpt>
   <trkpt lat="68.917421" lon="16.449279"><ele>703.0</ele></trkpt>
   <trkpt lat="68.917419" lon="16.449275"><ele>702.6</ele></trkpt>
   <trkpt lat="68.917418" lon="16.449267"><ele>702.8</ele></trkpt>
   <trkpt lat="68.917418" lon="16.449249"><ele>702.6</ele></trkpt>
   <trkpt lat="68.917416" lon="16.449249"><ele>702.0</ele></trkpt>
   <trkpt lat="68.917416" lon="16.449249"><ele>701.8</ele></trkpt>
   <trkpt lat="68.917416" lon="16.449266"><ele>701.8</ele></trkpt>
   <trkpt lat="68.917409" lon="16.449304"><ele>702.0</ele></trkpt>
   <trkpt lat="68.917407" lon="16.449324"><ele>701.8</ele></trkpt>
   <trkpt lat="68.917403" lon="16.449327"><ele>701.2</ele></trkpt>
   <trkpt lat="68.917401" lon="16.449332"><ele>701.2</ele></trkpt>
   <trkpt lat="68.917400" lon="16.449335"><ele>701.0</ele></trkpt>
   <trkpt lat="68.917400" lon="16.449335"><ele>701.2</ele></trkpt>
   <trkpt lat="68.917400" lon="16.449336"><ele>701.6</ele></trkpt>
   <trkpt lat="68.917400" lon="16.449336"><ele>701.6</ele></trkpt>
   <trkpt lat="68.917400" lon="16.449345"><ele>702.0</ele></trkpt>
   <trkpt lat="68.917401" lon="16.449347"><ele>702.0</ele></trkpt>
   <trkpt lat="68.917401" lon="16.449347"><ele>701.8</ele></trkpt>
   <trkpt lat="68.917402" lon="16.449347"><ele>701.8</ele></trkpt>
   <trkpt lat="68.917404" lon="16.449344"><ele>701.6</ele></trkpt>
   <trkpt lat="68.917406" lon="16.449341"><ele>701.4</ele></trkpt>
   <trkpt lat="68.917408" lon="16.449335"><ele>701.2</ele></trkpt>
   <trkpt lat="68.917409" lon="16.449333"><ele>701.2</ele></trkpt>
   <trkpt lat="68.917409" lon="16.449331"><ele>701.2</ele></trkpt>
   <trkpt lat="68.917409" lon="16.449331"><ele>701.2</ele></trkpt>
   <trkpt lat="68.917410" lon="16.449330"><ele>701.4</ele></trkpt>
   <trkpt lat="68.917411" lon="16.449326"><ele>702.2</ele></trkpt>
   <trkpt lat="68.917411" lon="16.449325"><ele>702.4</ele></trkpt>
   <trkpt lat="68.917414" lon="16.449309"><ele>703.4</ele></trkpt>
   <trkpt lat="68.917415" lon="16.449301"><ele>703.4</ele></trkpt>
   <trkpt lat="68.917416" lon="16.449292"><ele>703.6</ele></trkpt>
   <trkpt lat="68.917428" lon="16.449228"><ele>703.8</ele></trkpt>
   <trkpt lat="68.917448" lon="16.449175"><ele>703.6</ele></trkpt>
   <trkpt lat="68.917476" lon="16.449131"><ele>703.8</ele></trkpt>
   <trkpt lat="68.917485" lon="16.449121"><ele>704.2</ele></trkpt>
   <trkpt lat="68.917492" lon="16.449112"><ele>704.6</ele></trkpt>
   <trkpt lat="68.917492" lon="16.449108"><ele>704.6</ele></trkpt>
   <trkpt lat="68.917500" lon="16.449098"><ele>704.6</ele></trkpt>
   <trkpt lat="68.917500" lon="16.449097"><ele>704.4</ele></trkpt>
   <trkpt lat="68.917502" lon="16.449090"><ele>704.8</ele></trkpt>
   <trkpt lat="68.917503" lon="16.449089"><ele>705.6</ele></trkpt>
   <trkpt lat="68.917510" lon="16.449069"><ele>706.2</ele></trkpt>
   <trkpt lat="68.917517" lon="16.449059"><ele>706.8</ele></trkpt>
   <trkpt lat="68.917523" lon="16.449057"><ele>707.0</ele></trkpt>
   <trkpt lat="68.917533" lon="16.449054"><ele>707.0</ele></trkpt>
   <trkpt lat="68.917534" lon="16.449047"><ele>707.8</ele></trkpt>
   <trkpt lat="68.917583" lon="16.449013"><ele>708.8</ele></trkpt>
   <trkpt lat="68.917595" lon="16.449003"><ele>709.2</ele></trkpt>
   <trkpt lat="68.917628" lon="16.448972"><ele>709.8</ele></trkpt>
   <trkpt lat="68.917652" lon="16.448959"><ele>710.2</ele></trkpt>
   <trkpt lat="68.917657" lon="16.448947"><ele>711.0</ele></trkpt>
   <trkpt lat="68.917654" lon="16.448955"><ele>711.2</ele></trkpt>
   <trkpt lat="68.917656" lon="16.448953"><ele>711.4</ele></trkpt>
   <trkpt lat="68.917659" lon="16.448938"><ele>711.6</ele></trkpt>
   <trkpt lat="68.917667" lon="16.448940"><ele>711.8</ele></trkpt>
   <trkpt lat="68.917674" lon="16.448924"><ele>712.0</ele></trkpt>
   <trkpt lat="68.917682" lon="16.448914"><ele>712.6</ele></trkpt>
   <trkpt lat="68.917686" lon="16.448918"><ele>713.4</ele></trkpt>
   <trkpt lat="68.917686" lon="16.448919"><ele>713.8</ele></trkpt>
   <trkpt lat="68.917688" lon="16.448919"><ele>714.0</ele></trkpt>
   <trkpt lat="68.917718" lon="16.448897"><ele>714.8</ele></trkpt>
   <trkpt lat="68.917729" lon="16.448879"><ele>715.4</ele></trkpt>
   <trkpt lat="68.917732" lon="16.448879"><ele>715.6</ele></trkpt>
   <trkpt lat="68.917739" lon="16.448901"><ele>715.8</ele></trkpt>
   <trkpt lat="68.917741" lon="16.448900"><ele>716.0</ele></trkpt>
   <trkpt lat="68.917741" lon="16.448900"><ele>716.4</ele></trkpt>
   <trkpt lat="68.917741" lon="16.448900"><ele>717.0</ele></trkpt>
   <trkpt lat="68.917741" lon="16.448901"><ele>718.0</ele></trkpt>
   <trkpt lat="68.917741" lon="16.448905"><ele>719.2</ele></trkpt>
   <trkpt lat="68.917741" lon="16.448912"><ele>720.2</ele></trkpt>
   <trkpt lat="68.917749" lon="16.448914"><ele>721.4</ele></trkpt>
   <trkpt lat="68.917756" lon="16.448917"><ele>722.4</ele></trkpt>
   <trkpt lat="68.917757" lon="16.448917"><ele>722.6</ele></trkpt>
   <trkpt lat="68.917783" lon="16.448951"><ele>723.8</ele></trkpt>
   <trkpt lat="68.917810" lon="16.449006"><ele>724.6</ele></trkpt>
   <trkpt lat="68.917825" lon="16.449012"><ele>724.8</ele></trkpt>
   <trkpt lat="68.917862" lon="16.449046"><ele>725.8</ele></trkpt>
   <trkpt lat="68.917863" lon="16.449046"><ele>726.2</ele></trkpt>
   <trkpt lat="68.917865" lon="16.449030"><ele>726.4</ele></trkpt>
   <trkpt lat="68.917885" lon="16.449007"><ele>727.0</ele></trkpt>
   <trkpt lat="68.917915" lon="16.449005"><ele>727.6</ele></trkpt>
   <trkpt lat="68.917919" lon="16.449011"><ele>728.2</ele></trkpt>
   <trkpt lat="68.917920" lon="16.448997"><ele>729.2</ele></trkpt>
   <trkpt lat="68.917915" lon="16.448986"><ele>729.4</ele></trkpt>
   <trkpt lat="68.917919" lon="16.448989"><ele>730.0</ele></trkpt>
   <trkpt lat="68.917919" lon="16.448986"><ele>730.2</ele></trkpt>
   <trkpt lat="68.917953" lon="16.448969"><ele>731.2</ele></trkpt>
   <trkpt lat="68.917957" lon="16.448959"><ele>731.4</ele></trkpt>
   <trkpt lat="68.917967" lon="16.448950"><ele>732.0</ele></trkpt>
   <trkpt lat="68.917968" lon="16.448952"><ele>732.2</ele></trkpt>
   <trkpt lat="68.917970" lon="16.448953"><ele>732.6</ele></trkpt>
   <trkpt lat="68.917984" lon="16.448950"><ele>732.8</ele></trkpt>
   <trkpt lat="68.918010" lon="16.448930"><ele>733.2</ele></trkpt>
   <trkpt lat="68.918019" lon="16.448923"><ele>733.8</ele></trkpt>
   <trkpt lat="68.918036" lon="16.448894"><ele>735.2</ele></trkpt>
   <trkpt lat="68.918050" lon="16.448877"><ele>736.0</ele></trkpt>
   <trkpt lat="68.918059" lon="16.448871"><ele>736.2</ele></trkpt>
   <trkpt lat="68.918090" lon="16.448839"><ele>737.4</ele></trkpt>
   <trkpt lat="68.918099" lon="16.448852"><ele>738.2</ele></trkpt>
   <trkpt lat="68.918100" lon="16.448853"><ele>738.4</ele></trkpt>
   <trkpt lat="68.918098" lon="16.448826"><ele>739.0</ele></trkpt>
   <trkpt lat="68.918110" lon="16.448805"><ele>739.2</ele></trkpt>
   <trkpt lat="68.918121" lon="16.448800"><ele>739.6</ele></trkpt>
   <trkpt lat="68.918134" lon="16.448748"><ele>740.2</ele></trkpt>
   <trkpt lat="68.918137" lon="16.448741"><ele>740.6</ele></trkpt>
   <trkpt lat="68.918152" lon="16.448700"><ele>742.0</ele></trkpt>
   <trkpt lat="68.918155" lon="16.448709"><ele>742.4</ele></trkpt>
   <trkpt lat="68.918156" lon="16.448722"><ele>742.4</ele></trkpt>
   <trkpt lat="68.918156" lon="16.448722"><ele>742.4</ele></trkpt>
   <trkpt lat="68.918156" lon="16.448722"><ele>743.2</ele></trkpt>
   <trkpt lat="68.918157" lon="16.448672"><ele>744.2</ele></trkpt>
   <trkpt lat="68.918184" lon="16.448584"><ele>744.6</ele></trkpt>
   <trkpt lat="68.918198" lon="16.448493"><ele>745.4</ele></trkpt>
   <trkpt lat="68.918203" lon="16.448466"><ele>746.0</ele></trkpt>
   <trkpt lat="68.918202" lon="16.448437"><ele>746.0</ele></trkpt>
   <trkpt lat="68.918202" lon="16.448400"><ele>746.2</ele></trkpt>
   <trkpt lat="68.918201" lon="16.448383"><ele>746.2</ele></trkpt>
   <trkpt lat="68.918222" lon="16.448336"><ele>746.4</ele></trkpt>
   <trkpt lat="68.918235" lon="16.448341"><ele>746.4</ele></trkpt>
   <trkpt lat="68.918243" lon="16.448340"><ele>746.8</ele></trkpt>
   <trkpt lat="68.918271" lon="16.448324"><ele>747.4</ele></trkpt>
   <trkpt lat="68.918275" lon="16.448330"><ele>748.0</ele></trkpt>
   <trkpt lat="68.918276" lon="16.448322"><ele>748.2</ele></trkpt>
   <trkpt lat="68.918253" lon="16.448246"><ele>748.2</ele></trkpt>
   <trkpt lat="68.918253" lon="16.448222"><ele>748.0</ele></trkpt>
   <trkpt lat="68.918247" lon="16.448180"><ele>748.2</ele></trkpt>
   <trkpt lat="68.918240" lon="16.448105"><ele>749.0</ele></trkpt>
   <trkpt lat="68.918237" lon="16.448088"><ele>749.0</ele></trkpt>
   <trkpt lat="68.918233" lon="16.448079"><ele>749.8</ele></trkpt>
   <trkpt lat="68.918238" lon="16.448081"><ele>750.0</ele></trkpt>
   <trkpt lat="68.918231" lon="16.448052"><ele>749.8</ele></trkpt>
   <trkpt lat="68.918225" lon="16.448018"><ele>749.8</ele></trkpt>
   <trkpt lat="68.918223" lon="16.447953"><ele>749.8</ele></trkpt>
   <trkpt lat="68.918222" lon="16.447928"><ele>749.8</ele></trkpt>
   <trkpt lat="68.918221" lon="16.447883"><ele>750.0</ele></trkpt>
   <trkpt lat="68.918230" lon="16.447818"><ele>750.4</ele></trkpt>
   <trkpt lat="68.918228" lon="16.447798"><ele>750.8</ele></trkpt>
   <trkpt lat="68.918225" lon="16.447804"><ele>750.8</ele></trkpt>
   <trkpt lat="68.918233" lon="16.447802"><ele>751.0</ele></trkpt>
   <trkpt lat="68.918247" lon="16.447777"><ele>751.2</ele></trkpt>
   <trkpt lat="68.918281" lon="16.447679"><ele>752.4</ele></trkpt>
   <trkpt lat="68.918283" lon="16.447669"><ele>752.8</ele></trkpt>
   <trkpt lat="68.918290" lon="16.447646"><ele>753.0</ele></trkpt>
   <trkpt lat="68.918293" lon="16.447611"><ele>753.4</ele></trkpt>
   <trkpt lat="68.918293" lon="16.447608"><ele>753.4</ele></trkpt>
   <trkpt lat="68.918296" lon="16.447622"><ele>753.6</ele></trkpt>
   <trkpt lat="68.918313" lon="16.447582"><ele>754.4</ele></trkpt>
   <trkpt lat="68.918320" lon="16.447541"><ele>754.8</ele></trkpt>
   <trkpt lat="68.918321" lon="16.447533"><ele>754.8</ele></trkpt>
   <trkpt lat="68.918332" lon="16.447488"><ele>755.2</ele></trkpt>
   <trkpt lat="68.918340" lon="16.447471"><ele>755.4</ele></trkpt>
   <trkpt lat="68.918335" lon="16.447444"><ele>755.6</ele></trkpt>
   <trkpt lat="68.918342" lon="16.447407"><ele>755.2</ele></trkpt>
   <trkpt lat="68.918350" lon="16.447399"><ele>755.2</ele></trkpt>
   <trkpt lat="68.918351" lon="16.447399"><ele>755.4</ele></trkpt>
   <trkpt lat="68.918351" lon="16.447399"><ele>755.4</ele></trkpt>
   <trkpt lat="68.918351" lon="16.447399"><ele>755.4</ele></trkpt>
   <trkpt lat="68.918351" lon="16.447399"><ele>755.0</ele></trkpt>
   <trkpt lat="68.918348" lon="16.447399"><ele>754.8</ele></trkpt>
   <trkpt lat="68.918347" lon="16.447395"><ele>754.6</ele></trkpt>
   <trkpt lat="68.918350" lon="16.447300"><ele>754.4</ele></trkpt>
   <trkpt lat="68.918355" lon="16.447209"><ele>755.2</ele></trkpt>
   <trkpt lat="68.918369" lon="16.447065"><ele>756.4</ele></trkpt>
   <trkpt lat="68.918376" lon="16.447006"><ele>756.6</ele></trkpt>
   <trkpt lat="68.918385" lon="16.446947"><ele>756.6</ele></trkpt>
   <trkpt lat="68.918383" lon="16.446899"><ele>756.8</ele></trkpt>
   <trkpt lat="68.918381" lon="16.446874"><ele>757.2</ele></trkpt>
   <trkpt lat="68.918384" lon="16.446857"><ele>757.4</ele></trkpt>
   <trkpt lat="68.918383" lon="16.446852"><ele>757.6</ele></trkpt>
   <trkpt lat="68.918389" lon="16.446853"><ele>758.4</ele></trkpt>
   <trkpt lat="68.918389" lon="16.446851"><ele>758.4</ele></trkpt>
   <trkpt lat="68.918382" lon="16.446844"><ele>758.2</ele></trkpt>
   <trkpt lat="68.918382" lon="16.446826"><ele>758.0</ele></trkpt>
   <trkpt lat="68.918394" lon="16.446741"><ele>758.0</ele></trkpt>
   <trkpt lat="68.918398" lon="16.446674"><ele>758.8</ele></trkpt>
   <trkpt lat="68.918413" lon="16.446587"><ele>759.8</ele></trkpt>
   <trkpt lat="68.918416" lon="16.446567"><ele>760.8</ele></trkpt>
   <trkpt lat="68.918414" lon="16.446556"><ele>760.8</ele></trkpt>
   <trkpt lat="68.918412" lon="16.446571"><ele>761.2</ele></trkpt>
   <trkpt lat="68.918412" lon="16.446572"><ele>761.8</ele></trkpt>
   <trkpt lat="68.918410" lon="16.446564"><ele>762.2</ele></trkpt>
   <trkpt lat="68.918427" lon="16.446467"><ele>762.6</ele></trkpt>
   <trkpt lat="68.918448" lon="16.446354"><ele>763.0</ele></trkpt>
   <trkpt lat="68.918451" lon="16.446336"><ele>763.2</ele></trkpt>
   <trkpt lat="68.918453" lon="16.446313"><ele>764.4</ele></trkpt>
   <trkpt lat="68.918455" lon="16.446291"><ele>765.2</ele></trkpt>
   <trkpt lat="68.918455" lon="16.446276"><ele>765.4</ele></trkpt>
   <trkpt lat="68.918460" lon="16.446281"><ele>765.8</ele></trkpt>
   <trkpt lat="68.918462" lon="16.446285"><ele>765.8</ele></trkpt>
   <trkpt lat="68.918462" lon="16.446285"><ele>765.8</ele></trkpt>
   <trkpt lat="68.918462" lon="16.446285"><ele>765.6</ele></trkpt>
   <trkpt lat="68.918462" lon="16.446285"><ele>765.6</ele></trkpt>
   <trkpt lat="68.918462" lon="16.446282"><ele>766.6</ele></trkpt>
   <trkpt lat="68.918463" lon="16.446276"><ele>767.2</ele></trkpt>
   <trkpt lat="68.918464" lon="16.446274"><ele>767.8</ele></trkpt>
   <trkpt lat="68.918471" lon="16.446202"><ele>768.6</ele></trkpt>
   <trkpt lat="68.918471" lon="16.446162"><ele>768.6</ele></trkpt>
   <trkpt lat="68.918474" lon="16.446098"><ele>768.8</ele></trkpt>
   <trkpt lat="68.918479" lon="16.446097"><ele>768.8</ele></trkpt>
   <trkpt lat="68.918480" lon="16.446095"><ele>768.8</ele></trkpt>
   <trkpt lat="68.918481" lon="16.446095"><ele>769.2</ele></trkpt>
   <trkpt lat="68.918481" lon="16.446095"><ele>769.4</ele></trkpt>
   <trkpt lat="68.918485" lon="16.446095"><ele>769.0</ele></trkpt>
   <trkpt lat="68.918498" lon="16.446099"><ele>769.0</ele></trkpt>
   <trkpt lat="68.918499" lon="16.446104"><ele>769.6</ele></trkpt>
   <trkpt lat="68.918500" lon="16.446118"><ele>769.2</ele></trkpt>
   <trkpt lat="68.918506" lon="16.446121"><ele>769.0</ele></trkpt>
   <trkpt lat="68.918510" lon="16.446122"><ele>769.4</ele></trkpt>
   <trkpt lat="68.918510" lon="16.446122"><ele>769.0</ele></trkpt>
   <trkpt lat="68.918514" lon="16.446115"><ele>769.8</ele></trkpt>
   <trkpt lat="68.918510" lon="16.446101"><ele>770.4</ele></trkpt>
   <trkpt lat="68.918518" lon="16.446042"><ele>771.2</ele></trkpt>
   <trkpt lat="68.918532" lon="16.446005"><ele>771.4</ele></trkpt>
   <trkpt lat="68.918530" lon="16.445975"><ele>772.0</ele></trkpt>
   <trkpt lat="68.918546" lon="16.445924"><ele>772.4</ele></trkpt>
   <trkpt lat="68.918562" lon="16.445871"><ele>773.4</ele></trkpt>
   <trkpt lat="68.918566" lon="16.445841"><ele>774.6</ele></trkpt>
   <trkpt lat="68.918572" lon="16.445834"><ele>775.0</ele></trkpt>
   <trkpt lat="68.918584" lon="16.445769"><ele>775.6</ele></trkpt>
   <trkpt lat="68.918585" lon="16.445744"><ele>775.8</ele></trkpt>
   <trkpt lat="68.918589" lon="16.445738"><ele>776.0</ele></trkpt>
   <trkpt lat="68.918590" lon="16.445689"><ele>776.4</ele></trkpt>
   <trkpt lat="68.918601" lon="16.445660"><ele>777.0</ele></trkpt>
   <trkpt lat="68.918614" lon="16.445629"><ele>777.6</ele></trkpt>
   <trkpt lat="68.918614" lon="16.445620"><ele>778.0</ele></trkpt>
   <trkpt lat="68.918617" lon="16.445585"><ele>778.4</ele></trkpt>
   <trkpt lat="68.918619" lon="16.445573"><ele>779.0</ele></trkpt>
   <trkpt lat="68.918624" lon="16.445560"><ele>780.0</ele></trkpt>
   <trkpt lat="68.918624" lon="16.445560"><ele>780.0</ele></trkpt>
   <trkpt lat="68.918622" lon="16.445559"><ele>780.2</ele></trkpt>
   <trkpt lat="68.918641" lon="16.445536"><ele>781.0</ele></trkpt>
   <trkpt lat="68.918642" lon="16.445534"><ele>781.2</ele></trkpt>
   <trkpt lat="68.918661" lon="16.445495"><ele>781.8</ele></trkpt>
   <trkpt lat="68.918672" lon="16.445474"><ele>782.2</ele></trkpt>
   <trkpt lat="68.918653" lon="16.445411"><ele>783.4</ele></trkpt>
   <trkpt lat="68.918652" lon="16.445410"><ele>784.6</ele></trkpt>
   <trkpt lat="68.918656" lon="16.445416"><ele>784.8</ele></trkpt>
   <trkpt lat="68.918655" lon="16.445434"><ele>785.8</ele></trkpt>
   <trkpt lat="68.918652" lon="16.445436"><ele>786.4</ele></trkpt>
   <trkpt lat="68.918652" lon="16.445436"><ele>787.0</ele></trkpt>
   <trkpt lat="68.918652" lon="16.445436"><ele>787.0</ele></trkpt>
   <trkpt lat="68.918652" lon="16.445436"><ele>787.0</ele></trkpt>
   <trkpt lat="68.918652" lon="16.445437"><ele>787.4</ele></trkpt>
   <trkpt lat="68.918651" lon="16.445445"><ele>788.0</ele></trkpt>
   <trkpt lat="68.918650" lon="16.445452"><ele>788.2</ele></trkpt>
   <trkpt lat="68.918646" lon="16.445457"><ele>788.2</ele></trkpt>
   <trkpt lat="68.918641" lon="16.445457"><ele>788.4</ele></trkpt>
   <trkpt lat="68.918633" lon="16.445455"><ele>788.4</ele></trkpt>
   <trkpt lat="68.918632" lon="16.445453"><ele>788.4</ele></trkpt>
   <trkpt lat="68.918632" lon="16.445453"><ele>788.6</ele></trkpt>
   <trkpt lat="68.918631" lon="16.445452"><ele>788.6</ele></trkpt>
   <trkpt lat="68.918630" lon="16.445452"><ele>788.6</ele></trkpt>
   <trkpt lat="68.918629" lon="16.445453"><ele>788.6</ele></trkpt>
   <trkpt lat="68.918627" lon="16.445457"><ele>788.6</ele></trkpt>
   <trkpt lat="68.918627" lon="16.445461"><ele>788.8</ele></trkpt>
   <trkpt lat="68.918627" lon="16.445465"><ele>789.0</ele></trkpt>
   <trkpt lat="68.918633" lon="16.445466"><ele>789.0</ele></trkpt>
   <trkpt lat="68.918634" lon="16.445466"><ele>789.0</ele></trkpt>
   <trkpt lat="68.918639" lon="16.445465"><ele>789.2</ele></trkpt>
   <trkpt lat="68.918640" lon="16.445461"><ele>789.2</ele></trkpt>
   <trkpt lat="68.918641" lon="16.445460"><ele>789.4</ele></trkpt>
   <trkpt lat="68.918642" lon="16.445460"><ele>789.4</ele></trkpt>
   <trkpt lat="68.918646" lon="16.445464"><ele>789.6</ele></trkpt>
   <trkpt lat="68.918648" lon="16.445467"><ele>789.6</ele></trkpt>
   <trkpt lat="68.918653" lon="16.445469"><ele>789.6</ele></trkpt>
   <trkpt lat="68.918655" lon="16.445470"><ele>790.0</ele></trkpt>
   <trkpt lat="68.918655" lon="16.445471"><ele>790.0</ele></trkpt>
   <trkpt lat="68.918656" lon="16.445474"><ele>789.8</ele></trkpt>
   <trkpt lat="68.918658" lon="16.445476"><ele>790.2</ele></trkpt>
   <trkpt lat="68.918658" lon="16.445477"><ele>790.2</ele></trkpt>
   <trkpt lat="68.918660" lon="16.445480"><ele>790.4</ele></trkpt>
   <trkpt lat="68.918665" lon="16.445481"><ele>790.6</ele></trkpt>
   <trkpt lat="68.918673" lon="16.445491"><ele>790.6</ele></trkpt>
   <trkpt lat="68.918686" lon="16.445525"><ele>790.8</ele></trkpt>
   <trkpt lat="68.918688" lon="16.445530"><ele>791.4</ele></trkpt>
   <trkpt lat="68.918692" lon="16.445534"><ele>792.4</ele></trkpt>
   <trkpt lat="68.918696" lon="16.445542"><ele>793.0</ele></trkpt>
   <trkpt lat="68.918697" lon="16.445546"><ele>793.2</ele></trkpt>
   <trkpt lat="68.918698" lon="16.445548"><ele>793.2</ele></trkpt>
   <trkpt lat="68.918700" lon="16.445550"><ele>793.2</ele></trkpt>
   <trkpt lat="68.918700" lon="16.445552"><ele>793.2</ele></trkpt>
   <trkpt lat="68.918701" lon="16.445552"><ele>793.4</ele></trkpt>
   <trkpt lat="68.918702" lon="16.445553"><ele>793.8</ele></trkpt>
   <trkpt lat="68.918701" lon="16.445552"><ele>793.8</ele></trkpt>
   <trkpt lat="68.918701" lon="16.445552"><ele>793.6</ele></trkpt>
   <trkpt lat="68.918701" lon="16.445552"><ele>793.6</ele></trkpt>
   <trkpt lat="68.918704" lon="16.445554"><ele>794.8</ele></trkpt>
   <trkpt lat="68.918716" lon="16.445568"><ele>796.0</ele></trkpt>
   <trkpt lat="68.918726" lon="16.445565"><ele>796.2</ele></trkpt>
   <trkpt lat="68.918735" lon="16.445564"><ele>797.2</ele></trkpt>
   <trkpt lat="68.918749" lon="16.445542"><ele>798.0</ele></trkpt>
   <trkpt lat="68.918763" lon="16.445543"><ele>798.6</ele></trkpt>
   <trkpt lat="68.918768" lon="16.445532"><ele>798.8</ele></trkpt>
   <trkpt lat="68.918792" lon="16.445522"><ele>799.8</ele></trkpt>
   <trkpt lat="68.918805" lon="16.445512"><ele>801.2</ele></trkpt>
   <trkpt lat="68.918813" lon="16.445503"><ele>801.8</ele></trkpt>
   <trkpt lat="68.918825" lon="16.445494"><ele>802.4</ele></trkpt>
   <trkpt lat="68.918847" lon="16.445522"><ele>804.0</ele></trkpt>
   <trkpt lat="68.918845" lon="16.445514"><ele>804.2</ele></trkpt>
   <trkpt lat="68.918855" lon="16.445511"><ele>805.0</ele></trkpt>
   <trkpt lat="68.918852" lon="16.445522"><ele>805.2</ele></trkpt>
   <trkpt lat="68.918845" lon="16.445526"><ele>805.4</ele></trkpt>
   <trkpt lat="68.918844" lon="16.445526"><ele>805.6</ele></trkpt>
   <trkpt lat="68.918844" lon="16.445526"><ele>805.8</ele></trkpt>
   <trkpt lat="68.918844" lon="16.445526"><ele>805.6</ele></trkpt>
   <trkpt lat="68.918844" lon="16.445523"><ele>806.0</ele></trkpt>
   <trkpt lat="68.918846" lon="16.445517"><ele>806.8</ele></trkpt>
   <trkpt lat="68.918849" lon="16.445522"><ele>807.2</ele></trkpt>
   <trkpt lat="68.918871" lon="16.445542"><ele>808.0</ele></trkpt>
   <trkpt lat="68.918876" lon="16.445542"><ele>808.4</ele></trkpt>
   <trkpt lat="68.918877" lon="16.445490"><ele>809.8</ele></trkpt>
   <trkpt lat="68.918879" lon="16.445479"><ele>810.0</ele></trkpt>
   <trkpt lat="68.918873" lon="16.445477"><ele>811.0</ele></trkpt>
   <trkpt lat="68.918875" lon="16.445482"><ele>811.4</ele></trkpt>
   <trkpt lat="68.918887" lon="16.445473"><ele>812.2</ele></trkpt>
   <trkpt lat="68.918904" lon="16.445491"><ele>812.6</ele></trkpt>
   <trkpt lat="68.918916" lon="16.445497"><ele>813.4</ele></trkpt>
   <trkpt lat="68.918921" lon="16.445459"><ele>814.2</ele></trkpt>
   <trkpt lat="68.918930" lon="16.445460"><ele>814.4</ele></trkpt>
   <trkpt lat="68.918931" lon="16.445413"><ele>815.6</ele></trkpt>
   <trkpt lat="68.918933" lon="16.445411"><ele>816.4</ele></trkpt>
   <trkpt lat="68.918947" lon="16.445406"><ele>816.8</ele></trkpt>
   <trkpt lat="68.918965" lon="16.445436"><ele>817.4</ele></trkpt>
   <trkpt lat="68.918977" lon="16.445439"><ele>817.8</ele></trkpt>
   <trkpt lat="68.919006" lon="16.445467"><ele>819.0</ele></trkpt>
   <trkpt lat="68.919014" lon="16.445476"><ele>820.4</ele></trkpt>
   <trkpt lat="68.919012" lon="16.445471"><ele>820.8</ele></trkpt>
   <trkpt lat="68.919017" lon="16.445476"><ele>820.6</ele></trkpt>
   <trkpt lat="68.919017" lon="16.445479"><ele>821.0</ele></trkpt>
   <trkpt lat="68.919017" lon="16.445479"><ele>821.6</ele></trkpt>
   <trkpt lat="68.919017" lon="16.445476"><ele>822.8</ele></trkpt>
   <trkpt lat="68.919019" lon="16.445471"><ele>823.2</ele></trkpt>
   <trkpt lat="68.919022" lon="16.445468"><ele>824.0</ele></trkpt>
   <trkpt lat="68.919023" lon="16.445459"><ele>824.2</ele></trkpt>
   <trkpt lat="68.919025" lon="16.445451"><ele>824.4</ele></trkpt>
   <trkpt lat="68.919025" lon="16.445445"><ele>824.0</ele></trkpt>
   <trkpt lat="68.919025" lon="16.445432"><ele>823.8</ele></trkpt>
   <trkpt lat="68.919025" lon="16.445412"><ele>823.8</ele></trkpt>
   <trkpt lat="68.919020" lon="16.445408"><ele>824.2</ele></trkpt>
   <trkpt lat="68.919020" lon="16.445402"><ele>825.0</ele></trkpt>
   <trkpt lat="68.919020" lon="16.445397"><ele>826.2</ele></trkpt>
   <trkpt lat="68.919020" lon="16.445389"><ele>827.0</ele></trkpt>
   <trkpt lat="68.919020" lon="16.445387"><ele>827.2</ele></trkpt>
   <trkpt lat="68.919022" lon="16.445367"><ele>828.0</ele></trkpt>
   <trkpt lat="68.919023" lon="16.445362"><ele>828.8</ele></trkpt>
   <trkpt lat="68.919027" lon="16.445358"><ele>829.2</ele></trkpt>
   <trkpt lat="68.919029" lon="16.445355"><ele>830.0</ele></trkpt>
   <trkpt lat="68.919034" lon="16.445343"><ele>830.4</ele></trkpt>
   <trkpt lat="68.919038" lon="16.445329"><ele>831.0</ele></trkpt>
   <trkpt lat="68.919039" lon="16.445317"><ele>831.0</ele></trkpt>
   <trkpt lat="68.919068" lon="16.445256"><ele>831.4</ele></trkpt>
   <trkpt lat="68.919074" lon="16.445253"><ele>832.0</ele></trkpt>
   <trkpt lat="68.919081" lon="16.445252"><ele>833.2</ele></trkpt>
   <trkpt lat="68.919097" lon="16.445245"><ele>834.4</ele></trkpt>
   <trkpt lat="68.919128" lon="16.445238"><ele>835.0</ele></trkpt>
   <trkpt lat="68.919141" lon="16.445245"><ele>835.4</ele></trkpt>
   <trkpt lat="68.919143" lon="16.445224"><ele>835.6</ele></trkpt>
   <trkpt lat="68.919142" lon="16.445222"><ele>835.8</ele></trkpt>
   <trkpt lat="68.919142" lon="16.445222"><ele>835.2</ele></trkpt>
   <trkpt lat="68.919143" lon="16.445222"><ele>835.2</ele></trkpt>
   <trkpt lat="68.919143" lon="16.445222"><ele>835.2</ele></trkpt>
   <trkpt lat="68.919143" lon="16.445222"><ele>835.2</ele></trkpt>
   <trkpt lat="68.919143" lon="16.445221"><ele>834.8</ele></trkpt>
   <trkpt lat="68.919142" lon="16.445219"><ele>834.8</ele></trkpt>
   <trkpt lat="68.919143" lon="16.445207"><ele>835.2</ele></trkpt>
   <trkpt lat="68.919142" lon="16.445207"><ele>835.2</ele></trkpt>
   <trkpt lat="68.919141" lon="16.445207"><ele>835.6</ele></trkpt>
   <trkpt lat="68.919142" lon="16.445209"><ele>835.2</ele></trkpt>
   <trkpt lat="68.919143" lon="16.445219"><ele>834.6</ele></trkpt>
   <trkpt lat="68.919152" lon="16.445223"><ele>834.8</ele></trkpt>
   <trkpt lat="68.919154" lon="16.445227"><ele>834.8</ele></trkpt>
   <trkpt lat="68.919156" lon="16.445235"><ele>834.4</ele></trkpt>
   <trkpt lat="68.919156" lon="16.445235"><ele>834.4</ele></trkpt>
   <trkpt lat="68.919156" lon="16.445235"><ele>834.4</ele></trkpt>
   <trkpt lat="68.919157" lon="16.445235"><ele>834.6</ele></trkpt>
   <trkpt lat="68.919157" lon="16.445236"><ele>834.4</ele></trkpt>
   <trkpt lat="68.919156" lon="16.445236"><ele>834.4</ele></trkpt>
   <trkpt lat="68.919156" lon="16.445236"><ele>834.4</ele></trkpt>
   <trkpt lat="68.919154" lon="16.445236"><ele>834.2</ele></trkpt>
   <trkpt lat="68.919146" lon="16.445235"><ele>834.0</ele></trkpt>
   <trkpt lat="68.919142" lon="16.445235"><ele>833.8</ele></trkpt>
   <trkpt lat="68.919136" lon="16.445236"><ele>833.8</ele></trkpt>
   <trkpt lat="68.919135" lon="16.445238"><ele>833.8</ele></trkpt>
   <trkpt lat="68.919135" lon="16.445240"><ele>834.0</ele></trkpt>
   <trkpt lat="68.919139" lon="16.445242"><ele>834.0</ele></trkpt>
   <trkpt lat="68.919140" lon="16.445243"><ele>834.0</ele></trkpt>
   <trkpt lat="68.919140" lon="16.445241"><ele>834.2</ele></trkpt>
   <trkpt lat="68.919138" lon="16.445239"><ele>834.4</ele></trkpt>
   <trkpt lat="68.919138" lon="16.445229"><ele>835.8</ele></trkpt>
   <trkpt lat="68.919138" lon="16.445221"><ele>836.8</ele></trkpt>
   <trkpt lat="68.919138" lon="16.445220"><ele>836.8</ele></trkpt>
   <trkpt lat="68.919149" lon="16.445215"><ele>837.4</ele></trkpt>
   <trkpt lat="68.919158" lon="16.445213"><ele>838.2</ele></trkpt>
   <trkpt lat="68.919174" lon="16.445212"><ele>839.4</ele></trkpt>
   <trkpt lat="68.919216" lon="16.445248"><ele>840.4</ele></trkpt>
   <trkpt lat="68.919241" lon="16.445264"><ele>841.0</ele></trkpt>
   <trkpt lat="68.919269" lon="16.445281"><ele>842.2</ele></trkpt>
   <trkpt lat="68.919280" lon="16.445291"><ele>843.2</ele></trkpt>
   <trkpt lat="68.919282" lon="16.445293"><ele>843.6</ele></trkpt>
   <trkpt lat="68.919263" lon="16.445348"><ele>844.6</ele></trkpt>
   <trkpt lat="68.919265" lon="16.445347"><ele>845.4</ele></trkpt>
   <trkpt lat="68.919250" lon="16.445383"><ele>845.4</ele></trkpt>
   <trkpt lat="68.919226" lon="16.445433"><ele>845.4</ele></trkpt>
   <trkpt lat="68.919210" lon="16.445468"><ele>845.4</ele></trkpt>
   <trkpt lat="68.919196" lon="16.445502"><ele>845.4</ele></trkpt>
   <trkpt lat="68.919197" lon="16.445503"><ele>845.4</ele></trkpt>
   <trkpt lat="68.919178" lon="16.445534"><ele>845.4</ele></trkpt>
   <trkpt lat="68.919174" lon="16.445544"><ele>845.4</ele></trkpt>
   <trkpt lat="68.919174" lon="16.445544"><ele>845.2</ele></trkpt>
   <trkpt lat="68.919174" lon="16.445544"><ele>845.2</ele></trkpt>
   <trkpt lat="68.919174" lon="16.445544"><ele>845.2</ele></trkpt>
   <trkpt lat="68.919174" lon="16.445544"><ele>845.6</ele></trkpt>
   <trkpt lat="68.919174" lon="16.445547"><ele>845.8</ele></trkpt>
   <trkpt lat="68.919174" lon="16.445559"><ele>846.4</ele></trkpt>
   <trkpt lat="68.919174" lon="16.445572"><ele>846.4</ele></trkpt>
   <trkpt lat="68.919180" lon="16.445598"><ele>846.8</ele></trkpt>
   <trkpt lat="68.919204" lon="16.445608"><ele>847.6</ele></trkpt>
   <trkpt lat="68.919210" lon="16.445588"><ele>848.0</ele></trkpt>
   <trkpt lat="68.919220" lon="16.445581"><ele>848.4</ele></trkpt>
   <trkpt lat="68.919242" lon="16.445565"><ele>849.0</ele></trkpt>
   <trkpt lat="68.919251" lon="16.445571"><ele>849.2</ele></trkpt>
   <trkpt lat="68.919240" lon="16.445463"><ele>849.6</ele></trkpt>
   <trkpt lat="68.919257" lon="16.445394"><ele>849.4</ele></trkpt>
   <trkpt lat="68.919271" lon="16.445359"><ele>850.4</ele></trkpt>
   <trkpt lat="68.919293" lon="16.445409"><ele>851.4</ele></trkpt>
   <trkpt lat="68.919308" lon="16.445411"><ele>852.0</ele></trkpt>
   <trkpt lat="68.919313" lon="16.445403"><ele>852.4</ele></trkpt>
   <trkpt lat="68.919337" lon="16.445391"><ele>853.4</ele></trkpt>
   <trkpt lat="68.919352" lon="16.445402"><ele>854.4</ele></trkpt>
   <trkpt lat="68.919354" lon="16.445406"><ele>854.4</ele></trkpt>
   <trkpt lat="68.919356" lon="16.445404"><ele>854.8</ele></trkpt>
   <trkpt lat="68.919360" lon="16.445401"><ele>855.2</ele></trkpt>
   <trkpt lat="68.919365" lon="16.445397"><ele>855.6</ele></trkpt>
   <trkpt lat="68.919377" lon="16.445409"><ele>856.6</ele></trkpt>
   <trkpt lat="68.919382" lon="16.445413"><ele>856.6</ele></trkpt>
   <trkpt lat="68.919377" lon="16.445424"><ele>857.8</ele></trkpt>
   <trkpt lat="68.919374" lon="16.445426"><ele>858.2</ele></trkpt>
   <trkpt lat="68.919392" lon="16.445421"><ele>858.6</ele></trkpt>
   <trkpt lat="68.919395" lon="16.445409"><ele>859.0</ele></trkpt>
   <trkpt lat="68.919415" lon="16.445408"><ele>860.0</ele></trkpt>
   <trkpt lat="68.919419" lon="16.445407"><ele>861.2</ele></trkpt>
   <trkpt lat="68.919430" lon="16.445417"><ele>862.0</ele></trkpt>
   <trkpt lat="68.919435" lon="16.445422"><ele>862.4</ele></trkpt>
   <trkpt lat="68.919428" lon="16.445436"><ele>862.4</ele></trkpt>
   <trkpt lat="68.919428" lon="16.445436"><ele>862.4</ele></trkpt>
   <trkpt lat="68.919428" lon="16.445436"><ele>862.4</ele></trkpt>
   <trkpt lat="68.919428" lon="16.445435"><ele>861.2</ele></trkpt>
   <trkpt lat="68.919430" lon="16.445434"><ele>862.0</ele></trkpt>
   <trkpt lat="68.919431" lon="16.445433"><ele>862.0</ele></trkpt>
   <trkpt lat="68.919431" lon="16.445433"><ele>861.6</ele></trkpt>
   <trkpt lat="68.919432" lon="16.445434"><ele>861.0</ele></trkpt>
   <trkpt lat="68.919433" lon="16.445433"><ele>862.4</ele></trkpt>
   <trkpt lat="68.919435" lon="16.445434"><ele>863.0</ele></trkpt>
   <trkpt lat="68.919436" lon="16.445434"><ele>862.8</ele></trkpt>
   <trkpt lat="68.919445" lon="16.445434"><ele>862.2</ele></trkpt>
   <trkpt lat="68.919449" lon="16.445435"><ele>862.2</ele></trkpt>
   <trkpt lat="68.919460" lon="16.445439"><ele>861.4</ele></trkpt>
   <trkpt lat="68.919467" lon="16.445442"><ele>861.0</ele></trkpt>
   <trkpt lat="68.919467" lon="16.445446"><ele>861.4</ele></trkpt>
   <trkpt lat="68.919471" lon="16.445446"><ele>862.4</ele></trkpt>
   <trkpt lat="68.919474" lon="16.445446"><ele>862.2</ele></trkpt>
   <trkpt lat="68.919477" lon="16.445446"><ele>861.4</ele></trkpt>
   <trkpt lat="68.919477" lon="16.445445"><ele>861.4</ele></trkpt>
   <trkpt lat="68.919477" lon="16.445442"><ele>861.2</ele></trkpt>
   <trkpt lat="68.919479" lon="16.445442"><ele>861.8</ele></trkpt>
   <trkpt lat="68.919481" lon="16.445442"><ele>862.4</ele></trkpt>
   <trkpt lat="68.919485" lon="16.445455"><ele>862.0</ele></trkpt>
   <trkpt lat="68.919486" lon="16.445471"><ele>862.0</ele></trkpt>
   <trkpt lat="68.919488" lon="16.445472"><ele>862.2</ele></trkpt>
   <trkpt lat="68.919489" lon="16.445472"><ele>862.6</ele></trkpt>
   <trkpt lat="68.919491" lon="16.445472"><ele>862.2</ele></trkpt>
   <trkpt lat="68.919493" lon="16.445470"><ele>862.2</ele></trkpt>
   <trkpt lat="68.919494" lon="16.445469"><ele>861.6</ele></trkpt>
   <trkpt lat="68.919495" lon="16.445467"><ele>861.6</ele></trkpt>
   <trkpt lat="68.919495" lon="16.445464"><ele>861.4</ele></trkpt>
   <trkpt lat="68.919496" lon="16.445462"><ele>860.6</ele></trkpt>
   <trkpt lat="68.919496" lon="16.445462"><ele>860.4</ele></trkpt>
   <trkpt lat="68.919497" lon="16.445457"><ele>860.4</ele></trkpt>
   <trkpt lat="68.919500" lon="16.445456"><ele>861.0</ele></trkpt>
   <trkpt lat="68.919504" lon="16.445458"><ele>860.2</ele></trkpt>
   <trkpt lat="68.919505" lon="16.445457"><ele>860.0</ele></trkpt>
   <trkpt lat="68.919505" lon="16.445454"><ele>859.4</ele></trkpt>
   <trkpt lat="68.919491" lon="16.445465"><ele>859.4</ele></trkpt>
   <trkpt lat="68.919474" lon="16.445483"><ele>859.8</ele></trkpt>
   <trkpt lat="68.919474" lon="16.445483"><ele>859.8</ele></trkpt>
   <trkpt lat="68.919474" lon="16.445483"><ele>859.8</ele></trkpt>
   <trkpt lat="68.919471" lon="16.445485"><ele>859.6</ele></trkpt>
   <trkpt lat="68.919467" lon="16.445485"><ele>859.0</ele></trkpt>
   <trkpt lat="68.919451" lon="16.445500"><ele>858.4</ele></trkpt>
   <trkpt lat="68.919431" lon="16.445523"><ele>859.4</ele></trkpt>
   <trkpt lat="68.919426" lon="16.445529"><ele>860.2</ele></trkpt>
   <trkpt lat="68.919422" lon="16.445540"><ele>861.2</ele></trkpt>
   <trkpt lat="68.919422" lon="16.445541"><ele>862.2</ele></trkpt>
   <trkpt lat="68.919422" lon="16.445544"><ele>863.0</ele></trkpt>
   <trkpt lat="68.919422" lon="16.445545"><ele>863.4</ele></trkpt>
   <trkpt lat="68.919422" lon="16.445549"><ele>864.2</ele></trkpt>
   <trkpt lat="68.919425" lon="16.445549"><ele>864.4</ele></trkpt>
   <trkpt lat="68.919441" lon="16.445554"><ele>865.6</ele></trkpt>
   <trkpt lat="68.919442" lon="16.445556"><ele>865.8</ele></trkpt>
   <trkpt lat="68.919462" lon="16.445561"><ele>866.6</ele></trkpt>
   <trkpt lat="68.919465" lon="16.445561"><ele>867.6</ele></trkpt>
   <trkpt lat="68.919466" lon="16.445561"><ele>868.0</ele></trkpt>
   <trkpt lat="68.919469" lon="16.445561"><ele>869.4</ele></trkpt>
   <trkpt lat="68.919469" lon="16.445561"><ele>870.2</ele></trkpt>
   <trkpt lat="68.919482" lon="16.445579"><ele>869.4</ele></trkpt>
   <trkpt lat="68.919500" lon="16.445565"><ele>869.8</ele></trkpt>
   <trkpt lat="68.919506" lon="16.445559"><ele>870.4</ele></trkpt>
   <trkpt lat="68.919521" lon="16.445559"><ele>871.2</ele></trkpt>
   <trkpt lat="68.919522" lon="16.445559"><ele>871.4</ele></trkpt>
   <trkpt lat="68.919534" lon="16.445546"><ele>872.6</ele></trkpt>
   <trkpt lat="68.919538" lon="16.445537"><ele>873.4</ele></trkpt>
   <trkpt lat="68.919556" lon="16.445533"><ele>873.4</ele></trkpt>
   <trkpt lat="68.919572" lon="16.445533"><ele>873.4</ele></trkpt>
   <trkpt lat="68.919573" lon="16.445535"><ele>874.0</ele></trkpt>
   <trkpt lat="68.919574" lon="16.445540"><ele>875.6</ele></trkpt>
   <trkpt lat="68.919575" lon="16.445550"><ele>876.8</ele></trkpt>
   <trkpt lat="68.919581" lon="16.445560"><ele>877.8</ele></trkpt>
   <trkpt lat="68.919600" lon="16.445575"><ele>879.0</ele></trkpt>
   <trkpt lat="68.919628" lon="16.445614"><ele>880.0</ele></trkpt>
   <trkpt lat="68.919667" lon="16.445643"><ele>881.4</ele></trkpt>
   <trkpt lat="68.919680" lon="16.445663"><ele>882.6</ele></trkpt>
   <trkpt lat="68.919688" lon="16.445669"><ele>883.2</ele></trkpt>
   <trkpt lat="68.919700" lon="16.445660"><ele>883.8</ele></trkpt>
   <trkpt lat="68.919708" lon="16.445661"><ele>884.2</ele></trkpt>
   <trkpt lat="68.919710" lon="16.445650"><ele>883.8</ele></trkpt>
   <trkpt lat="68.919717" lon="16.445646"><ele>884.0</ele></trkpt>
   <trkpt lat="68.919718" lon="16.445645"><ele>884.6</ele></trkpt>
   <trkpt lat="68.919718" lon="16.445645"><ele>885.0</ele></trkpt>
   <trkpt lat="68.919718" lon="16.445645"><ele>885.0</ele></trkpt>
   <trkpt lat="68.919718" lon="16.445649"><ele>883.8</ele></trkpt>
   <trkpt lat="68.919720" lon="16.445657"><ele>883.6</ele></trkpt>
   <trkpt lat="68.919724" lon="16.445697"><ele>883.6</ele></trkpt>
   <trkpt lat="68.919724" lon="16.445698"><ele>883.8</ele></trkpt>
   <trkpt lat="68.919724" lon="16.445699"><ele>884.6</ele></trkpt>
   <trkpt lat="68.919724" lon="16.445701"><ele>884.8</ele></trkpt>
   <trkpt lat="68.919724" lon="16.445701"><ele>884.8</ele></trkpt>
   <trkpt lat="68.919725" lon="16.445702"><ele>885.2</ele></trkpt>
   <trkpt lat="68.919725" lon="16.445702"><ele>885.2</ele></trkpt>
   <trkpt lat="68.919725" lon="16.445705"><ele>885.0</ele></trkpt>
   <trkpt lat="68.919733" lon="16.445726"><ele>885.0</ele></trkpt>
   <trkpt lat="68.919737" lon="16.445745"><ele>884.8</ele></trkpt>
   <trkpt lat="68.919739" lon="16.445748"><ele>884.8</ele></trkpt>
   <trkpt lat="68.919744" lon="16.445756"><ele>885.0</ele></trkpt>
   <trkpt lat="68.919751" lon="16.445759"><ele>884.8</ele></trkpt>
   <trkpt lat="68.919752" lon="16.445763"><ele>885.0</ele></trkpt>
   <trkpt lat="68.919752" lon="16.445763"><ele>885.2</ele></trkpt>
   <trkpt lat="68.919751" lon="16.445763"><ele>883.4</ele></trkpt>
   <trkpt lat="68.919749" lon="16.445753"><ele>883.2</ele></trkpt>
   <trkpt lat="68.919746" lon="16.445743"><ele>883.8</ele></trkpt>
   <trkpt lat="68.919745" lon="16.445742"><ele>883.6</ele></trkpt>
   <trkpt lat="68.919744" lon="16.445744"><ele>884.2</ele></trkpt>
   <trkpt lat="68.919743" lon="16.445745"><ele>883.8</ele></trkpt>
   <trkpt lat="68.919740" lon="16.445745"><ele>884.0</ele></trkpt>
   <trkpt lat="68.919740" lon="16.445745"><ele>884.4</ele></trkpt>
   <trkpt lat="68.919740" lon="16.445740"><ele>884.0</ele></trkpt>
   <trkpt lat="68.919740" lon="16.445734"><ele>883.2</ele></trkpt>
   <trkpt lat="68.919743" lon="16.445733"><ele>882.6</ele></trkpt>
   <trkpt lat="68.919745" lon="16.445733"><ele>882.4</ele></trkpt>
   <trkpt lat="68.919746" lon="16.445734"><ele>882.4</ele></trkpt>
   <trkpt lat="68.919750" lon="16.445742"><ele>882.8</ele></trkpt>
   <trkpt lat="68.919754" lon="16.445763"><ele>883.2</ele></trkpt>
   <trkpt lat="68.919755" lon="16.445769"><ele>883.4</ele></trkpt>
   <trkpt lat="68.919757" lon="16.445774"><ele>883.0</ele></trkpt>
   <trkpt lat="68.919760" lon="16.445775"><ele>882.4</ele></trkpt>
   <trkpt lat="68.919761" lon="16.445775"><ele>882.4</ele></trkpt>
   <trkpt lat="68.919762" lon="16.445775"><ele>882.2</ele></trkpt>
   <trkpt lat="68.919763" lon="16.445774"><ele>881.6</ele></trkpt>
   <trkpt lat="68.919764" lon="16.445774"><ele>882.2</ele></trkpt>
   <trkpt lat="68.919764" lon="16.445774"><ele>881.6</ele></trkpt>
   <trkpt lat="68.919764" lon="16.445774"><ele>881.2</ele></trkpt>
   <trkpt lat="68.919763" lon="16.445773"><ele>880.8</ele></trkpt>
   <trkpt lat="68.919763" lon="16.445772"><ele>880.8</ele></trkpt>
   <trkpt lat="68.919763" lon="16.445771"><ele>880.2</ele></trkpt>
   <trkpt lat="68.919763" lon="16.445771"><ele>880.2</ele></trkpt>
   <trkpt lat="68.919763" lon="16.445770"><ele>879.6</ele></trkpt>
   <trkpt lat="68.919763" lon="16.445769"><ele>880.4</ele></trkpt>
   <trkpt lat="68.919763" lon="16.445768"><ele>880.2</ele></trkpt>
   <trkpt lat="68.919762" lon="16.445768"><ele>880.2</ele></trkpt>
   <trkpt lat="68.919762" lon="16.445767"><ele>880.6</ele></trkpt>
   <trkpt lat="68.919762" lon="16.445767"><ele>880.6</ele></trkpt>
   <trkpt lat="68.919762" lon="16.445765"><ele>880.4</ele></trkpt>
   <trkpt lat="68.919762" lon="16.445764"><ele>881.2</ele></trkpt>
   <trkpt lat="68.919762" lon="16.445764"><ele>881.2</ele></trkpt>
   <trkpt lat="68.919762" lon="16.445763"><ele>881.0</ele></trkpt>
   <trkpt lat="68.919762" lon="16.445761"><ele>881.4</ele></trkpt>
   <trkpt lat="68.919762" lon="16.445761"><ele>881.0</ele></trkpt>
   <trkpt lat="68.919762" lon="16.445759"><ele>880.4</ele></trkpt>
   <trkpt lat="68.919762" lon="16.445759"><ele>880.0</ele></trkpt>
   <trkpt lat="68.919761" lon="16.445758"><ele>879.6</ele></trkpt>
   <trkpt lat="68.919761" lon="16.445757"><ele>879.6</ele></trkpt>
   <trkpt lat="68.919761" lon="16.445755"><ele>879.6</ele></trkpt>
   <trkpt lat="68.919761" lon="16.445754"><ele>880.2</ele></trkpt>
   <trkpt lat="68.919761" lon="16.445753"><ele>879.6</ele></trkpt>
   <trkpt lat="68.919761" lon="16.445753"><ele>879.8</ele></trkpt>
   <trkpt lat="68.919761" lon="16.445752"><ele>879.4</ele></trkpt>
   <trkpt lat="68.919761" lon="16.445751"><ele>879.4</ele></trkpt>
   <trkpt lat="68.919761" lon="16.445751"><ele>880.2</ele></trkpt>
   <trkpt lat="68.919761" lon="16.445750"><ele>879.8</ele></trkpt>
   <trkpt lat="68.919761" lon="16.445749"><ele>879.8</ele></trkpt>
   <trkpt lat="68.919761" lon="16.445749"><ele>880.2</ele></trkpt>
   <trkpt lat="68.919761" lon="16.445748"><ele>881.0</ele></trkpt>
   <trkpt lat="68.919761" lon="16.445748"><ele>881.0</ele></trkpt>
   <trkpt lat="68.919761" lon="16.445747"><ele>881.2</ele></trkpt>
   <trkpt lat="68.919761" lon="16.445746"><ele>881.4</ele></trkpt>
   <trkpt lat="68.919762" lon="16.445745"><ele>880.4</ele></trkpt>
   <trkpt lat="68.919761" lon="16.445745"><ele>880.0</ele></trkpt>
   <trkpt lat="68.919761" lon="16.445745"><ele>880.0</ele></trkpt>
   <trkpt lat="68.919761" lon="16.445744"><ele>879.8</ele></trkpt>
   <trkpt lat="68.919761" lon="16.445743"><ele>880.0</ele></trkpt>
   <trkpt lat="68.919761" lon="16.445743"><ele>880.0</ele></trkpt>
   <trkpt lat="68.919761" lon="16.445743"><ele>880.0</ele></trkpt>
   <trkpt lat="68.919761" lon="16.445742"><ele>880.0</ele></trkpt>
   <trkpt lat="68.919761" lon="16.445742"><ele>880.4</ele></trkpt>
   <trkpt lat="68.919760" lon="16.445741"><ele>880.6</ele></trkpt>
   <trkpt lat="68.919760" lon="16.445741"><ele>880.2</ele></trkpt>
   <trkpt lat="68.919760" lon="16.445740"><ele>880.0</ele></trkpt>
   <trkpt lat="68.919760" lon="16.445740"><ele>880.2</ele></trkpt>
   <trkpt lat="68.919760" lon="16.445740"><ele>878.8</ele></trkpt>
   <trkpt lat="68.919760" lon="16.445739"><ele>878.4</ele></trkpt>
   <trkpt lat="68.919760" lon="16.445739"><ele>878.4</ele></trkpt>
   <trkpt lat="68.919760" lon="16.445738"><ele>878.8</ele></trkpt>
   <trkpt lat="68.919760" lon="16.445738"><ele>878.0</ele></trkpt>
   <trkpt lat="68.919760" lon="16.445737"><ele>878.6</ele></trkpt>
   <trkpt lat="68.919760" lon="16.445736"><ele>878.4</ele></trkpt>
   <trkpt lat="68.919760" lon="16.445736"><ele>878.2</ele></trkpt>
   <trkpt lat="68.919760" lon="16.445735"><ele>877.8</ele></trkpt>
   <trkpt lat="68.919760" lon="16.445736"><ele>877.8</ele></trkpt>
   <trkpt lat="68.919760" lon="16.445736"><ele>878.0</ele></trkpt>
   <trkpt lat="68.919760" lon="16.445736"><ele>878.0</ele></trkpt>
   <trkpt lat="68.919760" lon="16.445736"><ele>878.2</ele></trkpt>
   <trkpt lat="68.919760" lon="16.445736"><ele>878.6</ele></trkpt>
   <trkpt lat="68.919760" lon="16.445736"><ele>878.2</ele></trkpt>
   <trkpt lat="68.919760" lon="16.445736"><ele>878.2</ele></trkpt>
   <trkpt lat="68.919760" lon="16.445736"><ele>878.8</ele></trkpt>
   <trkpt lat="68.919759" lon="16.445735"><ele>878.4</ele></trkpt>
   <trkpt lat="68.919760" lon="16.445735"><ele>878.6</ele></trkpt>
   <trkpt lat="68.919760" lon="16.445735"><ele>878.6</ele></trkpt>
   <trkpt lat="68.919760" lon="16.445735"><ele>879.0</ele></trkpt>
   <trkpt lat="68.919762" lon="16.445740"><ele>880.2</ele></trkpt>
   <trkpt lat="68.919770" lon="16.445750"><ele>881.4</ele></trkpt>
   <trkpt lat="68.919770" lon="16.445744"><ele>882.2</ele></trkpt>
   <trkpt lat="68.919768" lon="16.445745"><ele>882.4</ele></trkpt>
   <trkpt lat="68.919776" lon="16.445788"><ele>882.4</ele></trkpt>
   <trkpt lat="68.919780" lon="16.445809"><ele>882.4</ele></trkpt>
   <trkpt lat="68.919780" lon="16.445890"><ele>883.4</ele></trkpt>
   <trkpt lat="68.919810" lon="16.445937"><ele>884.2</ele></trkpt>
   <trkpt lat="68.919828" lon="16.445948"><ele>884.6</ele></trkpt>
   <trkpt lat="68.919863" lon="16.446025"><ele>885.4</ele></trkpt>
   <trkpt lat="68.919879" lon="16.446047"><ele>885.8</ele></trkpt>
   <trkpt lat="68.919878" lon="16.446073"><ele>886.6</ele></trkpt>
   <trkpt lat="68.919879" lon="16.446069"><ele>886.8</ele></trkpt>
   <trkpt lat="68.919887" lon="16.446096"><ele>887.6</ele></trkpt>
   <trkpt lat="68.919880" lon="16.446095"><ele>887.6</ele></trkpt>
   <trkpt lat="68.919877" lon="16.446101"><ele>887.8</ele></trkpt>
   <trkpt lat="68.919877" lon="16.446101"><ele>888.0</ele></trkpt>
   <trkpt lat="68.919877" lon="16.446101"><ele>888.4</ele></trkpt>
   <trkpt lat="68.919878" lon="16.446101"><ele>888.4</ele></trkpt>
   <trkpt lat="68.919883" lon="16.446108"><ele>888.2</ele></trkpt>
   <trkpt lat="68.919888" lon="16.446137"><ele>887.8</ele></trkpt>
   <trkpt lat="68.919891" lon="16.446176"><ele>887.6</ele></trkpt>
   <trkpt lat="68.919894" lon="16.446208"><ele>887.4</ele></trkpt>
   <trkpt lat="68.919902" lon="16.446236"><ele>887.2</ele></trkpt>
   <trkpt lat="68.919914" lon="16.446238"><ele>887.8</ele></trkpt>
   <trkpt lat="68.919919" lon="16.446245"><ele>888.6</ele></trkpt>
   <trkpt lat="68.919926" lon="16.446248"><ele>888.4</ele></trkpt>
   <trkpt lat="68.919927" lon="16.446249"><ele>888.4</ele></trkpt>
   <trkpt lat="68.919927" lon="16.446248"><ele>888.4</ele></trkpt>
   <trkpt lat="68.919927" lon="16.446248"><ele>888.4</ele></trkpt>
   <trkpt lat="68.919927" lon="16.446248"><ele>889.0</ele></trkpt>
   <trkpt lat="68.919927" lon="16.446248"><ele>890.2</ele></trkpt>
   <trkpt lat="68.919927" lon="16.446248"><ele>891.2</ele></trkpt>
   <trkpt lat="68.919927" lon="16.446248"><ele>891.4</ele></trkpt>
   <trkpt lat="68.919925" lon="16.446247"><ele>891.4</ele></trkpt>
   <trkpt lat="68.919920" lon="16.446247"><ele>891.2</ele></trkpt>
   <trkpt lat="68.919897" lon="16.446248"><ele>891.4</ele></trkpt>
   <trkpt lat="68.919881" lon="16.446248"><ele>892.8</ele></trkpt>
   <trkpt lat="68.919885" lon="16.446330"><ele>894.0</ele></trkpt>
   <trkpt lat="68.919878" lon="16.446392"><ele>894.8</ele></trkpt>
   <trkpt lat="68.919876" lon="16.446408"><ele>895.6</ele></trkpt>
   <trkpt lat="68.919861" lon="16.446485"><ele>896.8</ele></trkpt>
   <trkpt lat="68.919849" lon="16.446514"><ele>897.0</ele></trkpt>
   <trkpt lat="68.919837" lon="16.446535"><ele>896.8</ele></trkpt>
   <trkpt lat="68.919854" lon="16.446561"><ele>898.2</ele></trkpt>
   <trkpt lat="68.919856" lon="16.446566"><ele>898.4</ele></trkpt>
   <trkpt lat="68.919863" lon="16.446573"><ele>899.6</ele></trkpt>
   <trkpt lat="68.919863" lon="16.446584"><ele>900.0</ele></trkpt>
   <trkpt lat="68.919866" lon="16.446601"><ele>900.8</ele></trkpt>
   <trkpt lat="68.919867" lon="16.446633"><ele>901.6</ele></trkpt>
   <trkpt lat="68.919865" lon="16.446644"><ele>902.0</ele></trkpt>
   <trkpt lat="68.919864" lon="16.446649"><ele>902.2</ele></trkpt>
   <trkpt lat="68.919866" lon="16.446661"><ele>902.6</ele></trkpt>
   <trkpt lat="68.919863" lon="16.446664"><ele>903.0</ele></trkpt>
   <trkpt lat="68.919851" lon="16.446683"><ele>904.0</ele></trkpt>
   <trkpt lat="68.919851" lon="16.446720"><ele>904.8</ele></trkpt>
   <trkpt lat="68.919857" lon="16.446754"><ele>905.2</ele></trkpt>
   <trkpt lat="68.919872" lon="16.446772"><ele>905.8</ele></trkpt>
   <trkpt lat="68.919872" lon="16.446776"><ele>906.2</ele></trkpt>
   <trkpt lat="68.919881" lon="16.446788"><ele>906.2</ele></trkpt>
   <trkpt lat="68.919884" lon="16.446798"><ele>906.2</ele></trkpt>
   <trkpt lat="68.919888" lon="16.446852"><ele>906.2</ele></trkpt>
   <trkpt lat="68.919888" lon="16.446886"><ele>907.6</ele></trkpt>
   <trkpt lat="68.919885" lon="16.446914"><ele>908.4</ele></trkpt>
   <trkpt lat="68.919883" lon="16.446921"><ele>908.4</ele></trkpt>
   <trkpt lat="68.919878" lon="16.446959"><ele>908.6</ele></trkpt>
   <trkpt lat="68.919877" lon="16.446959"><ele>908.6</ele></trkpt>
   <trkpt lat="68.919873" lon="16.446993"><ele>909.0</ele></trkpt>
   <trkpt lat="68.919870" lon="16.447011"><ele>909.8</ele></trkpt>
   <trkpt lat="68.919870" lon="16.447012"><ele>910.0</ele></trkpt>
   <trkpt lat="68.919870" lon="16.447012"><ele>910.6</ele></trkpt>
   <trkpt lat="68.919864" lon="16.447005"><ele>910.8</ele></trkpt>
   <trkpt lat="68.919864" lon="16.447005"><ele>910.4</ele></trkpt>
   <trkpt lat="68.919858" lon="16.446989"><ele>910.2</ele></trkpt>
   <trkpt lat="68.919855" lon="16.446987"><ele>910.0</ele></trkpt>
   <trkpt lat="68.919855" lon="16.446987"><ele>909.8</ele></trkpt>
   <trkpt lat="68.919853" lon="16.446989"><ele>909.4</ele></trkpt>
   <trkpt lat="68.919851" lon="16.446992"><ele>909.6</ele></trkpt>
   <trkpt lat="68.919850" lon="16.446997"><ele>911.0</ele></trkpt>
   <trkpt lat="68.919848" lon="16.446999"><ele>912.2</ele></trkpt>
   <trkpt lat="68.919830" lon="16.447011"><ele>913.8</ele></trkpt>
   <trkpt lat="68.919828" lon="16.447037"><ele>914.6</ele></trkpt>
   <trkpt lat="68.919826" lon="16.447050"><ele>915.0</ele></trkpt>
   <trkpt lat="68.919818" lon="16.447081"><ele>916.0</ele></trkpt>
   <trkpt lat="68.919799" lon="16.447098"><ele>916.4</ele></trkpt>
   <trkpt lat="68.919769" lon="16.447106"><ele>916.8</ele></trkpt>
   <trkpt lat="68.919759" lon="16.447127"><ele>916.8</ele></trkpt>
   <trkpt lat="68.919758" lon="16.447150"><ele>916.8</ele></trkpt>
   <trkpt lat="68.919757" lon="16.447150"><ele>916.4</ele></trkpt>
   <trkpt lat="68.919757" lon="16.447150"><ele>916.0</ele></trkpt>
   <trkpt lat="68.919753" lon="16.447134"><ele>915.8</ele></trkpt>
   <trkpt lat="68.919750" lon="16.447121"><ele>916.2</ele></trkpt>
   <trkpt lat="68.919743" lon="16.447092"><ele>915.4</ele></trkpt>
   <trkpt lat="68.919739" lon="16.447066"><ele>916.2</ele></trkpt>
   <trkpt lat="68.919739" lon="16.447060"><ele>916.2</ele></trkpt>
   <trkpt lat="68.919739" lon="16.447059"><ele>917.4</ele></trkpt>
   <trkpt lat="68.919739" lon="16.447057"><ele>918.6</ele></trkpt>
   <trkpt lat="68.919741" lon="16.447053"><ele>919.0</ele></trkpt>
   <trkpt lat="68.919745" lon="16.447043"><ele>918.0</ele></trkpt>
   <trkpt lat="68.919751" lon="16.447040"><ele>917.8</ele></trkpt>
   <trkpt lat="68.919753" lon="16.447040"><ele>917.8</ele></trkpt>
   <trkpt lat="68.919758" lon="16.447038"><ele>917.6</ele></trkpt>
   <trkpt lat="68.919761" lon="16.447039"><ele>916.4</ele></trkpt>
   <trkpt lat="68.919765" lon="16.447040"><ele>916.6</ele></trkpt>
   <trkpt lat="68.919771" lon="16.447041"><ele>916.0</ele></trkpt>
   <trkpt lat="68.919772" lon="16.447041"><ele>915.8</ele></trkpt>
   <trkpt lat="68.919773" lon="16.447041"><ele>915.4</ele></trkpt>
   <trkpt lat="68.919774" lon="16.447041"><ele>915.4</ele></trkpt>
   <trkpt lat="68.919775" lon="16.447044"><ele>915.2</ele></trkpt>
   <trkpt lat="68.919776" lon="16.447046"><ele>915.2</ele></trkpt>
   <trkpt lat="68.919779" lon="16.447061"><ele>914.6</ele></trkpt>
   <trkpt lat="68.919787" lon="16.447087"><ele>915.6</ele></trkpt>
   <trkpt lat="68.919795" lon="16.447107"><ele>916.4</ele></trkpt>
   <trkpt lat="68.919796" lon="16.447109"><ele>916.4</ele></trkpt>
   <trkpt lat="68.919799" lon="16.447114"><ele>917.4</ele></trkpt>
   <trkpt lat="68.919802" lon="16.447117"><ele>918.6</ele></trkpt>
   <trkpt lat="68.919802" lon="16.447120"><ele>919.8</ele></trkpt>
   <trkpt lat="68.919803" lon="16.447124"><ele>920.8</ele></trkpt>
   <trkpt lat="68.919803" lon="16.447124"><ele>921.0</ele></trkpt>
   <trkpt lat="68.919804" lon="16.447127"><ele>922.2</ele></trkpt>
   <trkpt lat="68.919804" lon="16.447129"><ele>923.6</ele></trkpt>
   <trkpt lat="68.919805" lon="16.447133"><ele>924.4</ele></trkpt>
   <trkpt lat="68.919806" lon="16.447137"><ele>924.4</ele></trkpt>
   <trkpt lat="68.919806" lon="16.447138"><ele>924.6</ele></trkpt>
   <trkpt lat="68.919807" lon="16.447143"><ele>926.0</ele></trkpt>
   <trkpt lat="68.919807" lon="16.447148"><ele>927.0</ele></trkpt>
   <trkpt lat="68.919808" lon="16.447151"><ele>927.6</ele></trkpt>
   <trkpt lat="68.919808" lon="16.447152"><ele>928.2</ele></trkpt>
   <trkpt lat="68.919808" lon="16.447154"><ele>928.4</ele></trkpt>
   <trkpt lat="68.919809" lon="16.447159"><ele>929.2</ele></trkpt>
   <trkpt lat="68.919810" lon="16.447165"><ele>930.2</ele></trkpt>
   <trkpt lat="68.919810" lon="16.447166"><ele>930.4</ele></trkpt>
   <trkpt lat="68.919811" lon="16.447172"><ele>931.4</ele></trkpt>
   <trkpt lat="68.919811" lon="16.447173"><ele>931.6</ele></trkpt>
   <trkpt lat="68.919813" lon="16.447181"><ele>933.0</ele></trkpt>
   <trkpt lat="68.919814" lon="16.447188"><ele>933.8</ele></trkpt>
   <trkpt lat="68.919814" lon="16.447191"><ele>934.0</ele></trkpt>
   <trkpt lat="68.919828" lon="16.447277"><ele>934.0</ele></trkpt>
   <trkpt lat="68.919870" lon="16.447556"><ele>934.6</ele></trkpt>
   <trkpt lat="68.919932" lon="16.447904"><ele>934.8</ele></trkpt>
   <trkpt lat="68.919961" lon="16.448072"><ele>934.8</ele></trkpt>
   <trkpt lat="68.919960" lon="16.448070"><ele>935.0</ele></trkpt>
   <trkpt lat="68.919960" lon="16.448070"><ele>935.0</ele></trkpt>
   <trkpt lat="68.919960" lon="16.448070"><ele>934.8</ele></trkpt>
   <trkpt lat="68.919960" lon="16.448070"><ele>934.8</ele></trkpt>
   <trkpt lat="68.919960" lon="16.448070"><ele>934.6</ele></trkpt>
   <trkpt lat="68.919961" lon="16.448073"><ele>934.4</ele></trkpt>
   <trkpt lat="68.919961" lon="16.448074"><ele>935.2</ele></trkpt>
   <trkpt lat="68.919960" lon="16.448094"><ele>936.6</ele></trkpt>
   <trkpt lat="68.919960" lon="16.448107"><ele>936.8</ele></trkpt>
   <trkpt lat="68.919960" lon="16.448134"><ele>937.6</ele></trkpt>
   <trkpt lat="68.919957" lon="16.448152"><ele>938.8</ele></trkpt>
   <trkpt lat="68.919957" lon="16.448179"><ele>939.8</ele></trkpt>
   <trkpt lat="68.919957" lon="16.448192"><ele>941.0</ele></trkpt>
   <trkpt lat="68.919966" lon="16.448212"><ele>941.2</ele></trkpt>
   <trkpt lat="68.919976" lon="16.448221"><ele>942.0</ele></trkpt>
   <trkpt lat="68.919977" lon="16.448225"><ele>943.2</ele></trkpt>
   <trkpt lat="68.919981" lon="16.448246"><ele>943.8</ele></trkpt>
   <trkpt lat="68.920004" lon="16.448304"><ele>944.2</ele></trkpt>
   <trkpt lat="68.920019" lon="16.448322"><ele>944.8</ele></trkpt>
   <trkpt lat="68.920066" lon="16.448443"><ele>945.2</ele></trkpt>
   <trkpt lat="68.920069" lon="16.448451"><ele>945.4</ele></trkpt>
   <trkpt lat="68.920066" lon="16.448471"><ele>946.4</ele></trkpt>
   <trkpt lat="68.920067" lon="16.448475"><ele>947.0</ele></trkpt>
   <trkpt lat="68.920068" lon="16.448473"><ele>947.4</ele></trkpt>
   <trkpt lat="68.920081" lon="16.448525"><ele>948.8</ele></trkpt>
   <trkpt lat="68.920086" lon="16.448540"><ele>949.2</ele></trkpt>
   <trkpt lat="68.920091" lon="16.448520"><ele>950.0</ele></trkpt>
   <trkpt lat="68.920102" lon="16.448541"><ele>951.0</ele></trkpt>
   <trkpt lat="68.920106" lon="16.448549"><ele>951.2</ele></trkpt>
   <trkpt lat="68.920124" lon="16.448607"><ele>952.4</ele></trkpt>
   <trkpt lat="68.920133" lon="16.448650"><ele>952.6</ele></trkpt>
   <trkpt lat="68.920147" lon="16.448691"><ele>953.2</ele></trkpt>
   <trkpt lat="68.920147" lon="16.448692"><ele>953.2</ele></trkpt>
   <trkpt lat="68.920140" lon="16.448650"><ele>953.6</ele></trkpt>
   <trkpt lat="68.920144" lon="16.448645"><ele>954.2</ele></trkpt>
   <trkpt lat="68.920148" lon="16.448637"><ele>954.6</ele></trkpt>
   <trkpt lat="68.920148" lon="16.448637"><ele>955.0</ele></trkpt>
   <trkpt lat="68.920148" lon="16.448637"><ele>954.8</ele></trkpt>
   <trkpt lat="68.920148" lon="16.448639"><ele>955.8</ele></trkpt>
   <trkpt lat="68.920149" lon="16.448640"><ele>956.8</ele></trkpt>
   <trkpt lat="68.920153" lon="16.448658"><ele>957.8</ele></trkpt>
   <trkpt lat="68.920171" lon="16.448655"><ele>958.6</ele></trkpt>
   <trkpt lat="68.920178" lon="16.448659"><ele>958.8</ele></trkpt>
   <trkpt lat="68.920182" lon="16.448663"><ele>958.8</ele></trkpt>
   <trkpt lat="68.920184" lon="16.448665"><ele>960.0</ele></trkpt>
   <trkpt lat="68.920184" lon="16.448665"><ele>960.0</ele></trkpt>
   <trkpt lat="68.920191" lon="16.448665"><ele>961.2</ele></trkpt>
   <trkpt lat="68.920213" lon="16.448666"><ele>961.4</ele></trkpt>
   <trkpt lat="68.920224" lon="16.448666"><ele>961.4</ele></trkpt>
   <trkpt lat="68.920253" lon="16.448668"><ele>961.0</ele></trkpt>
   <trkpt lat="68.920263" lon="16.448683"><ele>960.8</ele></trkpt>
   <trkpt lat="68.920264" lon="16.448683"><ele>960.6</ele></trkpt>
   <trkpt lat="68.920264" lon="16.448681"><ele>960.4</ele></trkpt>
   <trkpt lat="68.920263" lon="16.448678"><ele>961.0</ele></trkpt>
   <trkpt lat="68.920264" lon="16.448678"><ele>961.8</ele></trkpt>
   <trkpt lat="68.920264" lon="16.448678"><ele>962.2</ele></trkpt>
   <trkpt lat="68.920264" lon="16.448678"><ele>963.6</ele></trkpt>
   <trkpt lat="68.920264" lon="16.448680"><ele>964.6</ele></trkpt>
   <trkpt lat="68.920267" lon="16.448719"><ele>965.6</ele></trkpt>
   <trkpt lat="68.920287" lon="16.448756"><ele>966.4</ele></trkpt>
   <trkpt lat="68.920308" lon="16.448885"><ele>967.0</ele></trkpt>
   <trkpt lat="68.920339" lon="16.449041"><ele>968.2</ele></trkpt>
   <trkpt lat="68.920350" lon="16.449087"><ele>969.2</ele></trkpt>
   <trkpt lat="68.920352" lon="16.449077"><ele>969.2</ele></trkpt>
   <trkpt lat="68.920352" lon="16.449065"><ele>969.4</ele></trkpt>
   <trkpt lat="68.920354" lon="16.449059"><ele>969.4</ele></trkpt>
   <trkpt lat="68.920356" lon="16.449059"><ele>969.4</ele></trkpt>
   <trkpt lat="68.920369" lon="16.449072"><ele>969.4</ele></trkpt>
   <trkpt lat="68.920355" lon="16.449034"><ele>969.2</ele></trkpt>
   <trkpt lat="68.920350" lon="16.449115"><ele>969.0</ele></trkpt>
   <trkpt lat="68.920336" lon="16.449091"><ele>969.2</ele></trkpt>
   <trkpt lat="68.920334" lon="16.449104"><ele>969.4</ele></trkpt>
   <trkpt lat="68.920319" lon="16.449163"><ele>969.2</ele></trkpt>
   <trkpt lat="68.920321" lon="16.449154"><ele>969.4</ele></trkpt>
   <trkpt lat="68.920321" lon="16.449160"><ele>970.2</ele></trkpt>
   <trkpt lat="68.920324" lon="16.449163"><ele>970.4</ele></trkpt>
   <trkpt lat="68.920324" lon="16.449163"><ele>971.2</ele></trkpt>
   <trkpt lat="68.920324" lon="16.449163"><ele>971.4</ele></trkpt>
   <trkpt lat="68.920324" lon="16.449163"><ele>972.4</ele></trkpt>
   <trkpt lat="68.920346" lon="16.449252"><ele>973.6</ele></trkpt>
   <trkpt lat="68.920348" lon="16.449274"><ele>973.6</ele></trkpt>
   <trkpt lat="68.920365" lon="16.449362"><ele>974.2</ele></trkpt>
   <trkpt lat="68.920373" lon="16.449371"><ele>974.4</ele></trkpt>
   <trkpt lat="68.920376" lon="16.449374"><ele>974.6</ele></trkpt>
   <trkpt lat="68.920381" lon="16.449392"><ele>975.8</ele></trkpt>
   <trkpt lat="68.920380" lon="16.449397"><ele>976.2</ele></trkpt>
   <trkpt lat="68.920380" lon="16.449397"><ele>976.4</ele></trkpt>
   <trkpt lat="68.920379" lon="16.449400"><ele>977.0</ele></trkpt>
   <trkpt lat="68.920368" lon="16.449475"><ele>977.8</ele></trkpt>
   <trkpt lat="68.920364" lon="16.449469"><ele>978.4</ele></trkpt>
   <trkpt lat="68.920350" lon="16.449476"><ele>979.2</ele></trkpt>
   <trkpt lat="68.920346" lon="16.449497"><ele>979.2</ele></trkpt>
   <trkpt lat="68.920344" lon="16.449500"><ele>979.4</ele></trkpt>
   <trkpt lat="68.920336" lon="16.449490"><ele>980.4</ele></trkpt>
   <trkpt lat="68.920335" lon="16.449491"><ele>980.6</ele></trkpt>
   <trkpt lat="68.920329" lon="16.449477"><ele>980.8</ele></trkpt>
   <trkpt lat="68.920323" lon="16.449453"><ele>980.6</ele></trkpt>
   <trkpt lat="68.920329" lon="16.449456"><ele>980.0</ele></trkpt>
   <trkpt lat="68.920330" lon="16.449456"><ele>980.0</ele></trkpt>
   <trkpt lat="68.920341" lon="16.449494"><ele>979.8</ele></trkpt>
   <trkpt lat="68.920344" lon="16.449508"><ele>980.0</ele></trkpt>
   <trkpt lat="68.920346" lon="16.449516"><ele>980.0</ele></trkpt>
   <trkpt lat="68.920346" lon="16.449517"><ele>980.2</ele></trkpt>
   <trkpt lat="68.920346" lon="16.449517"><ele>980.2</ele></trkpt>
   <trkpt lat="68.920346" lon="16.449517"><ele>980.4</ele></trkpt>
   <trkpt lat="68.920345" lon="16.449516"><ele>980.4</ele></trkpt>
   <trkpt lat="68.920343" lon="16.449515"><ele>980.4</ele></trkpt>
   <trkpt lat="68.920343" lon="16.449515"><ele>980.4</ele></trkpt>
   <trkpt lat="68.920343" lon="16.449516"><ele>980.6</ele></trkpt>
   <trkpt lat="68.920346" lon="16.449519"><ele>980.6</ele></trkpt>
   <trkpt lat="68.920346" lon="16.449546"><ele>980.6</ele></trkpt>
   <trkpt lat="68.920347" lon="16.449546"><ele>980.8</ele></trkpt>
   <trkpt lat="68.920347" lon="16.449566"><ele>980.8</ele></trkpt>
   <trkpt lat="68.920350" lon="16.449577"><ele>981.2</ele></trkpt>
   <trkpt lat="68.920344" lon="16.449554"><ele>981.4</ele></trkpt>
   <trkpt lat="68.920340" lon="16.449542"><ele>981.4</ele></trkpt>
   <trkpt lat="68.920326" lon="16.449499"><ele>981.4</ele></trkpt>
   <trkpt lat="68.920319" lon="16.449503"><ele>981.6</ele></trkpt>
   <trkpt lat="68.920320" lon="16.449508"><ele>981.8</ele></trkpt>
   <trkpt lat="68.920320" lon="16.449535"><ele>981.8</ele></trkpt>
   <trkpt lat="68.920319" lon="16.449534"><ele>981.8</ele></trkpt>
   <trkpt lat="68.920319" lon="16.449534"><ele>981.6</ele></trkpt>
   <trkpt lat="68.920311" lon="16.449487"><ele>981.0</ele></trkpt>
   <trkpt lat="68.920305" lon="16.449468"><ele>981.2</ele></trkpt>
   <trkpt lat="68.920304" lon="16.449509"><ele>981.8</ele></trkpt>
   <trkpt lat="68.920291" lon="16.449491"><ele>981.4</ele></trkpt>
   <trkpt lat="68.920295" lon="16.449520"><ele>981.8</ele></trkpt>
   <trkpt lat="68.920295" lon="16.449527"><ele>982.2</ele></trkpt>
   <trkpt lat="68.920295" lon="16.449543"><ele>982.4</ele></trkpt>
   <trkpt lat="68.920300" lon="16.449529"><ele>982.6</ele></trkpt>
   <trkpt lat="68.920298" lon="16.449515"><ele>983.2</ele></trkpt>
   <trkpt lat="68.920298" lon="16.449515"><ele>983.2</ele></trkpt>
   <trkpt lat="68.920298" lon="16.449529"><ele>983.6</ele></trkpt>
   <trkpt lat="68.920299" lon="16.449542"><ele>984.6</ele></trkpt>
   <trkpt lat="68.920303" lon="16.449560"><ele>985.0</ele></trkpt>
   <trkpt lat="68.920305" lon="16.449611"><ele>984.2</ele></trkpt>
   <trkpt lat="68.920315" lon="16.449706"><ele>984.0</ele></trkpt>
   <trkpt lat="68.920324" lon="16.449770"><ele>984.4</ele></trkpt>
   <trkpt lat="68.920322" lon="16.449756"><ele>985.0</ele></trkpt>
   <trkpt lat="68.920300" lon="16.449741"><ele>985.6</ele></trkpt>
   <trkpt lat="68.920281" lon="16.449761"><ele>986.8</ele></trkpt>
   <trkpt lat="68.920273" lon="16.449807"><ele>987.8</ele></trkpt>
   <trkpt lat="68.920278" lon="16.449821"><ele>988.0</ele></trkpt>
   <trkpt lat="68.920288" lon="16.449821"><ele>988.4</ele></trkpt>
   <trkpt lat="68.920292" lon="16.449778"><ele>988.8</ele></trkpt>
   <trkpt lat="68.920297" lon="16.449767"><ele>989.4</ele></trkpt>
   <trkpt lat="68.920300" lon="16.449768"><ele>989.6</ele></trkpt>
   <trkpt lat="68.920300" lon="16.449768"><ele>989.6</ele></trkpt>
   <trkpt lat="68.920300" lon="16.449768"><ele>989.6</ele></trkpt>
   <trkpt lat="68.920300" lon="16.449768"><ele>990.0</ele></trkpt>
   <trkpt lat="68.920305" lon="16.449768"><ele>990.8</ele></trkpt>
   <trkpt lat="68.920308" lon="16.449777"><ele>991.2</ele></trkpt>
   <trkpt lat="68.920311" lon="16.449778"><ele>992.2</ele></trkpt>
   <trkpt lat="68.920341" lon="16.449777"><ele>992.6</ele></trkpt>
   <trkpt lat="68.920351" lon="16.449775"><ele>992.4</ele></trkpt>
   <trkpt lat="68.920353" lon="16.449774"><ele>992.6</ele></trkpt>
   <trkpt lat="68.920363" lon="16.449774"><ele>992.6</ele></trkpt>
   <trkpt lat="68.920366" lon="16.449772"><ele>992.6</ele></trkpt>
   <trkpt lat="68.920366" lon="16.449769"><ele>992.4</ele></trkpt>
   <trkpt lat="68.920366" lon="16.449763"><ele>992.2</ele></trkpt>
   <trkpt lat="68.920364" lon="16.449757"><ele>992.2</ele></trkpt>
   <trkpt lat="68.920363" lon="16.449751"><ele>992.6</ele></trkpt>
   <trkpt lat="68.920355" lon="16.449728"><ele>992.8</ele></trkpt>
   <trkpt lat="68.920354" lon="16.449724"><ele>993.0</ele></trkpt>
   <trkpt lat="68.920353" lon="16.449723"><ele>992.4</ele></trkpt>
   <trkpt lat="68.920353" lon="16.449723"><ele>992.0</ele></trkpt>
   <trkpt lat="68.920351" lon="16.449719"><ele>991.8</ele></trkpt>
   <trkpt lat="68.920343" lon="16.449716"><ele>991.6</ele></trkpt>
   <trkpt lat="68.920340" lon="16.449712"><ele>991.4</ele></trkpt>
   <trkpt lat="68.920335" lon="16.449709"><ele>991.4</ele></trkpt>
   <trkpt lat="68.920335" lon="16.449704"><ele>991.6</ele></trkpt>
   <trkpt lat="68.920335" lon="16.449703"><ele>991.6</ele></trkpt>
   <trkpt lat="68.920336" lon="16.449701"><ele>991.6</ele></trkpt>
   <trkpt lat="68.920346" lon="16.449701"><ele>992.2</ele></trkpt>
   <trkpt lat="68.920358" lon="16.449711"><ele>992.2</ele></trkpt>
   <trkpt lat="68.920361" lon="16.449749"><ele>992.4</ele></trkpt>
   <trkpt lat="68.920361" lon="16.449772"><ele>992.4</ele></trkpt>
   <trkpt lat="68.920362" lon="16.449778"><ele>992.2</ele></trkpt>
   <trkpt lat="68.920362" lon="16.449779"><ele>991.8</ele></trkpt>
   <trkpt lat="68.920363" lon="16.449779"><ele>992.0</ele></trkpt>
   <trkpt lat="68.920365" lon="16.449775"><ele>992.2</ele></trkpt>
   <trkpt lat="68.920367" lon="16.449771"><ele>992.2</ele></trkpt>
   <trkpt lat="68.920368" lon="16.449768"><ele>992.4</ele></trkpt>
   <trkpt lat="68.920368" lon="16.449768"><ele>992.4</ele></trkpt>
   <trkpt lat="68.920368" lon="16.449766"><ele>992.2</ele></trkpt>
   <trkpt lat="68.920368" lon="16.449767"><ele>992.2</ele></trkpt>
   <trkpt lat="68.920367" lon="16.449766"><ele>991.6</ele></trkpt>
   <trkpt lat="68.920367" lon="16.449765"><ele>991.6</ele></trkpt>
   <trkpt lat="68.920367" lon="16.449765"><ele>991.2</ele></trkpt>
   <trkpt lat="68.920367" lon="16.449765"><ele>991.0</ele></trkpt>
   <trkpt lat="68.920367" lon="16.449764"><ele>991.2</ele></trkpt>
   <trkpt lat="68.920367" lon="16.449764"><ele>991.4</ele></trkpt>
   <trkpt lat="68.920367" lon="16.449763"><ele>992.0</ele></trkpt>
   <trkpt lat="68.920367" lon="16.449763"><ele>992.2</ele></trkpt>
   <trkpt lat="68.920367" lon="16.449763"><ele>992.2</ele></trkpt>
   <trkpt lat="68.920367" lon="16.449763"><ele>992.2</ele></trkpt>
   <trkpt lat="68.920367" lon="16.449763"><ele>992.4</ele></trkpt>
   <trkpt lat="68.920367" lon="16.449763"><ele>993.2</ele></trkpt>
   <trkpt lat="68.920367" lon="16.449763"><ele>993.2</ele></trkpt>
   <trkpt lat="68.920366" lon="16.449763"><ele>993.2</ele></trkpt>
   <trkpt lat="68.920366" lon="16.449762"><ele>992.8</ele></trkpt>
   <trkpt lat="68.920366" lon="16.449762"><ele>992.2</ele></trkpt>
   <trkpt lat="68.920366" lon="16.449762"><ele>992.0</ele></trkpt>
   <trkpt lat="68.920366" lon="16.449762"><ele>992.8</ele></trkpt>
   <trkpt lat="68.920366" lon="16.449762"><ele>992.6</ele></trkpt>
   <trkpt lat="68.920366" lon="16.449763"><ele>992.8</ele></trkpt>
   <trkpt lat="68.920365" lon="16.449763"><ele>992.8</ele></trkpt>
   <trkpt lat="68.920365" lon="16.449764"><ele>992.8</ele></trkpt>
   <trkpt lat="68.920365" lon="16.449764"><ele>992.6</ele></trkpt>
   <trkpt lat="68.920365" lon="16.449764"><ele>992.6</ele></trkpt>
   <trkpt lat="68.920365" lon="16.449764"><ele>992.8</ele></trkpt>
   <trkpt lat="68.920365" lon="16.449764"><ele>992.6</ele></trkpt>
   <trkpt lat="68.920365" lon="16.449764"><ele>992.0</ele></trkpt>
   <trkpt lat="68.920365" lon="16.449764"><ele>992.0</ele></trkpt>
   <trkpt lat="68.920364" lon="16.449764"><ele>992.2</ele></trkpt>
   <trkpt lat="68.920364" lon="16.449764"><ele>992.0</ele></trkpt>
   <trkpt lat="68.920364" lon="16.449764"><ele>992.4</ele></trkpt>
   <trkpt lat="68.920364" lon="16.449764"><ele>991.8</ele></trkpt>
   <trkpt lat="68.920364" lon="16.449764"><ele>991.8</ele></trkpt>
   <trkpt lat="68.920364" lon="16.449764"><ele>991.6</ele></trkpt>
   <trkpt lat="68.920364" lon="16.449764"><ele>991.2</ele></trkpt>
   <trkpt lat="68.920364" lon="16.449764"><ele>991.0</ele></trkpt>
   <trkpt lat="68.920363" lon="16.449764"><ele>990.8</ele></trkpt>
   <trkpt lat="68.920363" lon="16.449764"><ele>990.6</ele></trkpt>
   <trkpt lat="68.920363" lon="16.449764"><ele>990.6</ele></trkpt>
   <trkpt lat="68.920363" lon="16.449764"><ele>990.8</ele></trkpt>
   <trkpt lat="68.920363" lon="16.449763"><ele>991.0</ele></trkpt>
   <trkpt lat="68.920363" lon="16.449763"><ele>991.0</ele></trkpt>
   <trkpt lat="68.920362" lon="16.449764"><ele>990.8</ele></trkpt>
   <trkpt lat="68.920362" lon="16.449764"><ele>990.0</ele></trkpt>
   <trkpt lat="68.920362" lon="16.449763"><ele>989.2</ele></trkpt>
   <trkpt lat="68.920362" lon="16.449763"><ele>988.8</ele></trkpt>
   <trkpt lat="68.920362" lon="16.449763"><ele>987.8</ele></trkpt>
   <trkpt lat="68.920362" lon="16.449762"><ele>987.0</ele></trkpt>
   <trkpt lat="68.920362" lon="16.449762"><ele>986.8</ele></trkpt>
   <trkpt lat="68.920363" lon="16.449761"><ele>986.0</ele></trkpt>
   <trkpt lat="68.920363" lon="16.449761"><ele>986.0</ele></trkpt>
   <trkpt lat="68.920363" lon="16.449761"><ele>986.4</ele></trkpt>
   <trkpt lat="68.920364" lon="16.449761"><ele>986.0</ele></trkpt>
   <trkpt lat="68.920364" lon="16.449762"><ele>985.8</ele></trkpt>
   <trkpt lat="68.920364" lon="16.449761"><ele>985.2</ele></trkpt>
   <trkpt lat="68.920365" lon="16.449761"><ele>984.8</ele></trkpt>
   <trkpt lat="68.920365" lon="16.449761"><ele>984.2</ele></trkpt>
   <trkpt lat="68.920365" lon="16.449760"><ele>983.6</ele></trkpt>
   <trkpt lat="68.920366" lon="16.449761"><ele>983.2</ele></trkpt>
   <trkpt lat="68.920366" lon="16.449761"><ele>983.0</ele></trkpt>
   <trkpt lat="68.920367" lon="16.449761"><ele>982.6</ele></trkpt>
   <trkpt lat="68.920368" lon="16.449761"><ele>982.0</ele></trkpt>
   <trkpt lat="68.920370" lon="16.449761"><ele>981.8</ele></trkpt>
   <trkpt lat="68.920370" lon="16.449762"><ele>981.6</ele></trkpt>
   <trkpt lat="68.920372" lon="16.449762"><ele>981.8</ele></trkpt>
   <trkpt lat="68.920373" lon="16.449762"><ele>982.0</ele></trkpt>
   <trkpt lat="68.920375" lon="16.449764"><ele>982.0</ele></trkpt>
   <trkpt lat="68.920376" lon="16.449764"><ele>982.6</ele></trkpt>
   <trkpt lat="68.920377" lon="16.449766"><ele>983.4</ele></trkpt>
   <trkpt lat="68.920378" lon="16.449766"><ele>983.8</ele></trkpt>
   <trkpt lat="68.920449" lon="16.449863"><ele>985.0</ele></trkpt>
   <trkpt lat="68.920525" lon="16.449961"><ele>985.8</ele></trkpt>
   <trkpt lat="68.920553" lon="16.449997"><ele>986.2</ele></trkpt>
   <trkpt lat="68.920648" lon="16.450153"><ele>986.8</ele></trkpt>
   <trkpt lat="68.920657" lon="16.450171"><ele>987.2</ele></trkpt>
   <trkpt lat="68.920662" lon="16.450176"><ele>987.4</ele></trkpt>
   <trkpt lat="68.920675" lon="16.450218"><ele>988.6</ele></trkpt>
   <trkpt lat="68.920675" lon="16.450222"><ele>988.8</ele></trkpt>
   <trkpt lat="68.920682" lon="16.450250"><ele>989.8</ele></trkpt>
   <trkpt lat="68.920686" lon="16.450277"><ele>990.0</ele></trkpt>
   <trkpt lat="68.920694" lon="16.450279"><ele>990.2</ele></trkpt>
   <trkpt lat="68.920694" lon="16.450279"><ele>990.8</ele></trkpt>
   <trkpt lat="68.920694" lon="16.450279"><ele>991.6</ele></trkpt>
   <trkpt lat="68.920694" lon="16.450279"><ele>991.8</ele></trkpt>
   <trkpt lat="68.920698" lon="16.450289"><ele>993.0</ele></trkpt>
   <trkpt lat="68.920699" lon="16.450294"><ele>993.0</ele></trkpt>
   <trkpt lat="68.920704" lon="16.450307"><ele>994.0</ele></trkpt>
   <trkpt lat="68.920705" lon="16.450354"><ele>994.6</ele></trkpt>
   <trkpt lat="68.920705" lon="16.450360"><ele>995.2</ele></trkpt>
   <trkpt lat="68.920706" lon="16.450366"><ele>996.4</ele></trkpt>
   <trkpt lat="68.920706" lon="16.450375"><ele>996.4</ele></trkpt>
   <trkpt lat="68.920704" lon="16.450402"><ele>997.0</ele></trkpt>
   <trkpt lat="68.920702" lon="16.450405"><ele>997.4</ele></trkpt>
   <trkpt lat="68.920696" lon="16.450421"><ele>998.4</ele></trkpt>
   <trkpt lat="68.920683" lon="16.450433"><ele>999.4</ele></trkpt>
   <trkpt lat="68.920683" lon="16.450460"><ele>1000.4</ele></trkpt>
   <trkpt lat="68.920683" lon="16.450463"><ele>1000.6</ele></trkpt>
   <trkpt lat="68.920683" lon="16.450478"><ele>1001.6</ele></trkpt>
   <trkpt lat="68.920683" lon="16.450482"><ele>1001.6</ele></trkpt>
   <trkpt lat="68.920687" lon="16.450496"><ele>1002.8</ele></trkpt>
   <trkpt lat="68.920687" lon="16.450516"><ele>1003.8</ele></trkpt>
   <trkpt lat="68.920687" lon="16.450574"><ele>1004.4</ele></trkpt>
   <trkpt lat="68.920687" lon="16.450627"><ele>1004.4</ele></trkpt>
   <trkpt lat="68.920686" lon="16.450676"><ele>1004.4</ele></trkpt>
   <trkpt lat="68.920685" lon="16.450684"><ele>1004.4</ele></trkpt>
   <trkpt lat="68.920684" lon="16.450685"><ele>1004.4</ele></trkpt>
   <trkpt lat="68.920684" lon="16.450685"><ele>1005.0</ele></trkpt>
   <trkpt lat="68.920683" lon="16.450686"><ele>1005.2</ele></trkpt>
   <trkpt lat="68.920683" lon="16.450688"><ele>1005.2</ele></trkpt>
   <trkpt lat="68.920683" lon="16.450687"><ele>1005.6</ele></trkpt>
   <trkpt lat="68.920684" lon="16.450684"><ele>1005.4</ele></trkpt>
   <trkpt lat="68.920687" lon="16.450684"><ele>1006.0</ele></trkpt>
   <trkpt lat="68.920687" lon="16.450683"><ele>1006.0</ele></trkpt>
   <trkpt lat="68.920690" lon="16.450680"><ele>1005.8</ele></trkpt>
   <trkpt lat="68.920692" lon="16.450678"><ele>1005.4</ele></trkpt>
   <trkpt lat="68.920693" lon="16.450677"><ele>1005.2</ele></trkpt>
   <trkpt lat="68.920693" lon="16.450676"><ele>1005.2</ele></trkpt>
   <trkpt lat="68.920694" lon="16.450675"><ele>1005.6</ele></trkpt>
   <trkpt lat="68.920694" lon="16.450675"><ele>1005.6</ele></trkpt>
   <trkpt lat="68.920694" lon="16.450675"><ele>1005.4</ele></trkpt>
   <trkpt lat="68.920694" lon="16.450676"><ele>1005.6</ele></trkpt>
   <trkpt lat="68.920694" lon="16.450677"><ele>1005.2</ele></trkpt>
   <trkpt lat="68.920694" lon="16.450677"><ele>1005.2</ele></trkpt>
   <trkpt lat="68.920694" lon="16.450677"><ele>1005.2</ele></trkpt>
   <trkpt lat="68.920694" lon="16.450677"><ele>1005.2</ele></trkpt>
   <trkpt lat="68.920694" lon="16.450678"><ele>1005.2</ele></trkpt>
   <trkpt lat="68.920695" lon="16.450679"><ele>1005.6</ele></trkpt>
   <trkpt lat="68.920695" lon="16.450679"><ele>1005.6</ele></trkpt>
   <trkpt lat="68.920695" lon="16.450680"><ele>1005.8</ele></trkpt>
   <trkpt lat="68.920695" lon="16.450680"><ele>1005.6</ele></trkpt>
   <trkpt lat="68.920695" lon="16.450681"><ele>1005.6</ele></trkpt>
   <trkpt lat="68.920695" lon="16.450681"><ele>1005.6</ele></trkpt>
   <trkpt lat="68.920695" lon="16.450682"><ele>1005.8</ele></trkpt>
   <trkpt lat="68.920695" lon="16.450683"><ele>1005.8</ele></trkpt>
   <trkpt lat="68.920696" lon="16.450684"><ele>1006.0</ele></trkpt>
   <trkpt lat="68.920696" lon="16.450684"><ele>1006.0</ele></trkpt>
   <trkpt lat="68.920696" lon="16.450684"><ele>1006.0</ele></trkpt>
   <trkpt lat="68.920696" lon="16.450685"><ele>1006.2</ele></trkpt>
   <trkpt lat="68.920696" lon="16.450685"><ele>1006.2</ele></trkpt>
   <trkpt lat="68.920696" lon="16.450686"><ele>1006.2</ele></trkpt>
   <trkpt lat="68.920696" lon="16.450686"><ele>1006.2</ele></trkpt>
   <trkpt lat="68.920697" lon="16.450687"><ele>1006.8</ele></trkpt>
   <trkpt lat="68.920697" lon="16.450687"><ele>1007.0</ele></trkpt>
   <trkpt lat="68.920697" lon="16.450689"><ele>1007.6</ele></trkpt>
   <trkpt lat="68.920698" lon="16.450690"><ele>1008.2</ele></trkpt>
   <trkpt lat="68.920699" lon="16.450692"><ele>1009.0</ele></trkpt>
   <trkpt lat="68.920699" lon="16.450693"><ele>1009.4</ele></trkpt>
   <trkpt lat="68.920699" lon="16.450696"><ele>1009.8</ele></trkpt>
   <trkpt lat="68.920700" lon="16.450699"><ele>1010.0</ele></trkpt>
   <trkpt lat="68.920700" lon="16.450700"><ele>1010.0</ele></trkpt>
   <trkpt lat="68.920701" lon="16.450703"><ele>1010.0</ele></trkpt>
   <trkpt lat="68.920702" lon="16.450705"><ele>1010.0</ele></trkpt>
   <trkpt lat="68.920702" lon="16.450706"><ele>1010.0</ele></trkpt>
   <trkpt lat="68.920702" lon="16.450708"><ele>1009.8</ele></trkpt>
   <trkpt lat="68.920703" lon="16.450711"><ele>1009.8</ele></trkpt>
   <trkpt lat="68.920704" lon="16.450714"><ele>1009.8</ele></trkpt>
   <trkpt lat="68.920704" lon="16.450717"><ele>1010.0</ele></trkpt>
   <trkpt lat="68.920705" lon="16.450719"><ele>1009.8</ele></trkpt>
   <trkpt lat="68.920705" lon="16.450722"><ele>1010.0</ele></trkpt>
   <trkpt lat="68.920705" lon="16.450723"><ele>1010.0</ele></trkpt>
   <trkpt lat="68.920706" lon="16.450724"><ele>1010.2</ele></trkpt>
   <trkpt lat="68.920706" lon="16.450725"><ele>1010.2</ele></trkpt>
   <trkpt lat="68.920707" lon="16.450727"><ele>1010.0</ele></trkpt>
   <trkpt lat="68.920707" lon="16.450729"><ele>1009.8</ele></trkpt>
   <trkpt lat="68.920708" lon="16.450732"><ele>1010.0</ele></trkpt>
   <trkpt lat="68.920708" lon="16.450734"><ele>1010.0</ele></trkpt>
   <trkpt lat="68.920708" lon="16.450735"><ele>1010.2</ele></trkpt>
   <trkpt lat="68.920708" lon="16.450736"><ele>1010.2</ele></trkpt>
   <trkpt lat="68.920708" lon="16.450737"><ele>1010.4</ele></trkpt>
   <trkpt lat="68.920709" lon="16.450739"><ele>1010.4</ele></trkpt>
   <trkpt lat="68.920709" lon="16.450741"><ele>1010.6</ele></trkpt>
   <trkpt lat="68.920710" lon="16.450743"><ele>1010.4</ele></trkpt>
   <trkpt lat="68.920710" lon="16.450745"><ele>1010.6</ele></trkpt>
   <trkpt lat="68.920711" lon="16.450747"><ele>1010.8</ele></trkpt>
   <trkpt lat="68.920711" lon="16.450748"><ele>1011.0</ele></trkpt>
   <trkpt lat="68.920712" lon="16.450750"><ele>1010.8</ele></trkpt>
   <trkpt lat="68.920712" lon="16.450751"><ele>1010.8</ele></trkpt>
   <trkpt lat="68.920713" lon="16.450753"><ele>1010.2</ele></trkpt>
   <trkpt lat="68.920713" lon="16.450755"><ele>1009.8</ele></trkpt>
   <trkpt lat="68.920714" lon="16.450756"><ele>1009.8</ele></trkpt>
   <trkpt lat="68.920714" lon="16.450757"><ele>1010.0</ele></trkpt>
   <trkpt lat="68.920714" lon="16.450757"><ele>1010.0</ele></trkpt>
   <trkpt lat="68.920714" lon="16.450758"><ele>1009.8</ele></trkpt>
   <trkpt lat="68.920714" lon="16.450759"><ele>1009.8</ele></trkpt>
   <trkpt lat="68.920714" lon="16.450759"><ele>1009.8</ele></trkpt>
   <trkpt lat="68.920714" lon="16.450759"><ele>1009.8</ele></trkpt>
   <trkpt lat="68.920715" lon="16.450761"><ele>1010.2</ele></trkpt>
   <trkpt lat="68.920715" lon="16.450762"><ele>1009.8</ele></trkpt>
   <trkpt lat="68.920715" lon="16.450763"><ele>1009.6</ele></trkpt>
   <trkpt lat="68.920716" lon="16.450764"><ele>1009.6</ele></trkpt>
   <trkpt lat="68.920716" lon="16.450765"><ele>1010.2</ele></trkpt>
   <trkpt lat="68.920716" lon="16.450767"><ele>1010.0</ele></trkpt>
   <trkpt lat="68.920717" lon="16.450768"><ele>1009.8</ele></trkpt>
   <trkpt lat="68.920717" lon="16.450770"><ele>1009.2</ele></trkpt>
   <trkpt lat="68.920717" lon="16.450771"><ele>1009.0</ele></trkpt>
   <trkpt lat="68.920718" lon="16.450773"><ele>1009.4</ele></trkpt>
   <trkpt lat="68.920718" lon="16.450775"><ele>1009.6</ele></trkpt>
   <trkpt lat="68.920719" lon="16.450777"><ele>1009.4</ele></trkpt>
   <trkpt lat="68.920719" lon="16.450779"><ele>1009.4</ele></trkpt>
   <trkpt lat="68.920719" lon="16.450780"><ele>1009.2</ele></trkpt>
   <trkpt lat="68.920719" lon="16.450781"><ele>1009.2</ele></trkpt>
   <trkpt lat="68.920720" lon="16.450783"><ele>1009.4</ele></trkpt>
   <trkpt lat="68.920720" lon="16.450784"><ele>1009.6</ele></trkpt>
   <trkpt lat="68.920720" lon="16.450785"><ele>1009.6</ele></trkpt>
   <trkpt lat="68.920720" lon="16.450786"><ele>1009.8</ele></trkpt>
   <trkpt lat="68.920721" lon="16.450787"><ele>1009.8</ele></trkpt>
   <trkpt lat="68.920721" lon="16.450788"><ele>1010.0</ele></trkpt>
   <trkpt lat="68.920722" lon="16.450789"><ele>1010.0</ele></trkpt>
   <trkpt lat="68.920722" lon="16.450790"><ele>1010.2</ele></trkpt>
   <trkpt lat="68.920723" lon="16.450791"><ele>1010.2</ele></trkpt>
   <trkpt lat="68.920723" lon="16.450792"><ele>1010.0</ele></trkpt>
   <trkpt lat="68.920723" lon="16.450793"><ele>1010.2</ele></trkpt>
   <trkpt lat="68.920723" lon="16.450793"><ele>1010.0</ele></trkpt>
   <trkpt lat="68.920724" lon="16.450794"><ele>1010.2</ele></trkpt>
   <trkpt lat="68.920724" lon="16.450796"><ele>1010.0</ele></trkpt>
   <trkpt lat="68.920724" lon="16.450797"><ele>1010.0</ele></trkpt>
   <trkpt lat="68.920725" lon="16.450798"><ele>1010.0</ele></trkpt>
   <trkpt lat="68.920725" lon="16.450800"><ele>1010.2</ele></trkpt>
   <trkpt lat="68.920725" lon="16.450801"><ele>1010.0</ele></trkpt>
   <trkpt lat="68.920725" lon="16.450801"><ele>1010.2</ele></trkpt>
   <trkpt lat="68.920726" lon="16.450802"><ele>1010.4</ele></trkpt>
   <trkpt lat="68.920726" lon="16.450803"><ele>1011.0</ele></trkpt>
   <trkpt lat="68.920726" lon="16.450804"><ele>1010.4</ele></trkpt>
   <trkpt lat="68.920727" lon="16.450805"><ele>1010.4</ele></trkpt>
   <trkpt lat="68.920727" lon="16.450806"><ele>1011.4</ele></trkpt>
  </trkseg>
 </trk>
</gpx>
